user_id,install_ts,campaign_id
c25b3f36ef32ceaf23be7ea6d7c2b64d,2022-11-18 09:11:25.569,18725479090
4b2b59bb07d90ba9c11053d2603d5fe3,2022-11-18 16:17:34.011,14318431803
1bcb3cfea8c708ea07da2082bb2ccdb4,2022-11-18 13:09:16.406,14318431803
4be4a66c34e2bb1ef56aa7e26bbdc788,2022-11-18 03:13:46.472,18725479090
43cf00580b65f44b85ab5ea15e1b988d,2022-11-18 04:27:28.391,18725479090
21c55c2d1f72547ebc31bed8692d27b7,2022-11-18 06:14:24.529,14318431803
6a561b27d28c4827eba8a342e270773b,2022-11-18 03:33:46.553,18529088791
ca4a1a01f38ceee7e5bf469b7cac043c,2022-11-18 10:35:35.338,14318431803
bbd21091397b43a6d4bbf1fca441c566,2022-11-18 03:32:20.893,14318431803
3e151f0350236a88d9981b34f0f4fbd4,2022-11-18 04:10:42.483,14318431803
27ac008650bb0be4d1697e8323aeb1e4,2022-11-18 18:19:02.922,18340470460
7948ff72bf211a46743efed08ceb736f,2022-11-18 07:41:05.252,18529088791
81bf9ddcfdedba704225f5e11214393a,2022-11-18 15:06:10.401,18529088791
71fac2abf7aa985c91caa83311109f82,2022-11-18 06:08:13.492,18529088791
ec68074bf1a6a3692609231afb9f18b3,2022-11-18 11:15:37.859,14318431803
6daae1f606e954fe413b80994245d7c1,2022-11-18 03:19:51.444,14318431803
fdf7f00dc355a231f25a7e009dd8af36,2022-11-18 03:13:29.598,14318431803
a6ee9e791523a55b98c27eff2a092e8b,2022-11-18 11:42:51.125,14318431803
326268a5a8e45e5097e63691f029ddef,2022-11-18 06:13:50.067,14318431803
5a73199d4d57b1b709755fbe69ba0aea,2022-11-18 10:35:41.736,18725479090
e3c367d754e95f6da93d6031e54c2756,2022-11-18 16:27:16.581,18725479090
82c7b85995e3f6d89ef63ae56b082519,2022-11-18 05:28:44.583,14318431803
d17d9de3bcffb40271fe52967f4be1c2,2022-11-18 07:23:08.025,14318431803
efed04631315ed8be38207b0b88c515b,2022-11-18 11:24:05.548,14318431803
6628c45dd6ad9c26eff5a9ed02210198,2022-11-18 05:55:01.150,14318431803
54f70cbf0c95caf4abff31af089a1766,2022-11-18 01:39:31.222,18529088791
e6183e06a2a9f8e774ed969822dbf7fa,2022-11-18 03:55:36.787,14318431803
2302c0e66760cfc309aff79d43749f83,2022-11-18 04:57:13.442,14318431803
189b0fb9e03f54c5b529b9bc2d3bee6a,2022-11-18 08:35:12.988,18725479090
905ca709d1e6c57f53803727f7bec943,2022-11-18 05:08:02.118,18340470460
f19741bf39c67680a4da32d1b8bc125f,2022-11-18 07:23:32.512,18796908459
20e4672a32f22d45887051e92103ff28,2022-11-18 15:59:52.240,18529088791
e598e8d19164e82265988c7acce89db5,2022-11-18 16:52:44.239,18340470460
0a04c6daea7e9e47442078797e703057,2022-11-18 04:50:03.349,18725479090
3a8256b31d7984e9a468098f7e709da5,2022-11-18 21:02:19.012,15692110275
356491ebd2a023d1f694cb4e24c55808,2022-11-18 15:23:19.055,14318431803
283c9d0ea07149fe0d3ede7b05d246dd,2022-11-18 17:08:39.774,18725479090
b7fb6337646b67dee5bb4ceb81f24c1d,2022-11-18 14:19:43.166,14318431803
bc9825f51d260f613ba773ef7ed98ee8,2022-11-18 13:47:05.895,18529088791
188f4a85a81e3ecbf8d1e77ccf160a46,2022-11-18 07:21:24.955,18796908459
3f86f2b5ead4becc64941220c2ddc0a1,2022-11-18 21:48:57.549,18725479090
5e0be523b3f93de376cf441f93a1ff12,2022-11-18 20:53:22.277,18725479090
822b528f613c957c86bd49e727694109,2022-11-18 13:17:22.467,14318431803
c1c3a64bd35c84cd34857885ee6c7646,2022-11-18 10:52:18.815,14318431803
1e6edd5f4855d610ccde88834a362d71,2022-11-18 09:40:23.270,18725479090
077653bf8befa220dd544fdae6cfc3a8,2022-11-18 17:21:04.123,14318431803
b65f5fea7b2be5464e77e58b32c1e6f0,2022-11-18 21:12:50.835,18725479090
ef1cab972b846b4b5154eb422d42ccca,2022-11-18 22:00:42.487,18529088791
345e563f6f24d4c7ff48aa83b71513b3,2022-11-18 18:07:45.825,14318431803
765aa45c1d227a1e4f7c0346c67ebf6e,2022-11-18 18:20:22.254,14318431803
0ff71138d07f2e22d5c00faa9c97a501,2022-11-18 01:59:18.524,18725479090
be376173336990017cac655659a64808,2022-11-18 11:36:53.889,14318431803
b5b77a35384cb6df157f5a1836f4853f,2022-11-18 04:45:41.178,18725479090
29071f5a020ee67b2e2e3c2132aeeab6,2022-11-18 10:49:31.996,14318431803
25c5e8b6966360b2ba8e6b4239ed7a43,2022-11-18 11:26:56.769,14318431803
1c796cfd85046b596ab9306f86bffa95,2022-11-18 07:19:17.191,14318431803
89683874e39c2453b8aadb2a88806439,2022-11-18 10:17:01.521,14318431803
2b9347ff7d5ed4ad749de9e8e2a7809e,2022-11-18 05:51:36.272,14318431803
fe66228dc68d2157defbf88ebee169bb,2022-11-18 08:49:40.597,14318431803
4b5e146a795905ff002d895a5a328901,2022-11-18 06:24:57.391,14318431803
1b89f6ab4838271622848e09e3e5b549,2022-11-18 16:27:15.662,14318431803
a1cc48ffbb1422f150167f7e3968027c,2022-11-18 16:16:19.022,18529088791
319be5fa62ee975175d4c66e8b7d1c5a,2022-11-18 12:26:16.644,18725479090
e58bc31ac9fdfb7d8504ecffde17b37d,2022-11-18 07:07:31.392,14318431803
227eb7476908e119f953afc26ccb1f4a,2022-11-18 07:46:32.603,18725479090
b73585f228eb1359b6dae72d9a0d49db,2022-11-18 08:30:55.199,14318431803
73f7dcad50b21290ad0aba1f641ebf41,2022-11-18 18:44:23.474,14318431803
8f419e335b87a0a0eacc07265ce15e4f,2022-11-18 19:46:58.794,14318431803
56f87d1558aaf5dd1b1cf1b9aec04595,2022-11-18 13:51:24.651,18529088791
75183ffd89281b7aa5a44c7d61da0a70,2022-11-18 09:19:27.184,14318431803
50bb4e59f42fc1b1889a8f59a908d577,2022-11-18 14:08:20.612,18529088791
c9d497fac00352c79f0500322bd4627b,2022-11-18 12:28:41.348,14318431803
856c23195e45bcc81c50e573979454ec,2022-11-18 17:00:25.553,14318431803
0deda75ec6b8b10fab404af841824798,2022-11-18 16:36:23.578,14318431803
3906cd3b6707dfa3773ba6a3dd4e7f2c,2022-11-18 10:52:44.184,14318431803
36056ffc715293d44963f3be86f79f23,2022-11-18 08:47:39.411,14318431803
a4af14fc847a3233121333cce34606e4,2022-11-18 07:16:48.989,18725479090
bbd1a318500a5333b6b2e1138a9e071d,2022-11-18 03:28:17.552,18725479090
0fb7c18e961d916225e92a5620b83c9b,2022-11-18 06:43:37.609,18725479090
0e24ab1910e9ce752a8be8100450e4e8,2022-11-18 05:21:24.505,18340470460
16aae22fa33916de85495dbe6f19e383,2022-11-18 01:27:52.521,18529088791
ec4904d17528f5d58b5b8c107db8ec16,2022-11-18 09:04:27.143,14318431803
a99d3d0a1ee7b277851ed2fa85fe6b64,2022-11-18 14:00:15.503,18529088791
93565462b905a6b589b051d23457d4f6,2022-11-18 07:18:43.915,14318431803
876deeacff61a4f5f4f07276aed561f9,2022-11-18 06:31:02.199,14318431803
aef7e3f048699d200247f4f912b67dcb,2022-11-18 18:38:07.333,18725479090
64df99a665f8e9180477a2bfaa31b49e,2022-11-18 10:09:04.209,14318431803
5a97fe99a1b4e55eccbb0a44c73bc755,2022-11-18 07:54:19.169,18340470460
cf4a2dfb51ecda4aecbb8b8276304973,2022-11-18 02:56:42.925,14318431803
4fd2d7065d1ce5cf672a64190a572426,2022-11-18 16:19:40.887,14318431803
f6a6628c7818564e319a4f8e40333b77,2022-11-18 10:27:51.337,14318431803
9a3e6759f353e8785dd501f61617684e,2022-11-18 02:34:24.913,14318431803
ccaf67badc7fbcd1e53c38cf07fa8d2f,2022-11-18 07:42:22.668,18340470460
8390c688bd9f355891a07410b4ac4a69,2022-11-18 04:35:40.841,18529088791
5400f0fab04d3618b86751d2452b37ef,2022-11-18 04:44:53.614,18725479090
e4b2b8a75279e025d86d1222216b92b7,2022-11-18 09:29:05.985,18725479090
d6b3531fbe539ecd88be986d7cb751ec,2022-11-18 17:23:25.545,14318431803
691e6f890b2f8f368226940784a11fad,2022-11-18 13:31:45.537,14318431803
fe769e4c0945a3a63b9f8872564f58c5,2022-11-18 18:58:20.598,14318431803
ed0a91947f2ab65906ab29f532804a1b,2022-11-18 08:26:58.568,14318431803
12e17db532e28eb3dfae20097726c243,2022-11-18 18:53:25.772,18725479090
723c78e8ceee869b60eb8f5012eee698,2022-11-18 20:41:31.927,18725479090
af05f34ebd5a139a2cb7f5a0192319e3,2022-11-18 21:55:32.125,18725479090
1cf5813d33c8664ec00e547b54c1f3cf,2022-11-18 16:06:02.443,18725479090
9167c896cd654a0df619273873eecc7c,2022-11-18 11:49:23.325,14318431803
716cecc4642e2278aecb576c2c79b7b2,2022-11-18 16:58:29.081,18725479090
b7a2ab4120f0b81764bbee9bb5bd1e39,2022-11-18 22:05:44.301,14318431803
e5c7feb817cb06b11f409c91bf7f53ab,2022-11-18 16:52:28.449,14318431803
74b87cecc390bed6708619210a2ea828,2022-11-18 04:45:58.195,18725479090
96edc363f800a8da44de2f7900bf7c09,2022-11-18 05:21:15.637,14318431803
36fe379927b8ccad18e8cc3ea7e5e822,2022-11-18 12:10:50.334,14318431803
35dda16a2c9b3d66d40c7026407ce3c3,2022-11-18 04:41:08.492,18725479090
53b102cbc9480c76745d2cf75efc37c3,2022-11-18 05:38:09.080,18725479090
44899bea7cdeade97d89f29a703b9d43,2022-11-18 17:06:19.097,18796908459
2b21cc9246097b8c595b925fb24f888d,2022-11-18 08:07:42.494,14318431803
89d7c72994fd8317d649c57d90d4a4bb,2022-11-18 13:15:22.988,14318431803
12ad3269e111012b6377f9de57fc5739,2022-11-18 05:15:20.927,18725479090
6c6402c3fb16cfeedc48cf4ce23e656c,2022-11-18 16:32:13.542,18725479090
077eb67c26d719244afe623c66fcb985,2022-11-18 07:28:28.352,18340470460
b33c85e53d752963413a2e7708f7c74d,2022-11-18 21:06:49.922,14318431803
d301a4ac7d26103041e15cb5f717fee9,2022-11-18 18:54:16.914,14318431803
e549fca519fdd1d7231a42d64a09aa12,2022-11-18 17:56:01.028,14318431803
0dcf8908a6be4b6dab9f34f367fe0667,2022-11-18 17:56:15.212,18725479090
e1ffd0d68153dd93a9650bb4bd6545cf,2022-11-18 16:38:18.656,14318431803
bbfefdbb3957b3c3127cb519c9a88b6f,2022-11-18 11:20:02.936,14318431803
e6908f90020e13ebf546baaeca809af3,2022-11-18 07:08:56.473,14318431803
10814563ec714f755701694b1990ed41,2022-11-18 18:12:11.640,18725479090
fa9cd98ecaeeaff79c9ae09a3290e7e5,2022-11-18 16:55:39.013,18796908459
9d1f23636a318e21f849c2fba1e64677,2022-11-18 11:58:46.184,14318431803
b617ab3c020d0f0f46c6edeb308329d9,2022-11-18 13:07:58.204,18725479090
8a676c1b078833b302f47616fc2c5a47,2022-11-18 10:36:59.600,14318431803
7f5d0ee163b1faee573dc6e09e4bf87c,2022-11-18 11:53:15.817,14318431803
f48fbbffe9dcb23bcf1d37700f509bdd,2022-11-18 08:50:53.303,14318431803
639cda84e8b80d7546aef68cd5f4df64,2022-11-18 05:32:14.566,14318431803
44b976a2de6e4abfebcda3b5722bece6,2022-11-18 00:10:36.758,18529088791
ac303ef9332db4c265091b3f73599578,2022-11-18 05:40:49.775,14318431803
337b3d1069cd992cbe2b544716037fd1,2022-11-18 10:44:51.960,14318431803
84737a8dcfeec7a459ce022cfb170dc6,2022-11-18 18:31:15.876,14318431803
4049506e9af9202ea726dacf417943b2,2022-11-18 07:29:57.688,18725479090
72ea3a350df8b903e1b8016f27234b7f,2022-11-18 05:51:19.909,18725479090
a89a1b6883f1932258c4827eccacaac0,2022-11-18 08:44:12.123,18725479090
0e07e88943912304f60f226d5406bd82,2022-11-18 04:44:09.657,18725479090
c056f4b5fe095b60e9e9b2cf5e5dead0,2022-11-18 02:17:15.915,18725479090
c3a17ff693d83fbedf96242d2dbe97cd,2022-11-18 06:53:38.094,14318431803
09967b5437f8caa4af2999ee35e954fc,2022-11-18 11:55:59.844,14318431803
51deb7ba78821926dfa8a175d66061eb,2022-11-18 02:58:17.099,14318431803
ebe4be9e84a5b46129fea4b702b0f2a7,2022-11-18 09:34:48.160,14318431803
36a0391d898f4e4a4e109c3f30a3f7e5,2022-11-18 15:17:04.754,14318431803
c8857095063d74fac9b5e8dc71513591,2022-11-18 07:07:15.622,14883589082
b0775b97ef57557ff8eba8433d5e47bb,2022-11-18 06:20:06.929,14318431803
5c3343b25850d154eb02cca4746fb1ed,2022-11-18 08:42:55.448,14318431803
e208ff3abb2ff6c600141ba0689bb021,2022-11-18 06:56:20.279,18725479090
d4327b1b488be01bc02b61d9730ba69b,2022-11-18 12:59:39.873,14318431803
1701d9f5da0eda405e278a83f2523d09,2022-11-18 04:26:05.961,18725479090
0558d7d5df4739d0d701fc9f21de8fa8,2022-11-18 20:51:36.578,14318431803
18ac14cac57b4124d3f65f8257b61403,2022-11-18 06:01:25.224,14318431803
c5f5ae6e1154243a17c9851966c304f1,2022-11-18 11:27:40.298,14318431803
11c3fd39ffcb62dee73be4d9526221b7,2022-11-18 06:52:10.291,18725479090
6aa2f0eac975db34eab5bcd7b36a16e0,2022-11-18 00:28:39.034,18529088791
c08244d8d2e0ba2552a39955da95e65b,2022-11-18 17:45:53.125,14318431803
9fb343133eb03261addbff40da9e5bfb,2022-11-18 08:20:08.539,14318431803
a24f94b241778a4259b6a6887b16dc9b,2022-11-18 19:27:27.037,18529088791
6032bc80ebe6316bb619fc1a1b5bc0c2,2022-11-18 14:22:11.352,14318431803
45644ad02c3ad6e70fac2f6710056179,2022-11-18 17:09:30.369,14318431803
d48b2c2eb961e2805bfe5287b360e5af,2022-11-18 13:06:33.406,18529088791
63db61bab9d6e429f48cbd33ff4e6c59,2022-11-18 20:32:57.923,18725479090
ce8ccff8f21f25bcbbb5092329a6632d,2022-11-18 07:34:10.703,14318431803
3b4b7241fa78940ad92d35b049b1d8e5,2022-11-18 12:16:57.632,18796908459
1ba8758810e11f5e39106f2304c37456,2022-11-18 15:01:21.862,14318431803
05e27aa2b825c8a56a82f5a89300bece,2022-11-18 21:20:55.901,14318431803
931a3446e0a56575c1437899bad52b99,2022-11-18 11:03:39.550,14318431803
69e59035857655ce01213afcb89d4b9c,2022-11-18 05:57:50.863,14318431803
0bb2f95366f7fb664a4846d05a7d0d9c,2022-11-18 19:25:30.228,14318431803
a001c895898efc3df4c4547f1bc55d7b,2022-11-18 19:32:40.444,18529088791
57357e71337135e4d8fe7dc0da818f3b,2022-11-18 05:21:34.560,18340470460
0eb3521e0e43e13cb31419edd142cb1d,2022-11-18 15:44:23.702,18796908459
4af6dc3e215795cc28c2d9d71a61506e,2022-11-18 09:46:13.318,18725479090
97b463eeea593c575d7bd2a623144c81,2022-11-18 05:10:15.516,18725479090
eff19a70095a896bf526fb5161d6a3ea,2022-11-18 18:43:16.532,18725479090
e9e3308b4645d92ba37becc25c33cbfc,2022-11-18 23:12:03.296,18529088791
fad4063bdc892a42d77e4220e04266fe,2022-11-18 16:47:25.742,14318431803
4362d863a036b7637d01b4dc46b0769e,2022-11-18 07:18:54.109,14318431803
3211e37715cff6bd0e0de03f09e3440d,2022-11-18 17:59:07.984,18529088791
076d935b61c705876b983c44b4a3e4f9,2022-11-18 08:41:11.846,18725479090
f6f6d521b08976e133a767ba89de4ac7,2022-11-18 12:01:32.939,14318431803
4990d4b3176c94dd586f31dcf417515e,2022-11-18 05:06:34.551,14318431803
7173bcb611c38cd402a34ca3d1411a4f,2022-11-18 08:01:07.798,14883589082
2aeb2055ab551fb5b719582ceb9a879b,2022-11-18 16:13:29.658,14318431803
85356fdced9b806ab217422c68846d73,2022-11-18 04:08:56.924,15010179776
60eaab0679edf517284e6d97857d938d,2022-11-18 16:41:25.768,18796908459
121e72a1625638c7a40be79055afd659,2022-11-18 17:08:24.700,18725479090
91067418935de8cad2861f1587e8d458,2022-11-18 15:32:25.450,14318431803
b615033ce89c21d3f977f9ec25ebf31e,2022-11-18 04:22:35.863,18725479090
ebd3b026e2011918df7a90f0bb9f02bc,2022-11-18 01:56:48.750,18340470460
2e0a71a7f2c208afb2d36695b40f3246,2022-11-18 05:18:31.457,14318431803
b6b150d10ce25b4ebd572424d2f9ebb7,2022-11-18 01:46:26.013,18529088791
3fe315fedecc03b84f1061a077ac1e95,2022-11-18 11:22:10.517,14318431803
6cf2f8cd64068536f8e9e2c4dc3ea84e,2022-11-18 14:57:07.581,18529088791
71d9a4264cf8433831900247e44725a3,2022-11-18 11:56:09.807,18725479090
783e2d4aafa16a57d1784b6f073663ec,2022-11-18 06:50:35.016,18529088791
16da4d86a9370d1150ac2218f7a8c34b,2022-11-18 07:46:49.111,14318431803
bca4cfa6dc16ec5686dffb41c3e8edb2,2022-11-18 02:44:25.986,14318431803
f25d2db2fe57601bccc77f2be7a06fb1,2022-11-18 05:41:24.828,14318431803
5972b639d00dd34f2ee20a03009f52a3,2022-11-18 02:33:41.163,18340470460
4b2966b402a7db0264c2e7814ac108ae,2022-11-18 19:37:52.602,18529088791
4100f1b4edfc14395ab2cb82a7e4e019,2022-11-18 17:40:12.404,14318431803
99adc8273f8b9da5b4aabc6b7e0a4122,2022-11-18 19:03:40.243,18796908459
00fd1a7d048fd7fa32de3b1fd52fbddd,2022-11-18 09:57:05.438,18725479090
3088096703dd7428a014035c3fee2917,2022-11-18 05:13:30.702,14318431803
7537a264d96cc30b50a88fe7639857e6,2022-11-18 09:49:01.192,14318431803
eae7ce210ed7022dbc8631195136daa6,2022-11-18 07:20:06.868,18725479090
1be2c49c35f3a281cdd8afcdb3efacdd,2022-11-18 08:10:25.985,14318431803
8afe20c003d83fea169663ba51c71b3b,2022-11-18 16:49:58.533,18796908459
7a5ef8e0b44e3c5a5ab25b6de19a7d07,2022-11-18 11:24:45.334,18725479090
024a19ed2482b1c56d67c89195a3190c,2022-11-18 09:33:17.461,14318431803
fb0b3af3a7f4a17750e57dba8e89950f,2022-11-18 21:12:22.007,14318431803
ff1fa84c04630f934f30663c3939d8e6,2022-11-18 20:04:06.480,18529088791
5c71e2d14454af0c0fa57cd842bd3ec7,2022-11-18 05:26:09.999,14318431803
ffd762017c5efcb04cd1db663b574b8d,2022-11-18 16:25:40.046,14318431803
e0692b2a6f4564b5541e51ec6c8ebacf,2022-11-18 15:12:58.568,18725479090
e5f559d6ca6a33fd555d295e08ef862d,2022-11-18 05:38:55.130,18725479090
4914a84dbcca44a103db280cde858e67,2022-11-18 16:23:14.452,14318431803
76585af747ae9e7e849b67dc8b11ddd1,2022-11-18 11:32:34.078,14318431803
c3f1ddd4e3b0dc6ad7265324e77bb890,2022-11-18 09:58:01.353,14318431803
6ca44afcd1f5ae1e437b8eb2ce89699a,2022-11-18 11:52:05.557,14318431803
e947bf5be078b07e78062c0c3973dddc,2022-11-18 03:43:53.578,18796908459
cc17a89bc5c6318d730d634e065c98d2,2022-11-18 11:50:39.895,18340470460
c200fbf16df2d6ae7595c2aa56fa1251,2022-11-18 09:47:01.050,18796908459
52bbec55d4ff2213f7a2dce24779d629,2022-11-18 19:22:02.714,14318431803
24deff7a7293a46fd95e3a5b275d4e33,2022-11-18 20:16:59.030,18529088791
b19b3419fc2cbdf55139fec739548620,2022-11-18 02:56:17.216,18529088791
cfad3ab009db224aca56741e073784e3,2022-11-18 14:18:05.324,14318431803
0a65dda07168541383d7a9fab1e2452a,2022-11-18 03:53:19.382,14318431803
339c29acb67f9d6fcde80ba8d22ba903,2022-11-18 02:42:12.877,14318431803
ed567015f132318fae443f018a441d15,2022-11-18 05:47:02.482,14318431803
9b8b4db39d750947ab56589868b6301e,2022-11-18 13:40:50.091,18725479090
1c83c744e92042308e05dda085c1029a,2022-11-18 11:26:09.597,14318431803
069faac811e3c3ff1e844c08d0137662,2022-11-18 17:12:07.698,18340470460
04f4b9cbbafcbd92dbd443b84f6d96f3,2022-11-18 16:41:26.240,14318431803
822b342338ea913c44b6bd56397baf69,2022-11-18 05:51:20.719,18529088791
854ccc2da47375c784e192aa88105721,2022-11-14 16:56:34.164,18725479090
bc4d685b75fcb83075402ab1e8c188af,2022-11-14 21:18:46.310,14318431803
92f475c43a98511e792bccf5de212342,2022-11-14 08:55:55.545,18725479090
adae7eda31ecfe7c108821e337ece32e,2022-11-14 07:34:26.807,14318431803
6938c7b37538a4dff398c085780aebd0,2022-11-14 06:01:48.680,14318431803
5a6130749246b21973e202f113d419a4,2022-11-14 03:38:43.528,18725479090
f13821b475f1688aaf4810f68c04f731,2022-11-14 06:09:14.922,18725479090
6d080348c2200f0e3550e45f43977bc6,2022-11-14 02:13:26.738,18725479090
055a8df4b599df4cc70dafa43fab715f,2022-11-14 11:10:40.111,14318431803
f7a278507eb2d14ac88e4e55b9448269,2022-11-14 16:51:36.733,18725479090
e1d6d60db4c9b8ad777793c6b6952049,2022-11-14 12:45:25.706,18529088791
1a4d000e1644c52272da6a45270616aa,2022-11-14 08:41:14.506,18725479090
f6d474bceeb1df8f4ee184a3ef6414a6,2022-11-14 05:37:40.138,18529088791
9fa091f5a561e8c37c1183f6d6916cf7,2022-11-14 16:45:55.744,18529088791
18853a35b9f96f23ba74838c65e8ff01,2022-11-14 08:03:56.970,14318431803
b4750044b2881201acfddf985be29afc,2022-11-14 15:47:55.482,18796908459
d893205fb26cae42d697a52fb6df6c15,2022-11-14 19:10:57.388,14318431803
625031bf0c192313f5fbc33c2f3b84b1,2022-11-14 05:04:05.421,18725479090
42e3c933291357792d4b8685f64c2696,2022-11-14 11:23:18.586,14318431803
2cb9cfa0301ab021d9d4bfb623325549,2022-11-14 13:08:28.017,18529088791
bc083b38765d74e68d71d0612bf1399d,2022-11-14 07:34:20.122,14318431803
9f6f0cd9346561d8069c5e5288b41e50,2022-11-14 10:21:49.569,14318431803
55f31574dfbba05c4922b2f5bd4610ca,2022-11-14 09:44:38.761,18725479090
42648ea6751444c1ce324296689fd307,2022-11-14 17:17:30.356,14318431803
5ccaa1aaff99140fb47644512adf52d3,2022-11-14 23:38:10.343,18725479090
4b02bf4b555a9f17301c10ecfdfc673d,2022-11-14 20:48:22.143,18796908459
878373c4a26f51472807ddb97c2c2ed4,2022-11-14 18:25:23.079,18529088791
39d9195b259a39d78f42f733b7da42db,2022-11-14 21:30:05.126,18796908459
01bc4184755198b8b060f86ca1e2f9ed,2022-11-14 15:24:27.267,14318431803
198e52fa6ce4983199e3983877bb9d3e,2022-11-14 17:00:50.060,14318431803
0644bada8cdfd40ad30671a6de7e9b3e,2022-11-14 03:53:52.751,14318431803
e2d29e2158754b006f23bae5d6f7c2f0,2022-11-14 10:11:14.283,18796908459
992e16ef894609f55614674420c0fde8,2022-11-14 05:51:01.713,18529088791
327e50e941b612d093a7002cbbcf43b9,2022-11-14 06:00:47.480,14318431803
ff4404b226c451494f749eae1025cc31,2022-11-14 05:19:23.285,14318431803
7630fda2cb86533e8d12d8d40d22893a,2022-11-14 20:43:29.203,18796908459
3a4d790f04b6bd9539829735c9471e7d,2022-11-14 09:50:59.861,18725479090
407c096964186475ae767a086cc68a39,2022-11-14 06:39:00.909,18529088791
7c6f1b4d7c0ed8a9a894a1dac3f5e8ad,2022-11-14 02:38:58.929,18725479090
f9f22e5c15e3e4907910c939f6759767,2022-11-14 06:34:53.771,14318431803
bc6c457f7e4134e21f546d6f05932464,2022-11-14 05:12:08.765,18725479090
d38413026ea3f99b1bdeec749067acf8,2022-11-14 11:34:09.699,14318431803
f09c3532d87f661422555386f59f7726,2022-11-14 08:06:16.641,18529088791
bc8efdec66f6430f829b2119d18850cf,2022-11-14 20:24:10.934,14318431803
e5ad4437454af81a87807e7371c38300,2022-11-14 16:18:06.251,14318431803
9b75277318f16e555a89dcb3e6dd2666,2022-11-14 19:23:25.077,18725479090
3727ec6e8b195672dd80c0f3840783e9,2022-11-14 07:50:35.310,14318431803
1500d8211e7018aacaeebc1b424b50fa,2022-11-14 12:45:21.063,14318431803
166b2e2e34519ecbb62e1a70167a82b5,2022-11-14 05:07:06.684,14318431803
72be9e92def484756d92d09487f9e6cc,2022-11-14 06:56:42.220,14318431803
ab1ccab0d6da883b404221327c723619,2022-11-14 06:07:50.216,14318431803
ecb9085109dbd7735f675cb284cb5727,2022-11-14 13:56:29.658,18725479090
7687a9787d3acac3f25527a70f4f62c9,2022-11-14 18:49:40.685,18529088791
f922235be0c96b1ae9df231d25095d55,2022-11-14 16:33:00.087,14318431803
c879afbfc779726f50177d3e8cd02fff,2022-11-14 23:09:02.653,15010179776
ca954c5e06c209f873a6db9292ada1ab,2022-11-14 18:42:42.802,18725479090
03600ee06eaa65a600c29fbfe1873be8,2022-11-14 10:52:32.015,18796908459
f8f6d1e68fc99173cf873ebaf1e0b2f5,2022-11-14 08:38:22.214,18725479090
8d15e2d285c0e09d403b8ecef6abc734,2022-11-14 04:48:19.546,14318431803
f9b679440405e958e9b6930e75af7935,2022-11-14 08:19:05.242,14318431803
df3481891b327994f25320aa31dcf0b2,2022-11-14 16:22:37.869,18725479090
a8b445bceec892f45978ec14b29220f6,2022-11-14 09:09:23.155,18529088791
326c7be8dc0a1314d010a3b9ccd6d89b,2022-11-14 17:50:14.399,18725479090
6e94b1a984475542745e891030e229c7,2022-11-14 08:29:23.231,14318431803
791ea3a22b2f173461af150278341487,2022-11-14 06:47:47.280,18529088791
19d09ed335ccde3d61a36d89ab16bd91,2022-11-14 03:03:25.166,18529088791
436064cef8220350084322a1f1abe2a0,2022-11-14 15:16:44.917,18529088791
ee1d9444475b3a1e03aec144943c3483,2022-11-14 15:22:53.772,18725479090
09626a7b59ba7e4418109367d1ccd9fe,2022-11-14 03:22:22.463,14318431803
c8e9c7c72538e52274be67ecb6141bb9,2022-11-14 02:53:40.452,18529088791
8672d6ea63418b900b2e8b9968b2a604,2022-11-14 07:43:44.329,14318431803
1c67fc92c13a9416ed5f92c5627fb75d,2022-11-14 21:05:06.827,18796908459
f225db07429b0f6420a35dc919696950,2022-11-14 12:59:56.076,18529088791
090c87166e10e0b11bb7a78a638891a3,2022-11-14 18:26:06.354,18340470460
30b070d415c6707f12ed1e2167561e66,2022-11-14 20:03:17.638,18725479090
069c401f8a51d7613a4db1a383c0db47,2022-11-14 07:12:43.941,18529088791
b7de0052f367652cbbc2c5bee1adb593,2022-11-14 18:29:08.200,18725479090
d2a06532c6314e691e83347522b1fb50,2022-11-14 17:16:55.510,14318431803
17533336e4b1effd0dec1db477fb452a,2022-11-14 04:09:20.268,18340470460
c374d78c19f6c36922c6f62b29e482b5,2022-11-14 11:28:59.142,14318431803
5ee4b7ccd862e815c2602a348f18c4e9,2022-11-14 14:51:23.395,14318431803
4955ef70a399a3768568c401f2cf32fc,2022-11-14 21:45:38.711,14318431803
0991b53cc628fdb302408255f145622a,2022-11-14 07:17:28.732,18725479090
af46243edad00d17e20110fc5f356857,2022-11-14 17:46:28.167,18725479090
819405f0c0ed3e14185f0001b405c114,2022-11-14 16:45:43.926,18725479090
d25beb51695a6646393d7855004ae909,2022-11-14 11:15:15.787,14318431803
4020f2368e6e2057d6c9316d856b4e63,2022-11-14 18:16:43.885,18340470460
1ede745c40d760fbdfc778b0575f9ae4,2022-11-14 06:49:29.902,18796908459
028dba5d7e448dc1c7d4361449f5902c,2022-11-14 09:23:08.055,14318431803
4f0fc93a5d54cc0affabf9ce17df6ae0,2022-11-14 04:28:39.137,18529088791
406f4eff851514f6e329109ad4bd0b03,2022-11-14 14:07:37.305,14318431803
93ca62a71c73f1b29f49a288029b25ed,2022-11-14 01:29:21.904,18529088791
ac1ac7409c289ea0f92d68e91fb7b19e,2022-11-14 17:52:32.370,14318431803
543206b4a50196aa39005c2a6a8b4c5a,2022-11-14 21:21:23.607,18796908459
3698a7a3d310eb4797b4eeb86d2a14b3,2022-11-14 07:55:16.615,14318431803
768ccfa04bc9f03dccd634c9057cc0fb,2022-11-14 09:51:44.547,18725479090
ea509d4e2e35323cbbd9645ced54038a,2022-11-14 10:25:49.946,14318431803
dcc881f5d8915352055ba3a7016096a0,2022-11-14 09:09:17.233,14318431803
f15fa758be5ea01e68a497825f7b4f2d,2022-11-14 07:20:49.312,14883589082
ab33afe177fb82f3c830f7e38888d213,2022-11-14 09:28:09.685,14318431803
f88f81b399677c83c202f336b5d5aff6,2022-11-14 00:20:06.275,18725479090
6816f3c1a973428a3c4ec93c02d0e3a6,2022-11-14 09:01:51.148,14318431803
0d9f0365941627dd575c78fb4b41033d,2022-11-14 17:42:26.445,18796908459
7119fe922d48a8007fde502fa0111a89,2022-11-14 15:33:55.317,18725479090
67cf1c8c61f24c85188752ad07e23a54,2022-11-14 19:18:01.674,18725479090
718b92006e9541a16abfa2063a8ec8eb,2022-11-14 16:17:08.650,18725479090
b65a0703a78f3fdb6f972daba32627df,2022-11-14 07:03:05.242,14318431803
bfad8e9b97bd5b3a00a63a90c3f3099f,2022-11-14 08:47:15.024,18340470460
b5bd7fc4c792c58fbbefa92f76e88549,2022-11-14 21:54:22.359,18529088791
4f4534107b232dccac5c53c516df3add,2022-11-14 18:27:51.740,14318431803
e825fb9788c85dad7c372d7303f72d6b,2022-11-14 03:05:34.418,14318431803
f74443ec0cc0ac8e82686ee0793f92b1,2022-11-14 09:22:34.967,18340470460
4bf8a102423cff72491de541274f90d2,2022-11-14 18:47:07.092,18796908459
f55591850bcf7696c008d9fd2bcb9b19,2022-11-14 18:00:57.433,18529088791
568e584a0d6ca99dad624b46f681b532,2022-11-14 18:58:18.910,14318431803
09fe9a8982909538ff5eab0500994869,2022-11-14 18:12:40.561,18725479090
171d6cdce27364e31ccec99cedc808aa,2022-11-14 09:25:25.886,18725479090
6d622282e1a2b460ec3f381ed0ba6fd9,2022-11-14 09:45:09.026,18725479090
2f199b1729d49ee8d073eddc009dc78f,2022-11-14 22:44:40.058,18796908459
758c4f2d28b5eef44b203c285a3a4d78,2022-11-14 02:37:45.743,18725479090
a85a096dff86d384ada198919f1ce00a,2022-11-14 16:12:08.057,14318431803
101e2f65324f68ea85dce0400b3ffed3,2022-11-14 20:07:27.767,18796908459
e99da75a2ab05cba1110b1a35918740a,2022-11-14 18:30:35.770,18725479090
57fd912470bddb64a77ef6d93af43924,2022-11-14 07:04:40.286,18725479090
9c59a480e20635ec5cbb090f7c935ba9,2022-11-14 17:18:56.205,14318431803
1487c3976cfb4b23d69f374faeca503e,2022-11-14 14:22:56.001,18796908459
12bbc214e79f4c2bacec76db3ff059e4,2022-11-14 08:47:29.984,18725479090
efac5cc016fea7bcd01025fb38321baf,2022-11-14 06:07:08.969,14318431803
161037b91befbca8cf30b13e9f559bb5,2022-11-14 19:21:58.366,18725479090
d94af8298b1db51b9619b3a0374e446f,2022-11-14 20:05:12.721,18796908459
3e2f19b3bb8fd7eb4255a067a93ac7e8,2022-11-14 17:48:26.484,14318431803
256af288f343a0c35b9b5a7d6f793227,2022-11-14 18:25:21.437,18796908459
0314f96f42903e5fbef30e896272455d,2022-11-14 14:09:09.899,14318431803
24b6aa3d79aed91729b7b83016e235a9,2022-11-14 22:03:23.657,18529088791
542c798d307d9c13e59b20e34ad0a3ff,2022-11-14 06:36:27.832,18725479090
ecab102af6a43293487eec60a3f88cf4,2022-11-14 17:08:18.638,18340470460
222d368937a97b901af63820860cf7d4,2022-11-14 03:53:23.109,14318431803
b0ab50b7b3e00cbfeb298fe106e8e09e,2022-11-14 14:42:11.278,14318431803
084ea71c9d59c11262e77eea34a6f87e,2022-11-14 06:07:33.536,14318431803
03a2632db4807ab5958b1cd801c39695,2022-11-14 16:12:57.265,14318431803
a523fd63a2d9760165d70d72ddb8c934,2022-11-14 02:53:10.391,18725479090
c2fe26091b6b4ddfe988e6d07b924044,2022-11-14 10:53:41.573,18796908459
e489512ab99abcaf5f3152bbf143b3d5,2022-11-14 06:34:44.321,18725479090
33dba92b59dc536952d9b7fbd55f3279,2022-11-14 08:31:18.041,18725479090
9fc097f80ef73e4a7858cd9027a2b377,2022-11-14 06:36:32.531,18725479090
553e24c592b18332ca4906c840023ccf,2022-11-14 18:42:47.190,18796908459
10f5ca2bb4318cc4140f13791879894d,2022-11-14 04:59:23.369,18725479090
1f197779868f2e6cf805588dec5b3eb9,2022-11-14 21:30:11.942,18796908459
0164d0731aa074b90e5a3ef6c719e4e1,2022-11-14 11:30:35.939,18725479090
21c9d5c9471428bb6b14337fa61383fc,2022-11-14 17:27:46.130,14318431803
31ff2947a297ab94bdf454079381e4bb,2022-11-14 04:47:49.968,18725479090
9de53a9f671b06142b85f6f2538680ca,2022-11-14 04:29:03.747,14318431803
30177f508e8b532c166a56a62230bcc9,2022-11-14 09:25:47.993,14318431803
595efafb52c4a14ac050a24528994583,2022-11-14 19:52:07.704,18796908459
7e34325f3c2b7209f298e2673b4c4301,2022-11-14 08:43:37.123,18529088791
47ec98facaec04756946cc92d99f3f1d,2022-11-14 17:12:43.826,18796908459
437b58de085ea068bf62c26742b70462,2022-11-14 13:34:34.738,14318431803
e662bdec0df8ba564b431a6a4fc7b161,2022-11-14 12:19:08.416,14318431803
a9b73ae9ab2111bf4530b71f5f6d9014,2022-11-14 08:55:26.125,14881642792
d0ab7297ed0946e15854fbb8b1a2cfec,2022-11-14 13:00:57.465,14318431803
902fad4bbb579702654f0ddcc679f543,2022-11-14 04:40:37.719,14318431803
70ae298db019618bbd722ba452846b6e,2022-11-14 17:20:47.777,14318431803
204242ba43a9d382e8387f4725ebf7ca,2022-11-14 04:03:28.450,18529088791
1751ef2be3b8a29dc7651574de99979b,2022-11-14 18:01:06.933,14318431803
eeafdac6aeae76ee4c047cbce7a93cd3,2022-11-14 06:06:05.661,18796908459
4ea1578f79fe4d12868ca6d47fcbb691,2022-11-14 09:10:07.660,18725479090
1d475567145157bd44264b589f6aa7a9,2022-11-14 09:57:23.418,14318431803
19f833bb07d9060ce897764384b35729,2022-11-14 18:01:40.656,14318431803
92a221fb8bafda8b2fb83b14e89d0eb3,2022-11-14 05:55:26.888,18725479090
85be71b8724ccf7e78b08b4a5b991f53,2022-11-14 05:30:26.238,14318431803
63e4345a43047b6c4639e649f8e05e6f,2022-11-14 06:13:44.004,14318431803
afd27167eeb725ef5ae2debedb210b03,2022-11-14 12:18:54.961,14318431803
5c3ff92dea58990cf3a8f774f729abd8,2022-11-14 06:13:47.805,18529088791
bcdf1aa50f6706369d42b8d4d583d72b,2022-11-14 11:12:35.215,14318431803
b67454a8ffb71089e47687ce561a6291,2022-11-14 13:53:14.253,14318431803
67efc744948a7c8e33d77e391a1c5235,2022-11-14 08:37:31.276,18725479090
8cb6774fe44bd7194071a6e862c837a6,2022-11-14 18:07:56.798,18725479090
7c050191899ed32d48811065aafea9b3,2022-11-14 06:37:51.221,18725479090
adbce54a85f4d32177224fec69ccaf48,2022-11-14 10:16:50.642,14318431803
ba65c2662a36590937ce339e0a05c6cf,2022-11-14 15:54:42.064,18725479090
d7f8df363ba587b411962d3248bf4a26,2022-11-14 04:45:00.912,14318431803
d0a94c2680798773639274c874fe657d,2022-11-14 03:54:44.942,14318431803
b22d41704e7c9cd9dbe4ab948daf6aa6,2022-11-14 18:09:46.313,14318431803
06496f2701303df94095088b1c2be3d8,2022-11-14 12:40:30.607,18529088791
e24e41ff57fd4c4cb8bdddd045c4e419,2022-11-14 02:37:46.047,14318431803
e7112888b777c5533b2de7d6350c1f65,2022-11-14 17:58:16.603,14318431803
d6f9d603b8bb6e31344d71e78a85ba68,2022-11-14 14:32:16.325,14318431803
32006eccc56e059b43fddb57888fa638,2022-11-14 00:43:18.757,14318431803
93504ebca00023e3193908e9e3a7f6ff,2022-11-14 08:11:10.442,14318431803
befedc5c6d2c6b6496d6e6fc251847d8,2022-11-14 17:33:11.368,14318431803
0d463674d0f8e70258aad2179239ada1,2022-11-14 19:49:16.005,18796908459
2ac9480d777f6df64dd61b0cf51cac85,2022-11-14 13:29:37.406,14318431803
71d8d96cf2ee092b243a50b28ee7e0bd,2022-11-14 19:04:36.452,18725479090
07cc9d5b97fdb1fd70dd6433b6796089,2022-11-14 11:39:44.009,18529088791
9a1f3ebd9f315906eabbe8d425597e9d,2022-11-14 04:59:05.778,14318431803
6b125c26431ef94bb870342d0bf5e6b5,2022-11-14 20:09:28.189,18725479090
52763db865d1d48666933d2d3a5118ad,2022-11-14 14:28:36.595,14318431803
f0df2f9edbb4ba752e01796bab185b98,2022-11-14 02:52:53.453,18725479090
1788b603324a469d2682362afc736670,2022-11-14 11:51:36.997,14318431803
87fd30fb11af2af356bfafec739e459c,2022-11-14 10:14:38.772,18725479090
8e6a60b255b2b587f79277f15f9997b7,2022-11-14 10:38:32.404,14318431803
33250bd30c3c96907ccf2cbb88bdfff8,2022-11-14 15:10:59.966,18529088791
a2ef8df46fe6d118fa6b2d8bdee7ff41,2022-11-14 08:16:06.745,18725479090
58ee0f6c02f961beace129e8262769e5,2022-11-14 02:56:03.563,18725479090
c9c9c72022ebeb0e8c0c35f52dcdf07d,2022-11-14 08:56:40.170,14318431803
f10f4ed0507f05aec4c2ea09ef655724,2022-11-14 08:22:34.309,14318431803
0e41e8a6c73789bd36f4efb64ea80ea4,2022-11-14 02:14:42.759,18725479090
a1ca7ca6bf3959601737aa4b173ee8b2,2022-11-14 20:05:56.795,18796908459
76d171c7123225c76a9305f6019e4217,2022-11-14 07:32:20.747,18529088791
2e04c123672f2a87a5a373e21ebffcd5,2022-11-14 08:28:14.949,14318431803
d95509f72d965f77aea1f85e3651ae1d,2022-11-14 23:58:01.489,18529088791
4b0ca7bb71e06b6f029b9a1254d094b3,2022-11-14 16:57:54.118,14318431803
15ffce751c14ff498fc7779d96c20ec7,2022-11-14 04:59:33.137,18725479090
b5737cd5a220d45179c7d5708e20f58b,2022-11-14 08:08:26.454,14318431803
b526b8a6b23a00ee3ece165f816c9821,2022-11-14 01:40:49.232,18340470460
e288b7a8b21ffea682829faee8805677,2022-11-14 13:22:38.568,14318431803
1eb7f9f5f4ed5a140d4c2ece07f81042,2022-11-14 03:00:47.570,18725479090
091dc298f3e82b1288ebff25afabe6b3,2022-11-14 10:42:40.221,14318431803
c6f3d970558327266e3a103b2fe52983,2022-11-14 17:16:41.842,18725479090
a91dc432ffc30084f474aa38d7f1ca1a,2022-11-14 19:57:02.406,14318431803
f88b3b6c944343073058b4998bd2e395,2022-11-14 08:05:37.991,18725479090
132419ffa9606ff9b8fdd66976d073f8,2022-11-14 07:41:11.361,14318431803
2554a82c8118e1108cc6ac33378fe231,2022-11-14 09:21:15.597,18725479090
069ffb4d6d5db9b0c1e091fccd67e89d,2022-11-14 13:22:23.080,14318431803
d5d27b882c93b0f3f6277f22bc04843e,2022-11-14 14:10:33.725,14318431803
f52a993475b0f2874028cf741c87e489,2022-11-23 18:39:01.978,14318431803
75dc57c8b6bc3e50acafb9fb3209bda8,2022-11-23 02:08:11.407,18725479090
37ed3fced469c7cab29ad1560b62720a,2022-11-23 12:51:33.830,14318431803
932be895f2856dc48738d025a8dccab5,2022-11-23 06:18:20.126,14318431803
6f97f822bbf15879f06118f5931e6398,2022-11-23 11:12:37.212,14318431803
cdaa2704e38a4a96487ea06e4630203f,2022-11-23 16:49:19.903,18796908459
facf9d1d5281282c76c0d93b036dccb1,2022-11-23 17:24:46.379,14318431803
bd4827d99742517aa289b093a74bc595,2022-11-23 09:03:32.545,14318431803
1ba978e539938da8281dc1e27f37f945,2022-11-23 09:46:07.826,18340470460
b3cb7cf03347472a05246fc60393ba35,2022-11-23 21:20:38.029,18725479090
afdb47a0eaad00b0483cd91e705a7bee,2022-11-23 17:33:57.313,18869995641
3c4d5f1d1da651c024c8d94d531431ee,2022-11-23 17:00:14.262,14318431803
0e418768a6077808e7051877a4b98939,2022-11-23 09:55:40.396,14318431803
0147ed8040acab4aa0502ecce21ed17b,2022-11-23 04:53:07.050,14318431803
90e07892a7257ce30520ed45b54176b2,2022-11-23 06:23:31.901,18340470460
2083dd0fe1471ce38defdfbb95279ae6,2022-11-23 19:11:35.834,14318431803
e06d2aa7522fde9a838085b95ba8c855,2022-11-23 17:21:53.061,18796908459
2a21ad668b5d4fad73f2da237d5a97f7,2022-11-23 09:31:46.768,18725479090
8a38a6f9f48e8c420957fbb87ce7f0c4,2022-11-23 06:32:25.824,18529088791
49d4d33eb27eff612cb71329f6c28239,2022-11-23 09:12:30.895,18529088791
a963f7e9001af91c0d7db1898925f7a6,2022-11-23 12:34:35.273,14318431803
1122dbba77a483e2752cae2590103c62,2022-11-23 11:30:43.215,18725479090
0c64fb2f07d8805c86e919669602413b,2022-11-23 19:02:47.359,14318431803
42d5725c0dcf2448de8827b7a80667cb,2022-11-23 10:13:46.356,18725479090
995357ceedafc35329993d552e66c0a6,2022-11-23 02:24:17.589,14318431803
5f3979b28ccaaba4163431f8a9819f2e,2022-11-23 08:22:57.617,18725479090
dbb4f47308790ab4b733a0aa96c01be6,2022-11-23 09:42:33.228,18725479090
4c59b89c53cca5e63ebf04f3f35729fc,2022-11-23 20:13:10.175,14318431803
fb5340af7b1efa311effbda8407a6fbd,2022-11-23 17:32:22.872,14318431803
a80f1bbdbdd4340c613f4fdc02e32c63,2022-11-23 17:23:12.740,14318431803
e721bc4e624cc5c5e6b95da8c7d05e9a,2022-11-23 05:43:04.984,14318431803
36ed2e6c0cb124d5962991dbb83154b9,2022-11-23 14:51:57.217,18869995641
97959e16e8f5867ec3d06e0c033e172f,2022-11-23 17:00:11.037,18725479090
e80516feb39d5e74f553dd55e7b1c46e,2022-11-23 17:34:35.015,18340470460
89358a66fdac5f318cf67d10c8bfd321,2022-11-23 08:11:36.798,14318431803
2b3d4a5c078e792fc453fef4e64bf2d9,2022-11-23 17:43:12.536,18725479090
28e36487aa2fea56ff99c44daa14aac5,2022-11-23 05:51:18.080,18796908459
baca519cb5d08dcce5c9c4c847598d20,2022-11-23 09:40:55.213,14318431803
31687dd7057c96d6dace7385fdd76770,2022-11-23 05:48:49.725,14318431803
b4996b0da9c787c4e9f0a87d47d0515f,2022-11-23 08:49:44.578,14318431803
e8bc6d0fd9331dce23e0b917fc7c9661,2022-11-23 10:14:36.422,14318431803
f8fc13e985ad38a25a4c55bdf99dbcd7,2022-11-23 02:24:37.334,14318431803
cf24d319d9cecfc7790141628ffa81c3,2022-11-23 15:48:25.968,18529088791
f8c53c51fea6418207323cfc75cd6f0c,2022-11-23 05:12:45.244,14318431803
f5db3da8746a889d971bb215a6a0cafd,2022-11-23 05:43:40.847,14318431803
972adcc3136606b8e035f6b5894bf211,2022-11-23 10:35:05.342,14318431803
a36baec05554f76644804bec161303b1,2022-11-23 11:59:35.186,14318431803
3701498a2a002a9f13c6b42431a77254,2022-11-23 19:10:02.747,14318431803
e3d91894e5ba189f96f28f24ece3b248,2022-11-23 11:40:23.734,18796908459
a37729b3125ac27f74b6f0231f1be663,2022-11-23 08:16:43.397,14318431803
c3d2220dd6076caffb0cf4df0318493b,2022-11-23 19:01:22.410,18725479090
ef405e832968832af8a6dd74b44c3bd7,2022-11-23 15:59:48.978,18529088791
3bd2b05af1d8e0bc14f663f82e464875,2022-11-23 19:13:13.883,18725479090
478b66922ee891692427e7421938b379,2022-11-23 08:35:59.588,14318431803
cd1718207f3cd3139a8e63404e5e097d,2022-11-23 08:25:35.661,18725479090
4b0ea34f16c209267517d2722984fe5d,2022-11-23 03:05:21.159,18529088791
5abf8ce2b4ac244eeb2b2e30fefd746e,2022-11-23 14:43:27.071,18340470460
54a66b98e2ba458f4e6e5ee4db7afbe2,2022-11-23 14:09:14.186,18340470460
8d397e7abc26549affcd69d001ed97ef,2022-11-23 06:28:20.882,18725479090
ee2ec6f223ad09e20b0255b16ed6552c,2022-11-23 16:27:36.133,14318431803
8201b9d8c220d746b149fbe9fe7980f3,2022-11-23 02:22:07.805,18725479090
ce735d90fe9f992f7f5bbda61dea9856,2022-11-23 15:19:25.915,18725479090
a393aa0e5348efb6faad3f009c096e85,2022-11-23 07:08:51.626,18725479090
0c24c82d382bbe0de5992cd8e17f05a1,2022-11-23 08:59:49.066,14318431803
72ce108d1649e9bf5ce028278607d9d2,2022-11-23 11:36:56.626,14318431803
53f30540ea4fbe2207471b8ef1449230,2022-11-23 05:39:48.678,18725479090
d1bfefe0f60ad4266ebc8ddb94de0aa7,2022-11-23 16:07:47.466,14318431803
c2cb195dbc10aa657d9d17614b190274,2022-11-23 01:07:36.183,14318431803
905a52635402856dbbfa038874c4f643,2022-11-23 03:31:22.877,14318431803
3ec1fcbd7e5209ae197f81c1d00e3dcb,2022-11-23 06:52:52.473,14318431803
eb1030acac2691a739fd45d27972b4f4,2022-11-23 16:29:48.593,14318431803
f56966ac00ea901b1ef42fc600f70d6f,2022-11-23 09:41:32.784,18725479090
90cb64d9dd8b422f4bad0a0f4edaba38,2022-11-23 01:59:26.758,18529088791
756f763e792e82919641f171491a02e9,2022-11-23 05:47:53.097,18725479090
4e7a4d8cf9de05aff9988c6741aa6761,2022-11-23 23:28:44.048,14318431803
acd27885412b70abbbccff50eb48d98c,2022-11-23 18:35:50.408,14318431803
37eedb6e208f084c95e6937d547cff3c,2022-11-23 03:06:05.994,18796908459
14cdff413b088c9ac2275d845f481178,2022-11-23 18:19:02.248,18529088791
c5e70ede5e0606e7256d8e20b00f4c16,2022-11-23 12:47:31.160,14318431803
6c0271ed31b7b58664f75f9cae2d741a,2022-11-23 08:52:38.620,18340470460
621cd11ae74c9d0bc8699e4b1b53e093,2022-11-23 03:18:29.752,18725479090
a81f9df58ac22794a7a1037930e2de03,2022-11-23 17:20:50.642,14318431803
aca1a0955310820eac28986f0b5f5460,2022-11-23 09:06:13.114,18725479090
9703945ed7758aa33cd022e928bebadc,2022-11-23 16:09:59.446,18529088791
3139c7cbc2cabc8894a29d8bde0c2571,2022-11-23 07:15:38.356,14318431803
8b2a382fc802ad1d19001f8fe0140e45,2022-11-23 02:55:12.795,18725479090
2b1d1d8c5ca80aaa662249003901be6d,2022-11-23 11:14:33.546,18529088791
784664949870a0a2a39e9f7b9ca1955d,2022-11-23 17:37:01.248,14318431803
9a2b346a96500e85ad37ead9d9d067ff,2022-11-23 01:57:13.993,18725479090
7996571d0f926fe295689af143d6343a,2022-11-23 05:34:34.372,14318431803
a5ab934291adb6b559a781adcf23271f,2022-11-23 10:33:35.345,18725479090
40066106adf930f0f9d54a3d2057e52e,2022-11-23 08:14:36.160,18796908459
c5becbdf38b241ed520e502c4fc60ef7,2022-11-23 23:49:10.422,18869995641
7448dd4a0fb634b16267b3188b78db37,2022-11-23 06:39:20.687,18340470460
74f6585ec5b90a2c514336362476cb4f,2022-11-23 16:56:07.707,14883589082
10ed5799814dc7556ec67b1b6aa96832,2022-11-23 05:03:53.210,14318431803
ac84796eee06dd44e43e7881f43e5230,2022-11-23 11:35:14.006,18725479090
194e4b93be906036020eca10407ebfeb,2022-11-23 16:09:33.242,14318431803
55b5295fc6e641950540db052492b9a5,2022-11-23 11:29:29.217,18529088791
0fe6fb82b38f1ce15aba500e8a3173f9,2022-11-23 17:46:03.624,14318431803
35874d3f7144f7f06b1785bb8ba4b52e,2022-11-23 07:27:57.818,14318431803
953069782edd4ab5998db4e01c21862f,2022-11-23 07:45:13.703,14318431803
a47ac69b9fdaef0f6a112e8cd54b54af,2022-11-23 20:08:22.043,14318431803
da55f43e4d4b03692f7f7f489063365d,2022-11-23 17:25:04.154,14318431803
0c9ed9fdb7a57132a63c724588e30140,2022-11-23 12:17:50.752,18725479090
bb3b153065bbad054037c85f2a505d34,2022-11-23 08:32:52.006,14318431803
5e956af0761d99dea40f7125762c871f,2022-11-23 19:12:38.420,14318431803
4961fb579af021f70f7416c9cbb9e04f,2022-11-23 12:28:52.429,18529088791
67e58f7d678aedc475247a307a226e0f,2022-11-23 23:05:27.547,18796908459
295b272adc26bda4b924da343445735a,2022-11-23 07:37:09.864,14318431803
893e4599d60aa9284eda35afacf47cea,2022-11-23 05:31:07.986,14318431803
7c45a600d2601809cee48c61126ef2a2,2022-11-23 15:44:12.479,14881642792
8c9fe6034513a51d572224018c55e805,2022-11-23 12:25:27.070,14318431803
75d180d5b45f8e60c4b9a1e506c1aea9,2022-11-23 04:33:15.214,14318431803
fbd306e0e14d23737e71eb6ea91a653f,2022-11-23 20:44:36.141,18529088791
42224d6844da4330ec81b34fda6bd0f4,2022-11-23 04:08:55.093,14318431803
cfabb8f7753a197c13730dc079481f65,2022-11-23 19:10:00.202,14318431803
5dddf8965bd94fb0c0e233964d924d5e,2022-11-23 13:32:00.306,14318431803
d6685089ebf6a00a2bfa2044a6c92408,2022-11-23 11:36:19.338,14318431803
52a4c6a7e088cda31f3039d5523cdecd,2022-11-23 19:21:14.887,18725479090
338bc3bd4fe7ae4a98345efcf143d810,2022-11-23 09:46:12.384,18725479090
d30fece22dde1487d4587d83fca2b6f5,2022-11-23 12:44:25.325,14318431803
ab704c790c40fb41a6b50e25cdfd405a,2022-11-23 16:56:45.029,14318431803
e121214de393fcbecb6d6e39326e4040,2022-11-23 16:21:56.585,18725479090
b2ffd65f4747ace85b96aef998b2bcbf,2022-11-23 17:26:15.740,18725479090
7ebcfb9b2af9b1a27b8898ce8772b124,2022-11-23 12:12:01.516,14318431803
cdef062ecbffd6a81b5775f177a006b6,2022-11-23 03:29:11.531,18529088791
809a232de93409566cb967565bb3ab18,2022-11-23 08:18:14.459,14318431803
f7372cc859f52b1c5c8ba4aac4227caa,2022-11-23 06:29:41.514,14318431803
aaf5957f86ee58553e99356c3da7cc0c,2022-11-23 06:38:08.679,18725479090
16134f19daecab751cccb5ccf37be812,2022-11-23 07:17:54.046,18725479090
cb5ca51d449db143935e8b84200293a7,2022-11-23 14:31:46.028,18529088791
7ffc4b105d26e7c806b31c02eae19a2c,2022-11-23 08:53:41.283,14318431803
51c801cff710082a27b528650c66b5ab,2022-11-23 07:43:07.102,18340470460
6afaaed1610022f7556294cb59ddf3fc,2022-11-23 19:35:44.427,18725479090
b0643026159dc8b9fd5f6c8a7d0485ae,2022-11-23 18:19:55.939,18725479090
20b19c1887fb4a60e56690ec5d267541,2022-11-23 15:40:52.724,14318431803
fd51cfa12cd98ff6c5a3a6f87a2aa0ef,2022-11-23 06:11:29.049,18796908459
f3524e04ee90750c4c4a8e264ea0ba50,2022-11-23 17:57:15.250,14318431803
7db0a0b202030e670e0ee424b1ab3567,2022-11-23 03:53:00.422,18340470460
c4cc7277082c16ae5552c6f5ddab020e,2022-11-23 16:13:58.996,18529088791
b8c3f86d00e0ffbcd03f4719b5d3c3b3,2022-11-23 08:34:13.778,18796908459
0850346005a3f55a6ce21a3594449a3c,2022-11-23 04:33:58.458,14318431803
b98e260bd52853a76f1e83d3eb64a562,2022-11-23 16:14:44.961,18529088791
a558a6439456a80e2af2768a8e7d50d5,2022-11-23 07:45:51.587,18725479090
0445228b16a6a0ec49aad67d0a5ed350,2022-11-23 07:47:18.567,18725479090
2d741019e72ab9d6c645448fcf70eb02,2022-11-23 17:28:42.413,18725479090
da487592f730e8c6e71257a0e9ebdfcc,2022-11-23 10:47:48.727,18725479090
39fcaa96c204afba572e323079ddee24,2022-11-23 08:31:17.277,14318431803
ac0ede7ce7aa51c38b0ba810721952ba,2022-11-23 17:01:34.413,18725479090
891e723329399575f0959d64e6c07204,2022-11-23 15:09:00.527,18725479090
604f765eb3deacf5713d274661f0fa9b,2022-11-23 06:37:16.967,18725479090
ca72d79ad4d82c8641295b929afc51aa,2022-11-05 17:33:55.148,14318431803
a27b872c7c0c470fd7e27d64fed4e36d,2022-11-05 09:03:30.472,14318431803
9642cd7fb07c82c764379645c107616a,2022-11-05 12:53:02.809,14318431803
335fcf97d66ba21894c4f2e509d1313f,2022-11-05 06:02:57.697,14318431803
90710dbf52cee98568b6d7cf7924e63b,2022-11-05 05:18:49.807,14318431803
74d75aee30a24bb99864b6e26a0c6c61,2022-11-05 17:12:31.929,14318431803
4e2b1f6ff2b74e082d242c188b5e5db6,2022-11-05 14:59:57.463,14318431803
45688060fefb02b9a3c97501c7ecd3be,2022-11-05 15:33:46.509,18725479090
fe1e5fe28d78f91bf9527a6dbf90b7de,2022-11-05 17:00:31.603,14318431803
e7629d8490fb71552c8ac1f36831707d,2022-11-05 09:42:51.575,18725479090
71bbca7fb22f638c9e84391e049cd61f,2022-11-05 09:30:14.382,14318431803
1c0f4f73d6007b7623938013ca247696,2022-11-05 13:29:21.273,18725479090
48262fedaa4a3e373ffab7b8de2c42e8,2022-11-05 06:20:00.117,18725479090
cb10286b9184b798c361f1d5b4ff6fef,2022-11-05 13:17:42.149,18725479090
40baad0e6af9a32a5210115f4696a360,2022-11-05 13:12:59.102,18725479090
ea6d795ad75fba26e56ae6332811d612,2022-11-05 16:47:41.614,14318431803
e27d8b9d51554e6e125190d9bce24b5d,2022-11-05 13:46:12.416,18725479090
2a090ba27e22c05567ff645b5ce0075a,2022-11-05 18:02:40.296,14318431803
c3c67c68218310d8e22ffe7a771ef7e2,2022-11-05 15:08:35.658,18725479090
0475a4bfcdb7e93706409e04fd3fd1ab,2022-11-05 18:40:23.612,18340470460
7d6625f0f7c7b83cc555f3eb838e6513,2022-11-05 13:45:49.276,14318431803
29aad2062dc15c8be0e8f93fbd908646,2022-11-05 08:28:39.087,18725479090
af1f08ccf9d65304d29e5a73dc4328f3,2022-11-05 06:27:20.909,14318431803
583274f707481a90466f9dcc4b00e2db,2022-11-05 20:28:43.018,18725479090
a5f443eeed1a4c687f3944210d36e6bd,2022-11-05 18:29:42.825,18796908459
465d2b9e02e3b830cf2c0e27f49324b1,2022-11-05 01:50:50.187,18529088791
3c7f2f8eea8022f4eea9b56404587e25,2022-11-05 22:11:17.725,14318431803
b410101bdd47e20b7357e8e9dc3e76e0,2022-11-05 13:21:10.640,18725479090
14e8f0f3ec0d63ee2aeeb4c6535e6883,2022-11-05 14:50:36.841,14318431803
cffa27d985af1e5128520d29102bc667,2022-11-05 05:49:17.388,14318431803
e29bfebca473a25c01871616f5cf0a8e,2022-11-05 16:01:38.898,18725479090
2e186fea19d5492db5c52c86e8706d65,2022-11-05 11:34:11.514,14318431803
d3c977744cee359f8c4f0d6379dab32c,2022-11-05 18:01:15.718,18529088791
fb9fe7bfd87d79de7032a6f0f8cfa933,2022-11-05 14:00:16.941,14318431803
651f644065c26ba4abd07f901a470139,2022-11-05 12:31:54.410,18725479090
407bbee9d9a1725a72f5d2924df72766,2022-11-05 18:56:07.139,18796908459
caae16274bdc44537f29a5a7501bb663,2022-11-05 03:38:53.160,14318431803
afa22c998f731a68589f42ff839b7df0,2022-11-05 21:04:18.132,14318431803
d29fd9a7a2b8441534bfcca61996c1be,2022-11-05 07:26:24.202,18725479090
d0af0ffdc49ab3ad4b492567430efef5,2022-11-05 14:43:37.988,18725479090
0e6d7fbf19397f976451ba742439e2db,2022-11-05 23:07:38.303,14318431803
94b7d93a17d0099795f009b9de6425b3,2022-11-05 07:52:43.006,18725479090
f10ad8976c4a0cfcaeca9db742f1ede2,2022-11-05 19:49:50.805,18529088791
f9da2fe75fdb17a3b0ef25e8d9c729c2,2022-11-05 03:40:03.274,18725479090
c2e361af13d86d386c05ebb15b299002,2022-11-05 21:08:48.577,18725479090
c164bf546272041baea9b389dfff360c,2022-11-05 07:56:44.078,18725479090
a0d4f9531350da6487a067dea1f10412,2022-11-05 22:42:42.819,18725479090
9c1292f4e628c78ab26c1f76bd6703d0,2022-11-05 14:00:46.136,18529088791
a6327bdc9850d15ce9aa81acee6b92f8,2022-11-05 06:37:37.616,18725479090
4865179d49fd4a534bbfd0bbc29cb80f,2022-11-05 05:36:07.948,18340470460
10dfe04b01de66fd8ec5b18503ad3d3b,2022-11-05 21:51:23.371,18725479090
e4d250f82f7b36de7fbf39b231e29898,2022-11-05 05:36:48.417,14318431803
7daf213d1aab5a77807759f78043442a,2022-11-05 20:15:06.762,18725479090
d0e2db6efbbaf78b96c1c5a4b3d06954,2022-11-05 14:50:04.607,18725479090
c4bcc9ca65c075eec1d0c606b6246741,2022-11-05 18:58:37.929,18796908459
ae4d90ee431b4585ca836359d6c9b9c5,2022-11-05 13:28:16.163,18529088791
d7a34dacc6203088a16baa4c51a13db7,2022-11-05 06:26:48.462,18725479090
3beab7f6cd1f7c7e0b7bec29f8ecdc60,2022-11-05 17:58:14.078,18529088791
baa3618af8c7b46021bc1382ff07ca5f,2022-11-05 18:52:53.342,14318431803
fffc541550a782a387d5391d3a96a1e1,2022-11-05 19:49:06.061,18529088791
3ff0f4c755622d8af38ae33879857498,2022-11-05 15:14:45.505,18725479090
c9e360d746231f3cfbf0d5dae90318e7,2022-11-05 14:29:59.517,18529088791
b058eb95bb42929a03c2422806b70ba1,2022-11-05 07:45:11.054,18725479090
c68db4513a2b929f12817f87b5120134,2022-11-05 11:05:38.324,14318431803
31a141b44b9b7f68d5ede7352091430b,2022-11-05 03:28:36.120,14318431803
1c3e0a5bb4c195d252bb27ac78b442d1,2022-11-05 07:49:59.779,18725479090
17e02fa934c8f904653139d20441cda6,2022-11-05 21:08:48.155,18796908459
7d7dbc2cc2deae85a7e5ea04ec8e963f,2022-11-05 08:11:07.126,18725479090
5828f6a18921f8a15c74ac926e7ffe34,2022-11-05 07:15:27.156,18725479090
c2a4e01665164620b0f0323c988ded97,2022-11-05 16:49:50.311,14318431803
29279e11239c784bd30fb637fb434002,2022-11-05 02:41:50.722,14318431803
99f4110861d16578868b9bcdcf75ee7e,2022-11-05 10:43:12.186,18725479090
91f9f1b6f8dd75c4cb5104c80bfb0023,2022-11-05 17:23:48.629,18725479090
bec39d8d021cbbc2e1927fbb586a61d1,2022-11-05 07:26:18.111,14318431803
7d3f84abd949b7a55c84657cd78523ea,2022-11-05 06:48:38.984,14318431803
778c6a7bac4a515985f785c6e78963cc,2022-11-05 21:10:24.999,18725479090
7e9e6fb26e05c397f4826eabf5195815,2022-11-05 11:26:07.397,14318431803
46cfa506b004bfc592e53c2e80475c15,2022-11-05 08:21:08.923,18725479090
d029834cf789029f95f03c93564ea999,2022-11-05 14:58:48.798,18725479090
6ac5293ec30ce8172d55a9190231921e,2022-11-05 15:12:23.072,18725479090
09e28439122d30d60a2c94b5bff7a7c8,2022-11-05 09:09:48.693,14318431803
6af68084816c7b51344c78e9b8d8dfab,2022-11-05 18:05:47.694,18725479090
e58c0fb0c46b4359afae0f48c7fc28ec,2022-11-05 22:26:47.889,18340470460
8c4a6bf5063ab9bf8b2dca3366224420,2022-11-05 10:43:31.273,18796908459
1f9c10a0dcb0e5609d5548f119ee1a61,2022-11-05 05:53:43.043,18529088791
c66511050f1a56f56058e3dee07ca911,2022-11-05 06:18:04.163,18529088791
5ffaed7d1d5e1748f4f9a3e312b3f57f,2022-11-05 16:21:26.795,18725479090
b67be8aa463598b5d59fbdc10db3dd8e,2022-11-05 09:29:53.833,14318431803
95f0d256baa0883ee7328c71bf43a9b1,2022-11-05 10:30:28.438,18725479090
cda839d0793a27eb3969b009d712c299,2022-11-05 22:02:16.784,18725479090
415b879308780cdcf4de63a4df7e156f,2022-11-05 10:00:34.973,18725479090
ed37162cd2759ff180485bdf207ca397,2022-11-05 15:46:13.580,18725479090
82ea157cd7e662d8a37a11bdc5936fb6,2022-11-05 22:04:01.495,14318431803
9cb1ecff2f8d53b834bfcee815fbad17,2022-11-05 19:35:28.061,18796908459
4a0e8ae10353068cfe28a6922dca2a36,2022-11-05 06:16:12.050,18529088791
89b9b51dbb73de2815b14d1fac2da5de,2022-11-05 12:08:12.927,18725479090
c4d9a0db71f71d2251741b0b657d9283,2022-11-05 06:53:45.253,14318431803
a6126d6f6394a6d6881338fb6bad9480,2022-11-05 20:45:16.109,18725479090
010778bc47710d7a43d55c694d1c2c63,2022-11-05 18:28:19.023,18725479090
c799c8622607a97b58b5d102b74c0fcd,2022-11-05 17:48:41.903,18725479090
d4064a48eed9d8f9abf0c51b801e51ca,2022-11-05 11:39:20.112,18529088791
9bdcc977daabe980c5a1386204eda811,2022-11-05 16:41:28.687,18725479090
502cbac7ee24037d9fe29b4ca9ee3645,2022-11-05 10:08:42.955,14318431803
b8ff2a63c55e61c1a54268a640add122,2022-11-05 17:05:08.443,14883589082
f861ead6a49aa9bc02047469fc094a02,2022-11-05 16:41:34.051,14318431803
8f702691a0ca30ed2c28f4b486a4f26e,2022-11-05 07:32:44.218,18340470460
72cde2c696d300df00256e08ab7a547c,2022-11-05 06:39:46.622,18725479090
69ba8f3092f9148f97e530a0b69cce3f,2022-11-05 15:24:26.663,18725479090
7336439601d03618c54a02f5837df2a5,2022-11-05 12:24:10.890,14318431803
1979d17772e495321904d751707d7e86,2022-11-05 23:13:11.515,18725479090
c03f58ea6b27409971e867c75b4e6292,2022-11-05 10:20:57.954,14318431803
5b2b4e192847f405788ca50317449f05,2022-11-05 14:40:37.716,18529088791
ce6c5a3f0b9f19ef6c594c7eb30e5366,2022-11-05 03:24:02.124,18725479090
03adb40d93ce30babe6a968077eebd57,2022-11-05 11:44:39.416,14318431803
179c069d2662e5f7734faeb9cae5578a,2022-11-05 10:47:41.364,14318431803
8620107849bbd0538c2815df3886f240,2022-11-05 04:39:33.102,18725479090
ec6c3ad22f5fe113400b4e8e0569b252,2022-11-05 16:00:04.572,18725479090
59fe557f8e104f3f823aab29ef0c26d3,2022-11-05 15:21:43.731,18725479090
0b5d04a1722642f8fec495834b2a6706,2022-11-05 16:08:40.730,18725479090
2241016d2ccf0c2cb08b03bf90a0d446,2022-11-05 02:15:11.157,14318431803
5b3799ad8b733eb15e95956ca061f04c,2022-11-05 10:28:04.951,14318431803
7c6f40421ff685f4fcde3fb206836af2,2022-11-05 04:06:07.219,18529088791
f22671e99677907de1c784264559b81a,2022-11-05 12:02:57.588,18725479090
e1c82ef6bd087ad734bd15cd1cca2e71,2022-11-05 13:48:23.125,18725479090
41f59ae37b45ba00fb0e099881c3e545,2022-11-05 00:35:54.608,14318431803
74001c72aa5967031c41a1777ef91277,2022-11-05 21:42:58.666,14318431803
e697d82f78ee396e65b7e72e26569e60,2022-11-05 06:54:59.792,18725479090
7d569eecc3ed8e745362bad9fcc0fbd2,2022-11-05 08:18:58.096,14318431803
7271bfb557f9cd4008c975cb54486aa7,2022-11-05 12:16:15.131,18725479090
979063aec361a42b344b9aa32ac303b4,2022-11-05 11:04:12.794,14318431803
a5f3ae1fbc3f05b7c6cbf42100981b76,2022-11-05 10:00:40.456,18725479090
3e70e3c24d85819f1df3e3bf0393db3c,2022-11-05 19:46:28.272,14318431803
803e3f890291c9cd9f3bfec4f470c6bb,2022-11-05 17:44:45.514,18529088791
8bd44546779c9c2931d1240639c82643,2022-11-05 07:16:51.663,18725479090
6fe28df34aaf1db7d020edef3c704ce8,2022-11-05 06:01:04.861,18725479090
981ab9a85ac9ddf73e3b89ec0f9dca19,2022-11-05 08:29:42.155,18796908459
018f2efde0b956fdfe9004d22c5d3174,2022-11-05 19:36:33.085,14318431803
0f36668d154858aaf3be46563ec70d22,2022-11-05 16:16:42.280,18725479090
67a02305d1a1be1e2916650885427f97,2022-11-05 10:22:47.453,14318431803
5305698e89f974107ca193479ccd258a,2022-11-05 06:22:21.863,14318431803
6a853f368d989528509a5e104e266ee0,2022-11-05 14:09:23.211,18725479090
bb0cbeaaaea2fe8057549e196fd3c680,2022-11-05 14:47:08.036,14318431803
de6e5b89f7f81c089d8ed3e5ececb8f7,2022-11-05 18:41:04.513,18725479090
171664fb89492fa92a7851be46025c6a,2022-11-05 17:32:52.391,18725479090
6443ce2b5861730c5d1b24552f9aa4c6,2022-11-05 08:34:11.640,18529088791
36a344c53b22a037ac1bd79afb38a095,2022-11-05 04:54:06.404,14318431803
18e1ce5aa9dd568a1f8728af7fbea168,2022-11-05 17:45:25.433,18725479090
39e551e598313225556d1fca35fde577,2022-11-05 19:23:34.767,14318431803
60a7faca378d0e774fa1809a48f22ce2,2022-11-05 03:59:41.980,14318431803
4a465c519b49af1bef671f6cb54c39b6,2022-11-05 15:35:04.548,18725479090
f8896e3470c078cbb62d137cacb767cd,2022-11-05 14:44:15.442,14318431803
c2efc81267341891a55906570adf4c1f,2022-11-05 06:07:11.086,14318431803
904a78bb2a028a2a35a5eb28d0e1d8b5,2022-11-05 18:19:27.399,18529088791
9e9a3539514b537d454ef19f53e0fce4,2022-11-05 09:26:40.515,18725479090
8879ead48cec4e231730352e00f138d8,2022-11-05 09:36:39.251,14318431803
230b68a54dd939f48001ed9fa6e564d1,2022-11-05 00:36:00.618,14318431803
a3894f723f354914a66b548448e7dbad,2022-11-05 16:17:53.040,14318431803
f7c249ba387f6fea66716168688cfb5e,2022-11-05 19:20:46.144,14883589082
8d5aa4ec696ea3afc32d8824e2102dca,2022-11-05 17:23:11.297,18529088791
53bd0caa8126a1666fe33eb1269c41d7,2022-11-05 08:06:22.429,18529088791
1b116d95d6d21b15ebb698bbb8f2731d,2022-11-05 05:23:57.545,18725479090
b1ccbe2a1430226c17bc059b7dd093e1,2022-11-05 10:11:36.453,18725479090
4e6d90a918fac7327e3ba967d2e1c6ec,2022-11-05 09:29:34.404,14318431803
dba52975487d879b677ddf0ce3d780ad,2022-11-05 18:57:34.677,14883589082
810eefad32a6998e39424a2d96f4d1ce,2022-11-05 10:01:31.203,14318431803
ac2e28ff3bf443cde56afeed6349acee,2022-11-05 07:54:50.237,14318431803
dfbdc7aebba16b95dc0a2fd8e749d84a,2022-11-05 10:11:21.218,15692110281
40c81e036a7b46e15a812c55d672b9e0,2022-11-05 11:47:45.836,18529088791
67a6161f009c937a77f78daefa0a44ae,2022-11-05 16:50:22.872,14318431803
a6d2ae7f82fd0d937614564486ca06d8,2022-11-05 17:48:07.456,18725479090
baaab99d26f465591083a81494027160,2022-11-05 15:08:59.356,18725479090
7cab37dcfbb141f04ce03fcd7d22109a,2022-11-05 17:05:39.922,14318431803
f867316b074f6f05e5764ca257a45489,2022-11-05 04:58:01.913,18725479090
1943edcb094a37c6248cfa2cd35216fb,2022-11-05 10:43:38.336,14318431803
b31aca205ced7d31eddf5d4b6cc4dc6d,2022-11-05 19:03:48.023,14318431803
27b23f885e615320426638c65b780bd9,2022-11-05 02:56:21.395,18725479090
0f0d5e6abf16bd2141a58b99527d1169,2022-11-05 19:36:59.969,14318431803
40675d18be80d0e75fa00b25ec912dce,2022-11-05 11:31:07.376,18725479090
8531e7b34ebf7aba7afe43c605b16f3c,2022-11-05 18:21:20.548,14318431803
7970d6f72c7db1dc70f8f327dd5df320,2022-11-05 06:17:52.491,14318431803
7eb2834d3ab518128f6f7c9077b4a7ea,2022-11-05 12:28:22.908,18725479090
374b3741d7043d54da316f9043730850,2022-11-05 08:50:23.914,18725479090
9518e61f481bba22aa8a9de22d3687b4,2022-11-05 09:26:30.496,18725479090
0751b2383d2ffa3a509215935b8e8c12,2022-11-05 22:54:32.317,14318431803
b8b4df69201d5201bd964bd362684c51,2022-11-05 11:42:04.133,18529088791
e54fd20a4b7511710ecddb41ec4947be,2022-11-05 09:34:28.341,14318431803
4a0ce69b15052ccf203a4576b3e480aa,2022-11-10 11:02:57.847,18529088791
21ddfde7843d81b97648536ec6b1a9f8,2022-11-10 11:17:38.777,18725479090
97265f1c0bba5de3c39f31ab336dcf3a,2022-11-10 02:50:04.196,18725479090
0a31d0018a334de2d0409658ed45efbf,2022-11-10 10:49:06.227,18725479090
3103b42440dfc3a2abe5c9e466998853,2022-11-10 14:23:21.320,18725479090
9a2e592a9d1a39d9710bad8ea8d1bbc9,2022-11-10 04:47:05.197,18725479090
02858a532b9192cf9e26cb06a257dcdc,2022-11-10 04:26:21.682,14318431803
f481db234341d67f0cc35f2428d9da0d,2022-11-10 13:57:12.767,18725479090
675fe8006148461755a325bb3feb6622,2022-11-10 18:11:26.307,18725479090
f86c331c4263a9194d63d0a59d039201,2022-11-10 04:44:33.262,14318431803
93ba40336b6983009042949a049374ca,2022-11-10 08:28:14.910,14318431803
83c44a5ac08f666f66543ef24e337d34,2022-11-10 02:35:31.651,18725479090
3a1612e2132f29fef2f7c74961130895,2022-11-10 03:47:53.505,14318431803
cd7c12f59dd18c37a212d8f5620351fa,2022-11-10 08:07:19.293,14318431803
118b14de0c9f33b3bb90ab062e331e78,2022-11-10 20:44:56.616,14318431803
f92ddbd1d09c6da7e7d79dfac5636ae8,2022-11-10 05:35:31.036,18725479090
faab054bd1ff0129b165bd8a2ffb2114,2022-11-10 03:02:00.121,14318431803
453d9a841641f565ff9a65f97ac43dd7,2022-11-10 06:44:05.077,18725479090
d2f7f7eb52eb1f01ab86fe3e03cafdcc,2022-11-10 06:47:53.414,14318431803
73f3ddc83a60d9cf54309d5e7b20422d,2022-11-10 16:16:07.052,18725479090
5af2e58594201cfa9729582000a06b8d,2022-11-10 18:35:32.427,14318431803
80b8c641116cd1d372ba289d2051d319,2022-11-10 19:24:25.785,14318431803
668041dfdac19185d3bf9d74afb81bc8,2022-11-10 08:11:45.161,18725479090
2b30c76c5960a7234b7286495e462555,2022-11-10 10:05:52.280,18725479090
aa7cfecc16a93e2feeb5a8352ca96e2a,2022-11-10 06:10:33.904,18529088791
40f3c0057bd1f4f6c871a176f1b04b6d,2022-11-10 22:55:20.187,14318431803
0b07315bf7087d0a9b2ab72a5bba25d1,2022-11-10 17:18:21.403,14318431803
69edbe7ab108c4d0400d92e2e5d2b6de,2022-11-10 03:52:44.071,18725479090
fbf8f8ac0b29a988a95e7b0e19649c6c,2022-11-10 05:43:00.103,18340470460
671de33b19dd9589498aed60ad9bf373,2022-11-10 10:53:19.280,18340470460
792b9ebd938554761a9645d1f6d4c39f,2022-11-10 17:04:38.437,14318431803
0437223adde6a3826a181969d72f748b,2022-11-10 06:25:22.538,18725479090
e356d3eb500f2e815df0af7896b4bc1e,2022-11-10 21:09:36.882,18796908459
fba297545df5276bd75aa664ef89975a,2022-11-10 15:08:37.675,18870069966
ca0ccc1698ca4bb611fa825f38282d8b,2022-11-10 10:06:05.912,18725479090
ee98890f006c4482234629d4dee30587,2022-11-10 16:00:05.335,18725479090
d048b05e917f01b87bccf54b82cccdbe,2022-11-10 11:07:57.506,18529088791
4dc7b2c144a9dc957f58f8bc2b2e227f,2022-11-10 14:05:40.397,18725479090
5e05ff932067b655304f059830bd6a15,2022-11-10 08:04:25.669,18725479090
dd39a7634c076d7f43bcc4329b15dd88,2022-11-10 03:56:37.974,18725479090
c21115acc43755de582345264a06db74,2022-11-10 00:19:55.001,14318431803
b800d99c58dfa96e2a1e610adf6a3fb8,2022-11-10 17:50:10.860,14318431803
2dfb1f24fc801af243746588b556c722,2022-11-10 16:10:17.486,14318431803
c76d2d9740831eac224326815c6a8d3a,2022-11-10 16:04:44.194,18725479090
fef2339246cd58b0bb2022b7a83a5d06,2022-11-10 17:07:26.874,14318431803
36564198a8a6cb986ebe6c82d568057d,2022-11-10 07:50:24.223,14318431803
3d6311cd39bfadd0752b179ff0fbd8f7,2022-11-10 12:37:19.293,18725479090
def42dad9be63ccf6e273fb22b826054,2022-11-10 19:18:49.755,18725479090
e39fa2a0704a00f7bdac4e214c556dfb,2022-11-10 01:30:02.402,18725479090
664aaa7f7e4bab729551bc8bf29d8cb7,2022-11-10 20:02:04.107,18796908459
df8bf8cfba188367733ad4b317acc6c3,2022-11-10 05:13:42.808,14318431803
d8f6dcaf8b50b512db5c45beef2f0b48,2022-11-10 02:39:42.788,14318431803
fd6b8dae4d183e4c0501c893a6f9a291,2022-11-10 08:42:19.740,18725479090
5a0881ffa3d6b8ec0930a689621d4bfb,2022-11-10 16:23:21.825,14318431803
ba246522e0b09918b9edff347a194b0a,2022-11-10 20:52:11.270,14318431803
92db7e791d6acf93cf5767160697078a,2022-11-10 19:14:53.076,14318431803
b8ac7a983300fa873ce4290cafa442eb,2022-11-10 05:43:54.693,14318431803
b7a13dad8a4df10f5269fa5beb8d3331,2022-11-10 05:02:41.898,14318431803
6b0a57a60e18af2a643081db20dc59c8,2022-11-10 14:25:07.359,18529088791
3cba34054d6a10798c73c866f6115287,2022-11-10 14:26:20.879,18796908459
d2d7918ccea1f1740d688c48c6fbfd1c,2022-11-10 12:24:07.927,18725479090
0e37586e7e6ff2b61fcab41c2d30f0c8,2022-11-10 19:58:55.405,18796908459
c40e58872672555678cf082bf1b8d0f5,2022-11-10 17:20:55.330,18725479090
14f296d74665a3de8a652a6d5e964c2a,2022-11-10 10:35:35.779,18725479090
a383de264fb3acb24f7755c88971b5f9,2022-11-10 06:19:55.252,18725479090
bc5b6ea502c2a18f8c23ced2f5ccbefd,2022-11-10 12:51:55.989,18725479090
2186a83b95d0e84bc4a0b0c158c9812a,2022-11-10 15:55:43.021,18725479090
85423a59a6173b266a170a6d8e7d95ab,2022-11-10 07:08:02.606,14318431803
72384f6cd33fe31eee7ee2e0c55e3f89,2022-11-10 17:37:56.469,18725479090
f562c9a5f3f77b41bdc2a64a5f3b471f,2022-11-10 17:47:50.334,14318431803
dfe80c78939d4677299050d6854ee63c,2022-11-10 02:08:33.238,18725479090
f0ea69d88484ae5bebe5c705a3672207,2022-11-10 03:15:32.119,14883589082
42734dca9fe9d7b8d02848712a9bcce2,2022-11-10 13:47:51.156,18725479090
64a2973868ef93037c5e7bc6fd9ef3b2,2022-11-10 22:19:23.780,18529088791
a825e873e40c09a202c2b41144a0fad7,2022-11-10 09:59:52.794,18725479090
4bfd4ecf1ba40e7465d40c48f5fd3e31,2022-11-10 04:02:24.684,14318431803
d8df720dfb95e2f39f67f9b611257bdc,2022-11-10 15:29:00.064,18529088791
1a4f021bce1a5916e5baf99fe640dddd,2022-11-10 16:18:17.178,14318431803
0d9b3c3bf19cf85dd622717d69f9d747,2022-11-10 16:32:10.514,14318431803
e78792d54d94abcf8c1f6dec8d0bd1b6,2022-11-10 21:37:37.159,18725479090
83e6e6f3b645ef6b84c3354b5aedfc20,2022-11-10 17:21:22.780,14318431803
b8a5a60e5dedfcc52010660acf8f6119,2022-11-10 14:45:49.872,18725479090
86ea147f8a7c0ab82c4d908e644f97a7,2022-11-10 09:18:03.623,18725479090
e9e0340843c868172960286a9309b212,2022-11-10 03:49:09.634,18529088791
cc3a476585ad6585d65ac6611c8f4ac0,2022-11-10 08:47:08.841,18725479090
47cacba25597a63bec57d0d85108e261,2022-11-10 08:48:45.948,14318431803
a89cead1c1f7fdbb0b701aff5a846114,2022-11-10 17:17:10.479,14318431803
7216519f9a947c3a02d353dae04916ac,2022-11-10 17:34:53.895,18725479090
631544f864101b69fa936206b388a69b,2022-11-10 04:19:47.411,18529088791
875571c835264853b5cbaee6edb0b825,2022-11-10 01:39:11.595,14318431803
17ca78d6c8f9c37c8164b047727fe030,2022-11-10 13:39:57.072,18529088791
108cff763cbf189b2855b8992418eb0f,2022-11-10 18:33:25.931,18725479090
19768ab708fb38798e11137692abb266,2022-11-10 03:57:53.341,14318431803
4d9df1a72ede5f790a280ca470e84b12,2022-11-10 11:27:22.365,18725479090
35a10c5361e6023d330fd18c96dda155,2022-11-10 18:22:50.751,18725479090
75b509e82c6155b850a07048831dd4ac,2022-11-10 08:44:24.793,18725479090
49e7c3878e5d81190c14a4aab690acf9,2022-11-10 05:06:21.094,14318431803
9f8cba2fc0cd1ea993a9033777701ffa,2022-11-10 01:12:52.622,18796908459
96fcf94eb3b977369e7d70a8f719875e,2022-11-10 09:11:15.084,18796908459
660fe8d2216b6e8a92e7257300e88a80,2022-11-10 23:02:36.067,18529088791
20b022b8a9e4a894659ae76d46c0c5ee,2022-11-10 11:28:00.513,18529088791
a1b9feed59ac0b510f5f76dac6e9cf0b,2022-11-10 07:02:25.696,18796908459
749214543c22466d5a23427e7a2f470f,2022-11-10 18:50:22.593,14318431803
b3654ad3e8086ce7a3cffeff08f41247,2022-11-10 16:12:28.583,14318431803
e61c1a1b2b616f0490cf8132c79b16b9,2022-11-10 09:24:41.084,14318431803
cb1116d804d9a88b3c613801fddb8a0c,2022-11-10 03:19:08.429,14318431803
3a1110239ce62e8be4288d26371c4bc5,2022-11-10 12:16:22.936,18796908459
e9a00ad97213862a9e70924905a0a303,2022-11-10 20:25:36.448,14318431803
b4aba5bf846350fb11b22cbd2744cc42,2022-11-10 09:11:42.305,14318431803
0b3942cb8d2976b9c32049896f8f948e,2022-11-10 15:04:44.658,14318431803
3c4c93dc0060351b8b7987f40b152657,2022-11-10 06:06:51.712,14318431803
6311fc58f98c186a4d1bbd3835daf1ac,2022-11-10 08:22:13.945,14318431803
b451d76b4367ea2f1498bbf69c18970f,2022-11-10 08:11:52.801,18529088791
8e1c4dc3c4eced124d25bbe3a3a5f6a8,2022-11-10 07:48:53.968,14318431803
bcfc0c6ea963637d193b94f7e0b49ffc,2022-11-10 05:46:28.927,18725479090
73578caff57f859e459982aaff849e19,2022-11-10 09:44:17.874,14318431803
f2e1e9fa125f8e35a91bbff72a11e112,2022-11-10 17:18:14.838,18725479090
0403eb1c9d04be059818050dc7387dbd,2022-11-10 21:54:35.260,18725479090
e9a0c754199b13d447db4dc56601b61c,2022-11-10 06:38:57.676,14318431803
58e6edd1d442b2e0a85041d07548bef2,2022-11-10 20:26:56.979,14318431803
776f72a4770b4e90cedf795fe45c3b53,2022-11-10 13:09:20.141,18725479090
3fd67708bc47bbb4e02de07dacbb57ed,2022-11-10 03:25:34.904,18529088791
11dfbf3b48629df82211df8b5ef3d6b7,2022-11-10 05:56:59.417,14318431803
e4cf668a9413cf04a4768e78580fc6e4,2022-11-10 19:33:00.909,18529088791
307662eaba85b0339ab574282221651f,2022-11-10 17:23:00.410,14318431803
9a0daca53428277c9c751941b4d41bbd,2022-11-10 20:00:30.637,18796908459
9252f7ff87e505da5d414a0c0245ad9f,2022-11-10 11:25:36.707,14318431803
1d825153629d6641416ce9f8475b1096,2022-11-10 05:55:13.442,14318431803
e784a89e7783c0c37234451e2a08e15a,2022-11-10 05:19:24.262,14318431803
d670727290198121e0cf3c82bee57d28,2022-11-10 11:36:56.799,18529088791
dd015747dc7741ff8a001867dc58214f,2022-11-10 08:49:02.923,14318431803
5c5ce69e39c6a39609ccca5960739ae6,2022-11-10 16:13:08.920,14318431803
a8a91c35d58744035e9e20938800e0ba,2022-11-10 19:49:15.052,18725479090
185c378a7671fd1605650c9b259ac3e6,2022-11-10 16:43:49.772,18529088791
445e3107113e594463dbff2df6774a64,2022-11-10 11:30:11.195,14883589082
62f64190315e300533b4d06261208f54,2022-11-10 05:52:20.509,14318431803
9c77c5b6f4684c4654c09a95261cf2c0,2022-11-10 09:06:17.913,14318431803
42f65450f2ce9ce65c34841b2d48be17,2022-11-10 16:51:15.060,18725479090
7682638d072c8f5a7ff989e97b8b9e81,2022-11-10 08:37:09.555,18529088791
46265d3c7f62c5c778a2756f855e76c5,2022-11-10 16:08:52.205,14318431803
5f4b14fddc11cacdf158112f7a68c8cf,2022-11-10 13:59:52.842,18725479090
4328442696433a54c7e4416551f8f16d,2022-11-10 07:46:11.003,14318431803
fb8b18b6cdd913b8f0803a43a83a9d26,2022-11-10 20:11:38.571,14318431803
96cd19f5710606fad3f779df058318c9,2022-11-10 17:52:43.328,18725479090
11b4de0b7dc6e934c27f1024de2ecbf7,2022-11-10 17:01:35.706,14318431803
dfac65b4c8a6e3d21ea211fc03c7cde8,2022-11-10 03:50:39.651,18725479090
e2a1dd6f27499ed18411a59c060fca23,2022-11-10 10:42:40.374,18725479090
d9a4ecf69e323fb38dba2140487e8c54,2022-11-10 05:26:00.101,14318431803
d17731a3badec0767ffe87e9ef59b73c,2022-11-10 04:12:39.268,18725479090
050cc32837a74936285aa637b94936bb,2022-11-10 08:59:49.673,18725479090
eeaf8d945f2e76d8fcbc20ae9d3fe387,2022-11-10 08:42:45.898,18725479090
07d5ac570d809b7edaa5030f075de3dc,2022-11-10 19:32:58.216,18725479090
06a746c2acbe81e224b8918d17ba2cdd,2022-11-10 15:26:06.661,14883589082
f45f8e13861a8be73f025e66857faa79,2022-11-10 17:47:29.882,14318431803
7e1457392a5edc7d8a5f3b448360c075,2022-11-10 10:28:07.068,14318431803
306eb9526ddc926136a051fd2d80fbdc,2022-11-10 15:16:17.432,18725479090
239cc0411f6602abf20dd9417bc89df6,2022-11-10 16:21:14.849,18529088791
556d146bfa157f3479254035f5f91ee4,2022-11-10 19:23:30.664,14318431803
a6efada387f15d9b944c75b6fab3757a,2022-11-10 16:27:37.479,18725479090
d89c988be9f6dac0997332943c8720c6,2022-11-10 19:41:32.971,18725479090
5aa1701c6c78421054f7a49c34d833fb,2022-11-10 01:41:05.772,18725479090
44ab5f3380a6f018e5277508dfd596f1,2022-11-10 08:20:57.357,14883589082
27e6f231cd171c76e844fa9ea357c3dd,2022-11-10 11:11:19.048,18796908459
40fade709793f008d6a28e6162858876,2022-11-10 05:27:47.949,18725479090
14ab640e162c13da339be8639b9d61a8,2022-11-10 09:28:22.022,14318431803
269ff71262cc86d189390067229b4aa9,2022-11-10 09:39:29.190,18796908459
fbc3d9fe022809821c8694aa6886d3ca,2022-11-10 08:46:31.786,18725479090
7aae984a4de5eb1e8478b8b5905d630e,2022-11-10 10:54:14.550,14318431803
b637e90615e1487931e57ad0109c8999,2022-11-10 05:03:27.348,18529088791
0dcf0a1739f4c644220794b5aadc091a,2022-11-10 04:37:37.794,14318431803
cd0da71d649ef66cfd5b035bd1a573ad,2022-11-10 08:44:01.104,18725479090
95efcf6852934c7d7144298fc5f3e898,2022-11-10 22:36:02.087,18796908459
5820615e4926bf9ea9fc9cd4982d2eb5,2022-11-07 10:17:53.270,14318431803
b3b12faab745dcdc35e9ef558a806f82,2022-11-07 12:31:27.855,18529088791
dfe6581eac35a90a5c1f5cf4d9c35739,2022-11-07 15:30:03.160,14318431803
9e40511276ed165b2b5daad2412ccf8a,2022-11-07 04:38:14.343,18529088791
0c992300d8b8277f28e02eb347c7b613,2022-11-07 08:31:56.268,14318431803
d0ddfe698a5323c1eb83f3a82b551eb9,2022-11-07 23:53:19.469,18796908459
7acab508ed18b1fd9e83608b47a1b010,2022-11-07 03:17:33.373,14318431803
bd19dd7d1aff2ccfa407eab2a550bd84,2022-11-07 11:42:36.963,14318431803
c4333e4f4ca77b0c140a74fc2812b81b,2022-11-07 10:49:53.674,18529088791
17b3cbf2151b4d509318940d6d4c710c,2022-11-07 10:47:24.804,14318431803
a0eaccb9ae28d3695d53bc6b1086f8c3,2022-11-07 16:37:47.507,18725479090
193b3e7836d8a53c3daec00a5c2c767b,2022-11-07 18:39:08.301,14318431803
3b7d9b6f6c7a1ac578ffca5eddeb77a4,2022-11-07 07:13:42.129,14318431803
35c27469bc023d0ce92555584ad9c62a,2022-11-07 05:10:11.717,14318431803
f09ba0ff03e4459f0ec5ddb2f1fef936,2022-11-07 17:16:10.464,18725479090
697be3eff4989a490d0d9af69c3090a4,2022-11-07 13:38:41.252,18340470460
9b8d004f6145c3807bab857544019561,2022-11-07 20:01:17.904,14318431803
60aa915292ddf0777bfa3cf042326c45,2022-11-07 18:52:12.983,14318431803
c117798f229f19cb141c15f7503c6bb9,2022-11-07 15:19:46.168,18725479090
be5636b892f8efb5f44fc268e69a5520,2022-11-07 18:21:27.181,14318431803
ea1781a7691e78c20a655acc4831d824,2022-11-07 11:27:02.058,18725479090
9bc179521198d67bed5315313b5c1cd6,2022-11-07 14:10:40.252,18725479090
1f4cbd549e165856b4681169e3e91362,2022-11-07 03:49:05.138,18725479090
fb8e6304ecda007d71c9a975b8a493b9,2022-11-07 12:59:26.606,18725479090
0c74b852293453165a2b8e29b4ab0765,2022-11-07 19:59:22.448,14318431803
6426f3ccd37ea358ae8dbdfef69aaa20,2022-11-07 15:55:50.034,18725479090
a6f4b65e226a4407e3d390b39065f6eb,2022-11-07 13:56:29.345,18725479090
7e3e2f3e1d14a325556753085762f702,2022-11-07 19:33:59.170,18529088791
c413000f23023042b0549c1d6ddb753e,2022-11-07 16:03:41.376,18340470460
195d0f2357423696b0237f77b62fb41c,2022-11-07 13:51:05.090,18725479090
b4579fb46f36a00f47796c99e3b3e0fa,2022-11-07 02:46:07.251,14318431803
0bafecf6625a679e27bc0bdbeb0437ce,2022-11-07 19:49:41.054,18725479090
1da81c361e3b39d6c117cef37f487497,2022-11-07 10:56:03.170,18796908459
a8634b7d280810f9b6f36749ab150a3b,2022-11-07 04:39:46.476,14318431803
02982137ff93917d4b20d56ef35d1a0e,2022-11-07 03:33:23.078,18796908459
41c41dd35839a9cf9e062687257eb717,2022-11-07 01:56:36.269,18529088791
34ffd024899c302e23e6989bdfdc4d60,2022-11-07 06:42:11.648,18725479090
8c1b6b361f48338dfad5b2cb697f9f85,2022-11-07 12:32:51.273,18725479090
e7ba6b20ac3b5118c250808c6feb92f0,2022-11-07 17:19:38.998,14318431803
180b09792a86913c8cbe2e422d3620cc,2022-11-07 21:58:41.020,14318431803
b2e97ff79c8c0cfb497cb66cc85270a3,2022-11-07 05:24:57.613,14318431803
f1c8ff6a4075875e0f85750fff189988,2022-11-07 14:46:04.448,14318431803
8fb07385fa4ed9b2f58469bdff0279aa,2022-11-07 03:26:45.472,18725479090
b7c0e89db1e3d45d1b3c2c910c043dbb,2022-11-07 12:44:18.165,18725479090
11a9ad48bee1a3abdf950d75d977b9f1,2022-11-07 18:14:42.096,18796908459
01d26861c6c5425b8f487e995ad52083,2022-11-07 08:47:50.329,18725479090
0c7eb8de4d62647584d31c41f182f600,2022-11-07 16:00:20.979,14318431803
6c4bb0f60d2432afaeae36650253d1b5,2022-11-07 10:28:39.696,18725479090
47c17b1734111395b4c72e0cf7846ba2,2022-11-07 08:57:37.325,18796908459
0c6149526e1aa72029948ada7ffade04,2022-11-07 19:13:45.987,14318431803
71a6b25780029637e8721ee16a4a75ec,2022-11-07 17:59:45.237,18796908459
e6fa1f5a92a948d8628ca490106aef71,2022-11-07 04:15:36.556,18529088791
5e793183e52363ad9fbe7b742f17cdfc,2022-11-07 11:52:57.473,18725479090
710c40340558e050875a0a825139fc64,2022-11-07 06:14:45.341,18529088791
d56fcc4223ecbb32819c6463f11367a4,2022-11-07 10:07:08.362,14318431803
d4c4ca605c261e97ae4b11c6d17f5b53,2022-11-07 18:53:05.612,18796908459
922b1983dc3d708a4aa866916172e87b,2022-11-07 13:03:46.417,18725479090
899e9ec68e0e490b41a136bea3f237f1,2022-11-07 06:08:36.588,14318431803
ce65f00c69622b4a320cb6949896d462,2022-11-07 08:35:04.159,14318431803
267a42f14b4fec49e40f8d601a97f492,2022-11-07 12:03:08.460,14318431803
146f9b9388f7b48b9b8dfe27e84526c4,2022-11-07 07:45:08.242,18529088791
2ca621f54ba5e8fd0ca1539d0a2718e5,2022-11-07 20:50:43.202,14318431803
67ec3e2e728e1a7955de72d58dab6b32,2022-11-07 19:26:52.544,14318431803
b3c1de264899f76344a325bd7d01773e,2022-11-07 01:05:11.698,18725479090
ef2b76350f80880b42201361a43b97e5,2022-11-07 04:30:06.752,18725479090
2b7be4186fe335f5580a1fdccdadbf40,2022-11-07 19:31:30.737,18529088791
784697fc653028e107c6a3abbcab2725,2022-11-07 08:41:04.178,14318431803
fcd9ea7dba4108f464fe8056fd42da27,2022-11-07 10:04:51.032,14318431803
edd54a8c239c92b56ecd5d1b69b325eb,2022-11-07 06:52:31.107,18725479090
6fef1b6dcbf89399ef953d8d61c60018,2022-11-07 19:08:34.757,18725479090
c94acec4bcf486d340288db8aafed380,2022-11-07 09:00:13.969,18725479090
23d63e1f1c2908ea992f2c6305abe805,2022-11-07 19:35:56.087,18725479090
11968445f3ff34f98959d50aea56c66a,2022-11-07 02:44:48.939,18725479090
42d8d7b2ca8f736d3645e9468e5f3816,2022-11-07 09:26:54.365,18725479090
9666577ae98cbecb855e9758d47bb755,2022-11-07 02:09:01.029,18529088791
2189d8960af94a0a9963a5857bd6387e,2022-11-07 09:30:11.549,18725479090
b7ad5b0c958e6fb126291aec105f645e,2022-11-07 05:14:53.195,14318431803
ab9f94d93dcdbf47cb02ee95644abae6,2022-11-07 17:22:12.511,14318431803
fad25fee83a067234ca35f3b951ecb0b,2022-11-07 16:52:17.117,14318431803
01f755676e3f01ecfc5a226e9fc732c4,2022-11-07 09:51:10.142,14318431803
e843434929be2cef8590fbc14c9aa2c7,2022-11-07 06:17:13.586,14318431803
480d30a3c7a0f3fe0ef0b334675db6a7,2022-11-07 18:24:06.765,18796908459
1f0efe2541d2d8574f136ef395db2826,2022-11-07 13:23:39.404,14318431803
46bced951ba87b60965638700276dbc4,2022-11-07 11:40:48.838,14318431803
bb8b7ad1d68cfd24e9247f0569c121ca,2022-11-07 11:36:12.163,14318431803
2186338fd3f075b83a0c4d930b28b58f,2022-11-07 18:51:35.613,18725479090
2de001565a9a82d6a7d12d7aaf799407,2022-11-07 16:05:49.843,18725479090
f5accfb9df6e3ab35bc227a34000b193,2022-11-07 22:54:49.340,14318431803
e3c45cc0d642ae7343af0f9f1ae0dc27,2022-11-07 16:49:57.940,14318431803
be80c92f63e1a2b9d65eff5f349a4473,2022-11-07 16:13:37.582,18725479090
143bf85b29689ade3f5ba0dde88f123a,2022-11-07 09:01:09.974,18796908459
8f666daf3ff7de936713ef51addcc92e,2022-11-07 06:47:03.056,18725479090
4ae1f3a7ef6ada2b9efe0a20d6fa5c82,2022-11-07 15:56:21.981,18529088791
bbcf4c056166fee38cc3fdea44cfca8d,2022-11-07 03:46:50.685,18725479090
49d6fd19ad069b22804ecfa65617f9c9,2022-11-07 12:35:40.132,18529088791
c346779c6019f853c7ade5ccfc1bcfec,2022-11-07 08:34:35.242,18529088791
0c768fb0dadbb4f3d44a3b8331457b50,2022-11-07 07:29:14.723,14318431803
989dd25dc1efee8625220d981b608b78,2022-11-07 05:40:32.362,18725479090
760e3d300710de6bec850f4f2964413f,2022-11-07 22:15:27.930,14318431803
fd96f60d3928492cc76e345f0f7b964e,2022-11-07 11:37:54.564,18529088791
b74fa438a1dbefb5b1fdbc42827c06e6,2022-11-07 07:32:54.697,14318431803
4bf68972c045f6a1ae2ff85942b6b76b,2022-11-07 02:47:47.294,14318431803
a54257775b8ad852133350ece9f09a3c,2022-11-07 17:50:59.512,14883589082
6c8ef6ad755ca2ff9aa87fcca101cfc2,2022-11-07 17:54:34.860,14318431803
989f995b6b58fd5cdea11e2762d16f51,2022-11-07 05:38:59.546,18529088791
0478eeaedaccf0a0cab4d80c1a17126e,2022-11-07 17:47:45.866,14318431803
86bb3cd2c9ab4054adb8a05667506c93,2022-11-07 11:11:29.474,18725479090
1aa3ce6834293a398b7a23aa6d62fd3f,2022-11-07 09:35:41.421,14318431803
0e5406a7aaf5cf34cb320c07bff43166,2022-11-07 15:52:55.227,15010179776
029d5e8b60ad51e6eb059a45ad4a6ddd,2022-11-07 14:33:43.045,18725479090
6ad47fdc82b6656f0eb36f825334d8f7,2022-11-07 05:01:10.234,14318431803
17bf88e8d8bc01f2a1c65f4c0982a066,2022-11-07 09:47:51.635,14318431803
6c269550ea530535f3dd42ef2e23a688,2022-11-07 11:04:12.425,18725479090
ca9362a0005664234cb546d4cfbd3900,2022-11-07 17:53:46.485,18725479090
fdd7fa9fbd0a32de18d9c1680ff6e1e6,2022-11-07 10:37:56.861,14318431803
ea9caab02d212be779f897bcdda3f7d6,2022-11-07 22:14:56.513,14318431803
34c54989841e61c4b20c0dab5971a1fe,2022-11-07 08:02:35.358,14318431803
2cd7355f57476453b0a11e1221044795,2022-11-07 09:56:05.191,18725479090
e2d5ab809fe0f4cfeb79edf096782895,2022-11-07 13:05:08.417,14318431803
deda10a9b0216154a77b70b126a9d725,2022-11-07 22:52:38.918,18725479090
60100889a213c00409990101a589c0a0,2022-11-07 16:26:51.794,14318431803
ab6661fab8d62732e12732570848a5e8,2022-11-07 09:59:37.447,15010179776
e983bd9d03ecda2c9246d46542a8b15b,2022-11-07 16:58:12.471,18725479090
6f279970b42ff191618eeee133b9b02f,2022-11-07 22:16:08.359,18725479090
57a97b8b4f73aecf247587e850ab4248,2022-11-07 10:15:37.360,14318431803
ded618143f3c4e533f285c484b09c8d4,2022-11-07 09:07:15.607,14318431803
dd12fa46ff0894072e1f6ef052ba5506,2022-11-07 11:56:39.307,18796908459
bee2ec29a4992c07e3bdb880b1723613,2022-11-07 12:12:51.638,18796908459
27ee83cc173ed093e4f87c70c9c71344,2022-11-07 13:12:02.411,18725479090
876f16272419a0a2c5261acaf46cf8a2,2022-11-07 23:27:21.533,18725479090
460b696fb09783ecdee342b09717d8bb,2022-11-07 16:48:13.806,14318431803
ec6914ea7db41ba0822aeccaa083fca4,2022-11-07 06:10:28.566,18725479090
1f24865ceefac24d5a7ce338b11ba502,2022-11-07 05:21:28.438,14318431803
ce0689a3e00c9347ba7829670dc672f1,2022-11-07 18:11:31.348,18796908459
3d7cf1f79adec8145bf3ea441c2abc81,2022-11-07 12:39:45.291,18725479090
84666c7cad9896949d1358943776eb88,2022-11-07 09:36:50.197,14318431803
045284cc6e3881b348d5581b3ae68f5f,2022-11-07 16:44:15.821,14318431803
f62925130eec1986d03eb88749664113,2022-11-07 13:18:13.411,18529088791
fe8fd4bc3afad075b59bf596dff43630,2022-11-07 18:50:45.328,14318431803
315c8052bc60bad407a418e6727212c5,2022-11-07 20:27:52.373,18725479090
9e46521f118b32636742dc9ea60556fb,2022-11-07 09:46:16.760,18725479090
8eb1b3616d2ff462f4d491956cf864c3,2022-11-07 04:09:32.217,14318431803
41a98defe1b68211f6d1a64dff441660,2022-11-07 05:31:48.277,18796908459
c7aceb5f622e58ae2aa6603494c11be8,2022-11-07 20:54:19.475,14318431803
50b49bd905286748617c8efee5afa4de,2022-11-07 11:51:08.147,14318431803
e816e36f1203e62f3c2c714f8706c78a,2022-11-07 16:24:11.259,18340470460
1d25cfc84ff4be07b5fc8539f8d6833c,2022-11-07 09:39:45.378,18725479090
1b96da636973a27ce92ca0e566bf706b,2022-11-07 08:39:01.472,14318431803
b5c1d3fd47a4f2b8ef8685bf358077a2,2022-11-07 10:17:40.229,18725479090
83687622c48f70722010e047356e4b26,2022-11-07 10:41:28.803,18796908459
fa2ff362333aca6cc8c6de3abf7b6469,2022-11-07 20:05:40.514,14318431803
e76a7e0451bf0a44ae5ed1a9e1c17e0d,2022-11-07 08:35:23.937,18725479090
945b0b7ea74185da1751dc8fb4feed7c,2022-11-07 11:37:03.338,14318431803
7bd2caa92727792a151dcdb2195d53d5,2022-11-07 12:24:15.862,18796908459
0403495da77095f032d5ce98d4dc2294,2022-11-07 01:10:41.483,14318431803
06dd241ebe6b90f28472e3ee21c26988,2022-11-07 13:58:37.662,18529088791
289c41031c04481db48ce4864dca0d02,2022-11-07 05:41:15.971,18529088791
f8ba0242a09dcc6deeb677b40f44b0ef,2022-11-07 11:51:31.399,14318431803
c125975eb3dbfabd1133ca596c37b980,2022-11-07 18:57:42.451,18725479090
9ceb1d1f9e0558dda9737435b1eda67b,2022-11-07 18:00:13.763,14318431803
c6ec3963344789db4974718c65810a42,2022-11-07 17:33:39.791,18529088791
a57229262da51faee4b6c877999ad93c,2022-11-07 17:23:13.887,18725479090
317323571b57f51c36a645ed1caeea44,2022-11-07 17:38:05.106,14318431803
da43e622854cdabc9e4a62cd06167ca7,2022-11-07 11:49:14.646,18725479090
51fba57c838456de3acdb6439d38ba09,2022-11-07 02:38:10.658,14318431803
5a45622ce00f2cc245d1608af530b262,2022-11-07 08:13:45.379,18796908459
4cafc5b8ac5b5e62fa8bc087e9fcb062,2022-11-07 13:34:16.682,14318431803
f184b1e586b2bbe61be5331d0c1fb0f3,2022-11-07 09:23:25.908,14318431803
6f785bd9db836e0fce0b5dd5b0706cb4,2022-11-07 10:22:48.174,14318431803
19ddb7b74f9adcf13675215adf3c7c95,2022-11-07 07:32:53.619,18725479090
d51fd45608a619b2dcea7fc7532cc9f7,2022-11-07 05:05:38.642,14318431803
13c5234315c5cb5add7892ca6a0c3b22,2022-11-07 17:47:06.650,18529088791
6cd66623d5c99f003c4d09325c046852,2022-11-07 07:41:48.922,14318431803
169c9810ae0d95e9dd470803a29281b8,2022-11-07 18:02:31.262,14318431803
111e5f0d8cea7c75be0ebf6733ceed13,2022-11-07 05:02:55.122,18725479090
5dcf6dfa142f3694fe99d6efeb9a0c7a,2022-11-07 16:17:15.832,14318431803
a37ea1688c81787abaaf831a6da2aaf4,2022-11-07 07:00:55.474,18725479090
4fc3ee8c2182d003da243e0ca72fd687,2022-11-07 09:34:03.931,14318431803
850c9697e722199df3cfb10e122081e6,2022-11-07 17:40:41.726,18796908459
2e5aa06b6a10f70b7294c93800a498ae,2022-11-07 09:01:44.817,18725479090
3017eca0e21a24f42ebee8c25617b318,2022-11-07 10:57:05.449,18796908459
e067c6713d822a1a481d5be7202f1c35,2022-11-07 04:25:36.484,14318431803
e995a166de60b18f35a9c2e4b52d23ac,2022-11-07 11:55:56.506,18725479090
bd98c0fe521f11d2651f8334a96ae4c2,2022-11-07 07:20:00.977,18529088791
a3ea768ea7431f6bf2b4d36f9b77be6c,2022-11-07 14:51:51.038,18725479090
df1c9e7b0eb609a9934413d6470f424a,2022-11-07 18:12:14.006,18725479090
12d8179dd45265300d37f0701c64a009,2022-11-07 15:26:19.609,18529088791
55c8fee292c3b0adb7c40677aae4ce9d,2022-11-07 05:42:58.550,14318431803
1045e0c29048089eeed4b901dc2c4b29,2022-11-07 09:40:39.678,14318431803
4f49824ed2864b8fa33dc1c9d007fc79,2022-11-20 16:35:34.907,18796908459
8650bfdaaa9fbc3f0211e82e567717d5,2022-11-20 09:29:07.955,14883589082
cfba279973174cae0272b9515ce3fb88,2022-11-20 08:36:39.601,18529088791
788fedf909b5a4c9311a70ff32ab7f5e,2022-11-20 10:17:02.734,18725479090
075c88cfb8373edbae2e0552d3c7f886,2022-11-20 04:55:41.568,14318431803
89b8f9f616310d878472a7c6bf69cabf,2022-11-20 17:15:33.927,14318431803
a2d438f41a1f07a29d110b663ab3a199,2022-11-20 12:59:23.006,14318431803
004e85c72319a9314beddc9b52ac50d8,2022-11-20 17:17:43.470,14318431803
997ff1bb91dbf5c85a60ab82d7ca648d,2022-11-20 05:42:26.168,14318431803
367cb025119fb9a085b01c8a4d67d91f,2022-11-20 18:48:55.884,14318431803
aace6750ed64356d46bcc58b67d3ec7f,2022-11-20 16:49:57.686,14318431803
0d87f1889f320146cd43fa6de316f455,2022-11-20 13:11:28.880,18796908459
fd3f36fd70d0a1e091b5e54655630390,2022-11-20 04:02:17.350,14318431803
8955c5a6376c3905cb7c9527c1171c75,2022-11-20 00:59:43.759,14318431803
f416f183bd40cc9d3644bca0d81d6e1d,2022-11-20 21:51:51.364,14318431803
57b057c8210902827a8d96761521ba5f,2022-11-20 06:21:00.531,18529088791
0e8708523d1ad4329e8bb6aa78ea4d42,2022-11-20 16:33:44.332,14318431803
1fc5bc8972858559e38d688fbfad6202,2022-11-20 06:19:31.985,14318431803
951e89425569c47196222b15424017a0,2022-11-20 22:55:51.069,14318431803
b28ec83557de94ebc9da5893abed4224,2022-11-20 06:03:00.128,18725479090
701fb73c15ee5f8212e8833e684faa5e,2022-11-20 07:02:03.357,14318431803
e38e9a0508e51ad0762930dd39bfbe18,2022-11-20 16:18:21.443,14318431803
d5a136469f7a4c976bddda2214479ad7,2022-11-20 07:17:27.001,18725479090
8b2150acc23b4eec90a0f03ee45b9723,2022-11-20 20:11:54.943,18529088791
d2eb002fd172126bed26d62950acc69c,2022-11-20 05:11:09.179,14318431803
25841b3ea407f11cbd54c29b77b23ea5,2022-11-20 03:21:56.512,18725479090
0c5bd184694fdf66440318a5a17b3510,2022-11-20 16:02:43.360,14318431803
260a7753b4030e81ee51c023e77e8d9e,2022-11-20 09:39:48.243,18725479090
20703deeb272cd699a913a214fb6095a,2022-11-20 20:18:56.111,18725479090
2dedb2c123acf3325db9a1b4de8e3cc3,2022-11-20 10:06:45.704,18529088791
92386814db780dca27b7bfbc55c5d9e2,2022-11-20 17:01:40.491,18725479090
6bbec7b37096040483689baf7c934230,2022-11-20 07:37:58.533,14318431803
63cf690f3e47c482cc5e608392b3a267,2022-11-20 16:25:21.550,18529088791
c9d68cece0e4b6d2b833d43b63169c10,2022-11-20 09:04:24.831,14318431803
9a509db42ac056e026783512f73a1f12,2022-11-20 11:07:06.791,14318431803
c052bc7429741d78c840e82f6237ed18,2022-11-20 04:25:29.345,14318431803
fb73b62851c8f2904b69d14c81fd9fec,2022-11-20 20:05:59.932,18725479090
64e8c7e896af08da2c99365fa766b9f6,2022-11-20 05:55:15.444,14318431803
9c096f09a63b813e53e8bbcfc3014c94,2022-11-20 06:40:55.247,14318431803
767f984c175864aca074204fbe6b7989,2022-11-20 03:41:49.301,18340470460
94bdc429c852f42728b313c2991a86d7,2022-11-20 19:57:14.613,18529088791
8f874bb51bf7cd369213243a0a23fc8b,2022-11-20 16:30:40.143,14318431803
d5e537efd3b471918693109dad4eebdb,2022-11-20 13:50:22.148,14318431803
9922bfcaadafeb477eb6444b411ad45e,2022-11-20 11:25:34.122,14883589082
df3e5eb54c96d8082276e24fdd3065f3,2022-11-20 07:04:10.818,14318431803
b92d5033a18622f6144313d525b7dc3c,2022-11-20 06:45:52.094,14318431803
f45b6a60b3584c07d811d481ae2d9934,2022-11-20 19:35:18.902,14318431803
f0f0ca96340de5b5d3b8ca629cfd4d54,2022-11-20 18:26:13.144,14318431803
897174a9a277b4027a6348d2e0ec2537,2022-11-20 07:59:50.394,14318431803
e84a80311fc4b76c1f765750e6677cf4,2022-11-20 03:35:40.976,14318431803
394b5f4d99b35bdb5c7b4ed5c120cb33,2022-11-20 23:24:26.025,18725479090
271b7922d3ea52c9ed025c7f54764aa5,2022-11-20 17:23:22.191,14318431803
0d96a47e1607819bfa8f7b636bff298e,2022-11-20 08:24:08.953,18529088791
8bc232d6cd4ff13e5e780df617ac1dfb,2022-11-20 02:43:42.899,18725479090
b3b25076a653ae3c210a1d6143ac4ab1,2022-11-20 08:34:10.176,14318431803
96c658e12b03c5f4b73c7778bf35a063,2022-11-20 03:57:15.452,14318431803
4396d0f35ce13fcc2cf8166513b3caf3,2022-11-20 17:00:51.779,14318431803
eb86cff0b7b410c4360cfbe784b5b008,2022-11-20 16:30:42.549,14318431803
e685e08efc4fbfcd639b272f1cc57c74,2022-11-20 10:02:01.713,18725479090
ef30be787b1e9f91741b0f836fb96d87,2022-11-20 03:55:57.766,14318431803
c89436360d005ccd08e020fbfa2a6993,2022-11-20 06:45:32.966,18529088791
fd80a743139914adbb75f030d072d177,2022-11-20 09:25:50.564,18529088791
7f29e27a47aff98c32cf1f1c2d061ce1,2022-11-20 09:15:54.730,14318431803
bad64c43ac654b4571e94042cae85128,2022-11-20 05:33:47.585,14318431803
7284e1050e513ee2f5b4cd9f4bb09008,2022-11-20 13:39:46.375,14318431803
27076ff0e1e21fe0a8778015ddb71eba,2022-11-20 01:53:48.278,14318431803
3d4e184ab73c77b7bf2373a1a0dd567f,2022-11-20 10:12:35.486,14318431803
089e4f573c91b302b28f89016599a0d8,2022-11-20 14:52:20.597,18340470460
fb94fd1dc1b759be2eceee9ccf4c4df5,2022-11-20 15:34:49.940,18340470460
37c802b6ca76221194848caef57d8369,2022-11-20 18:51:11.593,18340470460
db994884bcafa31994f22375a218894b,2022-11-20 08:58:55.831,18529088791
f4380dfcd086d583ed45216dfe06e608,2022-11-20 19:42:25.428,14318431803
002d8026c33184f0b3bf316215a23fcc,2022-11-20 06:15:51.892,14318431803
1965adc6af84705ee7552f0308bffff7,2022-11-20 17:46:19.020,14318431803
adddf143249f2d75e24dcc9a8a134627,2022-11-20 17:46:43.304,14318431803
585ecb625fde813afa04b270221b6faf,2022-11-20 13:02:11.397,14318431803
840016ffa905668527946dea32aa7a7e,2022-11-20 20:50:37.995,18725479090
a53532b3b12a5defbe598a1968311ac8,2022-11-20 13:01:59.833,18796908459
e20bd8622289010dea67b51eb8fa44b6,2022-11-20 08:15:57.321,14318431803
eaeb54a9234ea613a4e809e6ab95ae45,2022-11-20 16:12:19.291,14318431803
118265bae60387788ee82c3a47759ecb,2022-11-20 05:13:16.005,14318431803
854929cccc90d4506cd877b77fdc7f09,2022-11-20 17:12:24.169,14318431803
e68c3af69bd47f487c89a211ddb66359,2022-11-20 13:13:02.822,18529088791
ee5c6686a8b48b8b43ae72d4251d8b31,2022-11-20 13:11:34.302,18529088791
e602a76f17ae240834d9a34c0e7c4453,2022-11-20 02:12:49.786,14318431803
db24ad895ef61f05f7eae9f892756e31,2022-11-20 17:39:03.525,14318431803
1455cb65b89d66b5b61562a78fc0b437,2022-11-20 08:47:24.194,14318431803
6b64e94deda5bdabb2874d245b90d27c,2022-11-20 02:56:55.809,14318431803
a9452936aef8c1fb6471b88e18cd404f,2022-11-20 14:16:43.039,14318431803
bfce18a900f9d5e7664c4970dc1485a9,2022-11-20 17:09:34.943,18725479090
94c46c6d628f80a32099785ba03ac3c9,2022-11-20 08:03:51.651,14318431803
4d53712266b2b5991621ad1506c281a9,2022-11-20 09:39:34.207,14318431803
b68bb2bf3cc4ae82aec87baea1d37d09,2022-11-20 10:04:31.950,14318431803
fcf24049499954516eab9044c55f22fa,2022-11-20 05:47:05.431,14318431803
cf88ba0be54b8267cacaa33fd2b773de,2022-11-20 07:28:47.817,14318431803
f3e9f339710f13ba940f002c65e3ad7b,2022-11-20 20:06:36.269,14318431803
8a7d79392b0d3d3964f773ce2c1d79ae,2022-11-20 10:31:07.331,14318431803
94b0d95599a394395d6efe09787e2fb8,2022-11-20 07:02:57.613,18340470460
87f12449ec10b8c73b715c262310f580,2022-11-20 12:53:01.650,14318431803
e2c2fa276c208baacdb4a138cafe7db4,2022-11-20 06:17:39.235,18725479090
685465269936826aa0ab0cfb5c448a40,2022-11-20 05:08:10.965,18529088791
e9ae1784ec2ac28700b4a6e957fed6b6,2022-11-20 14:20:44.585,14318431803
fd561108f1c70b880cb4a134182874b7,2022-11-20 09:25:05.290,18725479090
97e761be221730ada575989d8972e8e5,2022-11-20 19:10:05.668,14318431803
8d68bf816296c0ff8bfbda06eef480d7,2022-11-20 14:34:52.806,14318431803
b82caf2e0650db72b378ceb025975378,2022-11-20 07:06:11.158,18529088791
9b94e097098ac5acc7f56fb869f4db69,2022-11-20 14:53:47.619,14318431803
95a32d1c4c91295da7e409a634f9e939,2022-11-20 08:55:41.907,14318431803
0ed9b729f651d8670218850ff6f53ce7,2022-11-20 13:18:57.742,18529088791
9dd041a3775eb1431fdce10773223979,2022-11-20 09:01:12.452,18725479090
06acdef013d38ca9274816d5e9ac30ca,2022-11-20 12:00:35.164,14318431803
35f35d26abc6457feddd5a5c5d33fe5e,2022-11-20 10:47:17.082,14318431803
0e4b23608a0d4fbb3abdff5e63bc24c7,2022-11-20 09:28:39.263,18796908459
66d4274b8c08b3db9aeb7952f027fac4,2022-11-20 06:59:51.885,14318431803
6a1195be817f4ec764e33f04e0c588cd,2022-11-20 01:14:43.922,18725479090
02ad038ef8265485739b1a5237f560f5,2022-11-20 19:59:56.037,18529088791
28bbc844d636ad0e2ddedbf00772336e,2022-11-20 10:26:56.835,18725479090
f24b922532446987153583777e651fa8,2022-11-20 14:53:51.128,14318431803
8cf0d1a124b7aba5a366e3169d582e07,2022-11-20 16:51:19.874,18725479090
1b335f9bad0dfca28aed71ec13f6de2c,2022-11-20 08:04:16.672,14318431803
fd74acffdb974e7cb23e6b0e7539b341,2022-11-20 13:24:15.423,14318431803
64c45838acf132747e818fba8ad0730c,2022-11-20 09:03:39.414,14318431803
cfdb5ac0fe903a19a9a214829fd069e4,2022-11-20 02:50:58.905,14318431803
4dc2bb839441a865d8f03a0e0fb47758,2022-11-20 18:25:48.724,18796908459
3387c5a35f53a3654ecd49578ddb21b3,2022-11-20 07:02:33.956,14318431803
619a52e4145e4680ea6a0f469ab69be0,2022-11-20 08:27:44.953,14318431803
e20d210c64b451fb0ecd1c19dba14326,2022-11-20 18:42:48.580,14318431803
ea731799a62e721b0b0817066f13ec69,2022-11-20 11:01:56.481,14318431803
df427bb6e02ce1b97312175777cce900,2022-11-20 10:05:20.409,18725479090
a39511bc10e181109eacc86d1e4ba9a7,2022-11-20 17:33:15.772,14318431803
3c3e639827523ee885a762a6ad9b7d27,2022-11-20 03:07:57.979,18529088791
b25d4d0c99e6591fc38e44eeda601f14,2022-11-20 07:54:17.464,18529088791
b16a831d0f4be7936d816e40c4eeb1ec,2022-11-20 08:20:16.798,18725479090
6c315b97f99778d7a92cec29117e833d,2022-11-20 10:27:22.705,14318431803
fe47ac217064c5e3bc7ac09319a53b43,2022-11-20 16:44:35.949,18725479090
6d55fae27180f45e0b193cf808e94b4b,2022-11-20 11:24:36.251,14318431803
0a8228aa1e78439f0d6268303ef54258,2022-11-20 12:34:28.016,14318431803
3e660ce08ed646dca522d0e5535a2379,2022-11-20 10:55:25.569,14318431803
f0b1d7f838a39021dfb7b789539f0ed8,2022-11-20 06:21:12.112,18725479090
3112f174ffd36269c9b0abde2348d90b,2022-11-20 03:31:23.205,14318431803
bb527e3c06f1df8df8a16eb649ec1b94,2022-11-20 10:57:09.501,14318431803
9adc6207ed2c9382454780302b751e21,2022-11-20 17:44:05.302,14318431803
9d286425c62dbc91f5659ae4c2a6fc12,2022-11-20 19:12:04.299,14318431803
508db90c0464fcb6ecb62b17e0ceff30,2022-11-20 16:31:18.800,14318431803
2ed091802d57ce1073fba91090c72181,2022-11-20 09:49:18.865,18725479090
c459a765bc00f2a3ceec652420be6284,2022-11-20 08:36:55.545,14318431803
38f7486e414fd9b682989e19a75d9678,2022-11-20 07:58:41.089,18796908459
8e5e6094184ba74dc0a837b72ee7314b,2022-11-20 04:04:05.667,14318431803
09472a765c3aa0bda0f8a725e449d7a1,2022-11-20 08:46:32.668,18725479090
0bd3ecbebdc42c307509a84a259c7987,2022-11-20 04:27:04.069,14318431803
5ff4334154fce896f888e40cf77c5775,2022-11-20 02:15:04.717,18725479090
9ba186d0ce90d96a19324f6107cfcd84,2022-11-20 03:52:08.649,14318431803
e26f5954a936340d55eec4d2c339ee8c,2022-11-20 08:21:34.231,18725479090
04c39a1eea360cdcf87947ec2955f35a,2022-11-20 07:57:02.026,14318431803
3f00bc3b3a03312f8ad1532db6b0b81c,2022-11-20 01:27:42.364,18725479090
c3c62e6fdd9d9fcc852304f050fab849,2022-11-20 05:32:53.811,14318431803
688bdfbc5a957c5fe006f8791f3cf6c4,2022-11-20 16:54:29.794,18725479090
8a5deb82989eb913db0493e721800b38,2022-11-20 02:10:53.521,14318431803
88e27bdeb1383a9c1c8cedfed680b3e5,2022-11-20 08:03:31.897,14318431803
92122c9eab252457234ead92416889e0,2022-11-20 08:46:56.472,18340470460
ce8695adf316b430d3d5b78d96b241e4,2022-11-20 11:21:29.099,18529088791
81c915b77bef6ff5d55bc1b0e418b738,2022-11-20 02:28:35.476,18529088791
e24af02bfd2ef08777219991d9942d1e,2022-11-20 18:04:56.781,14318431803
fdee9e9cfe6f7b2b1b0b1939e7c724ea,2022-11-20 06:00:28.645,18340470460
7ca21c5d5f4c781f2488f27a2208f1cc,2022-11-20 09:14:56.189,14318431803
01465faa4e3c02184b6280c944c7928d,2022-11-20 09:23:47.637,14318431803
51e1fabf087694b8110ec93b0cc4bb35,2022-11-20 12:59:18.262,14318431803
25e1c1a4b891c9d49eb236a3609726a1,2022-11-20 10:27:07.254,14318431803
1abbf4ce8fa2d9972abece62da24f4c1,2022-11-20 20:47:29.894,18340470460
9bac88a630576cf259bcdd39d53d95e4,2022-11-20 17:02:49.124,18725479090
7c8280662f0bf3680eb89190312992ca,2022-11-20 06:26:34.548,18529088791
6a6efce09e5b8cc9aa7528524347d138,2022-11-20 04:30:21.295,14318431803
d93e18b0521340f55f523aed9cac5dee,2022-11-20 12:38:35.696,14318431803
2ca067945f226f808b54904f6aa4ae01,2022-11-20 06:40:55.189,14883589082
e58b308d1d34792bd6c177ff8d8f19cb,2022-11-20 17:03:34.772,14318431803
8e732c286eb479b7ba9e9e89f485119c,2022-11-20 01:38:32.199,18529088791
27423f7b8243705916f28ca520716e8e,2022-11-20 11:50:19.854,18529088791
c379459d4910efb30ce818b0f14b8e87,2022-11-20 11:09:51.394,14318431803
47bd25fbe78ad58ff0c1f7e6a88d7e08,2022-11-20 07:00:55.016,14318431803
794c981759ff61d452210084113da26d,2022-11-20 19:02:50.304,14318431803
48cc938ccf2fc5f93312b221c64aacdf,2022-11-20 17:49:04.043,14318431803
4ff7afa7170bffd67141eeffe0e79624,2022-11-20 16:39:31.025,18796908459
d48900faa9acb93e16dbced518a287c3,2022-11-20 03:41:21.712,14318431803
9c6ba7fe8f38397e71d2545df35a827e,2022-11-20 12:34:31.911,18796908459
934b58d54d9ca85c823f79244e1335ff,2022-11-20 12:24:10.758,14318431803
8aebf93104837528e2a0f542df7a5ff1,2022-11-20 11:34:28.771,18529088791
4243e0cd747680f13d3f8332bb300b35,2022-11-20 19:09:05.652,14318431803
f9908067fbf47adb74b7697c973735a8,2022-11-20 05:40:36.944,18725479090
d4075e26c42deeea105db61c13c73d14,2022-11-08 17:08:01.095,18725479090
1ad8b3505077e28992ffaaf54e90a10b,2022-11-08 16:31:41.515,18529088791
04797c0fdef5f6c1f90f43b4c68aca35,2022-11-08 11:25:55.855,18725479090
e1390fc7da4954f16abe62dc0bd81712,2022-11-08 10:30:32.821,14318431803
83909ac5cf99f328fc65fcd302e50344,2022-11-08 20:46:28.247,14318431803
f0ae1e43db9f820b945bc530cda6d72c,2022-11-08 16:47:30.780,14318431803
d297cbbd2984ae38f4536e5fa19cd5e7,2022-11-08 16:31:14.850,18725479090
63aa196ef303a333ceaba4d10e436bd1,2022-11-08 12:53:12.914,14318431803
a511a727b2b3bd6fb579c5e9eed56fe2,2022-11-08 04:12:15.409,14318431803
bdd46eedb5ea28c7768a9d247f19f9ef,2022-11-08 15:18:35.644,18725479090
1f2426978aacfeba94323e96f24721ee,2022-11-08 16:32:48.255,18725479090
41741fcf05704464193abd3cd53f6408,2022-11-08 09:36:33.297,14318431803
e345a800411c6c034e95eeb606b0d83d,2022-11-08 07:15:35.749,18725479090
7b42354c6093a88d6091f63e898cb0bb,2022-11-08 05:02:35.560,18529088791
12996d7b9bf009668bbf945af447c819,2022-11-08 04:15:57.798,14318431803
665cbd5b65965cf3634b5e5c83ff5f0d,2022-11-08 13:29:03.454,18725479090
00741e29955520d99f9c22918d640ebd,2022-11-08 07:28:12.397,14318431803
c0d51f9004446218b9798f8ef2549be6,2022-11-08 10:56:29.647,14318431803
10ec7bd3f5c9db427540ad3a375c17a5,2022-11-08 05:19:14.861,18529088791
c20e40de70c2e74b399281e01b4828ad,2022-11-08 08:23:54.962,14318431803
1302c88f3232f1dabb0c036681179bce,2022-11-08 04:54:26.529,14318431803
996c8d13bb77bdc6d4b3b72343d50e46,2022-11-08 04:48:21.292,18796908459
7cd5d769eee35250827f9593c48d97a2,2022-11-08 16:05:39.080,18725479090
e60a598c71ddc54ca2e7206588608d09,2022-11-08 11:19:15.477,14318431803
b2d1301bd7df74e4412f04550031bd43,2022-11-08 22:12:09.469,14318431803
bee651e443caaa1ed3cd5da862a49565,2022-11-08 00:16:53.857,14318431803
a74514e4811cf5996f412dc166b530b2,2022-11-08 17:15:19.044,18529088791
6569c748d5e9d05a9d987dc0ce3f9af6,2022-11-08 12:59:08.977,18796908459
aa6545569b820891030d892ce070ca11,2022-11-08 13:08:56.102,18725479090
caa0b97ff5b2de33f01c3ff98a41e3a7,2022-11-08 02:30:15.451,14318431803
383b7e87045de2d037966c5f597177ac,2022-11-08 17:05:41.986,14318431803
5b9e7059d20d0a05f700e4c4228cec09,2022-11-08 14:54:05.298,18725479090
516b63b8fe6e84cd78e7e4b95a112510,2022-11-08 10:49:25.520,14318431803
69fb6f3d89e0edba50c2bf42a6e1b2c7,2022-11-08 20:53:17.521,18725479090
dfe7516ef38d23b75e8f519ae0e7b513,2022-11-08 18:42:19.800,18725479090
7c7f6e9f5be513cb6863c0535d919bdf,2022-11-08 17:40:07.466,14318431803
c55a0abe4e9ba6331e1f8bad7576d18c,2022-11-08 10:48:32.008,14318431803
dd92a3e3e10b272897f848380c34c9ab,2022-11-08 16:39:40.516,14318431803
67340d5ce9456003e5fbffe651bc02a4,2022-11-08 07:40:52.014,18725479090
7f033c94ef96761491f2218964e6b22e,2022-11-08 08:53:49.021,18725479090
4b98cef5b6cff90df24e5620800e97c2,2022-11-08 08:25:23.796,14318431803
b711b058ed9c58243be2dad8ff4472ea,2022-11-08 16:47:12.465,18796908459
814fe54a92de918baba1a53968fe9dff,2022-11-08 23:14:19.391,14318431803
94639e17b7972d7415458cb6d550c874,2022-11-08 09:48:09.446,14318431803
51af5dc533064169c90b43fa9a7be9cb,2022-11-08 12:49:23.950,18725479090
d3a83a96330c655a1a9eab6fb2bc4276,2022-11-08 05:36:16.032,14318431803
05abc5b8aa1f38e87d7699320d3a9031,2022-11-08 14:42:56.358,18725479090
982caf70f74a0f52fe876fab8310207b,2022-11-08 07:23:06.755,14318431803
032c47a6d162c3c92c26e7be4ea890b9,2022-11-08 12:48:43.441,18725479090
ecb96cbbd2ab3c4b85dd539562ed9ed0,2022-11-08 15:29:27.787,18529088791
90445f7f116ec21f9f886d3621d391cd,2022-11-08 09:13:33.227,14318431803
e76ee45a0ae23c222b12acaf8d1dd9ac,2022-11-08 12:02:39.959,14318431803
500235217a30d16a7bb2ac0bcce3f6da,2022-11-08 03:56:17.484,14318431803
8c11d135d56ce601442629815b1685bf,2022-11-08 07:52:49.427,14318431803
e9e430a8797d79138136a03ea776edcf,2022-11-08 03:49:10.348,18529088791
517d08bf58e333593168a2f734f104cc,2022-11-08 12:54:00.120,18529088791
4c5dd953a6ba7b6b25b5613e84eae92b,2022-11-08 06:17:02.761,14318431803
9aefefc79e47c466e977c80ca39b89d2,2022-11-08 07:38:21.196,14318431803
d5d27bd886e3dbb65bf070cfb7f86055,2022-11-08 06:35:20.214,14318431803
017dce893b2fb2f4035b4eeabf924384,2022-11-08 10:13:19.342,18725479090
8a498bb2c5dbff0ded6beb0a998491b7,2022-11-08 16:19:29.242,14318431803
a80b80970abc88db1e76e24001eff71c,2022-11-08 20:54:33.761,18725479090
ca98e36115b62b26813347438dd6734a,2022-11-08 20:58:58.336,18796908459
c2cadf7f683014ce5ec06183fc3cc3cb,2022-11-08 14:07:14.907,14318431803
6ae86f69b2838e3622f30e21bcd8dbed,2022-11-08 12:11:40.384,14318431803
35c650d68a96f5fddea6bd6e701f00c6,2022-11-08 04:52:43.766,14318431803
d25a27fb27425e8e9faf1eb82adadcf7,2022-11-08 04:06:04.543,18796908459
700327268313012641123475c2c7185f,2022-11-08 04:04:43.292,14318431803
98d303bda211bbd33f3212831c9d3a45,2022-11-08 20:47:20.618,14318431803
deef0551d8b37c66577fabb64f9b49cd,2022-11-08 06:31:23.686,14318431803
69641ec143b181336c825db31289a92a,2022-11-08 08:18:59.726,18725479090
ce3c56c20d2505ed3ce955f9ebe19c2c,2022-11-08 03:42:37.645,14318431803
3d6e7e986cee926b3f7beb3989a2b010,2022-11-08 08:35:49.005,18725479090
ebe72861dc29587b424cdeb537203c92,2022-11-08 09:39:19.556,14318431803
a5dbb6ec7f938bc2bc223ddf11585f26,2022-11-08 11:05:07.741,18529088791
9e243dd151e56a890e33ddc985592781,2022-11-08 10:03:54.325,14318431803
e7537c2bf22acc20b24e45466608ae4a,2022-11-08 16:22:42.876,14318431803
bcbe4f6c666971715965f263bfc0f98b,2022-11-08 03:29:51.717,14318431803
d81bea53c104555f08753eb2ed4ebfff,2022-11-08 19:55:49.529,18725479090
112d95d271836545d63f5d74dfc50718,2022-11-08 08:18:31.962,14318431803
ae6e0b4f7852dfbbd633291725861173,2022-11-08 07:10:42.918,14318431803
e1d2d0f93947939f208637a467e8d3f9,2022-11-08 05:30:45.119,14318431803
1465dc9731a5884b1a40175d50ae158a,2022-11-08 21:17:35.773,18529088791
0a99d7713d211df420d047782a33bf1e,2022-11-08 05:53:36.409,18725479090
c66a71939839bc64967e1dfde0bcc073,2022-11-08 11:28:09.788,14318431803
603ff3611ce5f7a386bc5c26d150fe96,2022-11-08 13:38:46.314,18725479090
e66dbfe6786b332125b9db74318d2d5d,2022-11-08 05:12:13.342,18725479090
5ef31d87bbac670e10f2e00766b1fddb,2022-11-08 16:53:11.300,18725479090
796a72fdedb662bd48c7e0cb236c0a74,2022-11-08 06:28:24.095,18529088791
fdf9877b27afffcd292c35262893c1fc,2022-11-08 12:51:15.197,18725479090
88586b8f10c2decdd5cf47c6216dc237,2022-11-08 09:35:25.155,18529088791
06462c11ece47de79535041879bc36e2,2022-11-08 01:50:31.750,18340470460
e5d7709995cae6d4e305de06dab862d8,2022-11-08 12:06:26.240,14318431803
90735279d704855813d8162ae717871d,2022-11-08 04:02:45.186,18725479090
647d64a9c64473f51b55fa1414a82c47,2022-11-08 17:59:25.106,14318431803
f190ef9318d1d7b534529124fa35ebf9,2022-11-08 16:53:20.180,14318431803
e3d9fb257cce89c988632c532dd991cc,2022-11-08 14:01:10.942,14318431803
e582ad2a7f440792c70655d43459c484,2022-11-08 19:34:50.761,14318431803
57d14583f24887a8d061adeac79443be,2022-11-08 23:09:51.886,14318431803
eb08d17b5b8b9907825f1563d4769cbc,2022-11-08 14:30:36.847,18725479090
3a0c34b61ac6924c0f678af9f55dad56,2022-11-08 04:17:01.280,14318431803
b233b21e859a1eb6d29e04a271760946,2022-11-08 12:21:10.679,14318431803
b30124966a9f745d6f8cc4123cc25a01,2022-11-08 12:50:21.038,18796908459
a168b5239d04fc7483a823e8da283d89,2022-11-08 16:17:48.174,18725479090
8ac6c44e4f5bb21cccf68daeed378c2c,2022-11-08 17:50:21.525,18725479090
42efd39bb5ab97a9565e94dedba3c9be,2022-11-08 05:23:02.880,18725479090
b20e42aa348ca5c03122faf37ae91078,2022-11-08 02:36:38.471,14318431803
8f175dcf3bdcb8109871a91ed5a1eb7f,2022-11-08 13:07:01.724,14318431803
ac4492d2d7a96cdbd939967ce7d49d07,2022-11-08 15:36:10.278,18725479090
823f29add3868a69c15eb87911c16e14,2022-11-08 11:11:43.709,14318431803
56c5dbb6539c83e4594ff4441d01970a,2022-11-08 17:56:37.466,18725479090
319b6b0295b63253a639a2475f9d1def,2022-11-08 17:30:17.802,18725479090
35566dbf455bac6d2d0ea012eccb4a21,2022-11-08 09:19:55.752,18796908459
3e74274235c741c64d7fca3df90d4865,2022-11-08 19:09:38.932,14318431803
788bd453dfa1b673c48f9e18d120e052,2022-11-08 12:25:34.039,14318431803
42909a283e3f267a944b4fcee4d01d0a,2022-11-08 15:58:51.043,18725479090
a0bee1e854f6211b7821922028c14ee3,2022-11-08 16:36:50.995,18796908459
404eae734d27dfa34a10d8eb5ffde55e,2022-11-08 10:03:19.900,14318431803
89fbe20a26fa0f3c79563df2a9a4eb83,2022-11-08 11:07:49.314,14318431803
3048c4421a3cc3823ba829862bf275be,2022-11-08 04:16:50.734,14318431803
97001dd13ecbe4c22919e9cc267646f6,2022-11-08 09:04:02.687,18725479090
91669264e113c8a3e24c2bcdd0619427,2022-11-08 22:43:46.223,14318431803
5a388a8174ef1f1f3ad718a7eea397ed,2022-11-08 10:36:34.775,14318431803
41fb004d64680d8893c47ad5f618c3ca,2022-11-08 16:30:46.336,18725479090
fc5b0e34356fef64eb86a4df6e2557b1,2022-11-08 14:43:14.081,18725479090
be13780b6d9f4b8688ab5a733aa1d8cf,2022-11-08 07:11:24.809,14318431803
e25220e1f9feb46723655ab5075ef89b,2022-11-08 03:50:01.386,18529088791
b9d356f1858a8197db3eb0bed8b8cd8b,2022-11-08 04:29:22.350,18529088791
642f46e4fd0deb37adb84748da9a0013,2022-11-08 06:22:49.238,14318431803
14e4600ef204e7557694f3cf5f7f7007,2022-11-08 10:18:05.006,14318431803
8562a3f99e0550e71668d563fa9ef109,2022-11-08 04:34:28.014,18725479090
1383484041ef5bf3fd6bea0b10610c96,2022-11-08 11:18:25.872,18796908459
9b32ae93bf2c9490aec08a06a5784e03,2022-11-08 17:22:55.495,18725479090
89c06f06ff8756b3ec937b13c0198e91,2022-11-08 10:48:34.762,18725479090
d8eb0ce535842887e2152d2bba25b84c,2022-11-08 05:26:30.525,14318431803
daa2a5f787067eeffa64ed4007abc209,2022-11-08 19:43:45.586,14318431803
0886d023fb3e822584ef4ccf94097739,2022-11-08 17:32:27.036,14318431803
08420cda971bc77614a15efefb673ff2,2022-11-08 06:00:58.767,14318431803
236739d7a4da847c8a138602bc821834,2022-11-08 06:14:22.041,18796908459
e5774529ae56c220de6085655c013d8f,2022-11-08 12:58:59.226,18725479090
4c02ded63b2330b147f260d3cd8f4481,2022-11-08 17:49:21.913,14318431803
25ab45105923c921985be235cec16d13,2022-11-08 15:53:31.659,18725479090
0f4bb8a279aa1279f7f83197b8dca2e2,2022-11-08 07:34:33.658,18725479090
c727beb4453ccfab4b042c710000da36,2022-11-08 18:36:41.157,18340470460
11630b9afbe4330e1dce8431e328032d,2022-11-08 02:19:32.667,14318431803
8f80b53c1bf23175708773c99e178c20,2022-11-08 18:12:13.870,18796908459
20b38e03fb1f146b4d851c91f2351366,2022-11-08 17:56:10.155,14318431803
6a0e5a97f78ba308bee61c468bedaedb,2022-11-08 13:21:32.136,14883589082
659cba7baf432af059ad3c6037f4a2ed,2022-11-08 13:34:21.315,14318431803
75f3b343eca88530b4adc02382d907aa,2022-11-08 14:52:54.007,18725479090
2f8d6c1da92505c9b72d98e9414850a1,2022-11-08 18:51:59.267,14318431803
f25d2e346918d7e4cbbc0741e98cc351,2022-11-08 16:25:53.767,18796908459
5e75c9e50138de434594698bc088925c,2022-11-08 21:19:50.149,14318431803
47878db4078f2303305123a8f158c6d4,2022-11-08 02:19:55.362,18529088791
2f083408bf46ce83f9268ed82d96c66d,2022-11-08 18:28:48.180,14318431803
39d6e7e12e5db258172d572fb695fd20,2022-11-08 08:00:38.076,18340470460
bc66ccb87f0fbf76327227009aecf4ee,2022-11-08 02:58:04.511,18529088791
ae3b32f820b130d8bc13551a199038c5,2022-11-08 06:16:02.712,14318431803
0aacafaa896a4706cf48b9a3e7eadd79,2022-11-08 01:41:04.050,18725479090
a33a66a2a3787ee0d243aba474bd967f,2022-11-08 09:41:19.433,18725479090
e33e9aea1df82d04f342ee7f262c5b9f,2022-11-08 10:42:46.250,14318431803
0a0ab3bf67d1a343e5d3d3ed96eefdfa,2022-11-08 13:08:47.806,14318431803
8779542f51af6d51f48800232ddc492c,2022-11-08 07:44:14.624,18725479090
fd12f3acf2bbf97962173c5c932f62b2,2022-11-08 19:22:21.904,15010179776
b006b9f3cb950aaac2226a0c0143f41b,2022-11-08 06:49:59.446,14318431803
0e7be33f7d0449cd47f2768464d3e1e4,2022-11-08 16:52:16.921,18725479090
bb4ac5626932a3610b6b4602d46af7a9,2022-11-08 19:43:58.883,15010179776
1a29c318e96227c95c9ab9e6a8e18655,2022-11-08 09:04:51.157,18725479090
6def4e639a3b3792013c5284c6fc70f7,2022-11-08 16:48:15.165,18725479090
ef82cea9dfaafe527bce9cea96fe5263,2022-11-08 12:48:29.993,14318431803
298b6d126a32afd53e9ce859910d71cd,2022-11-08 18:51:29.953,14318431803
0d7ea12bb6083390fc2d292c07c247f1,2022-11-08 11:49:11.499,18725479090
b39b338ea1482626f0247a300e3bb468,2022-11-08 08:09:40.875,18725479090
5b18bfb3ffd0edd71fbff73a7ecb5f7a,2022-11-08 08:17:05.620,14318431803
093ddf1b6ae7095db38973b3348dfe6a,2022-11-08 06:21:45.884,18796908459
62a8652470bfe6c4f1bca56f3fa9f879,2022-11-08 18:17:17.930,18796908459
4f2340465ac8cb9d9042731c491d41c2,2022-11-08 02:10:05.205,14318431803
1d2ede4ade94f45cc9668f7629be049c,2022-11-08 04:18:42.445,18725479090
4b18f470c1047d709ab1acc7396a71d4,2022-11-08 06:24:52.435,18725479090
3d64ca463300d8c8089532b4afa1c2b2,2022-11-08 08:00:52.466,14318431803
edff8d3c431f414b7df39e801ee3def3,2022-11-08 00:35:23.320,18796908459
776a34c91a407bfafeb40683b7d2f71a,2022-11-08 05:02:34.921,14318431803
c48b8b68f3f67f405a519327960f3543,2022-11-08 09:19:34.948,18529088791
614e66c9bfa973406faa50d75758ffdc,2022-11-08 08:15:16.988,18725479090
57a2e135bb36f810b8f97e53a263e1d2,2022-11-08 19:58:59.097,18725479090
b0fb27d3154bbc168e70c1627f52e9a0,2022-11-08 10:02:19.337,18529088791
70aaae60270f5935462cbcd1a0aa2494,2022-11-08 16:58:46.118,18796908459
e32acdf0bc998cc7da26a44ea06b034d,2022-11-08 03:54:09.456,14318431803
bbab45799feef3d788cfc0fae5f4f6dd,2022-11-08 06:15:14.722,18529088791
c7d757dccfbc5eb019a6449e72c1a8e9,2022-11-08 16:03:12.010,18725479090
cc8db461401957a84644982e6f311703,2022-11-08 05:13:34.548,14318431803
62f760c03f38c24a1b34f9d7849b92b1,2022-11-08 04:20:59.711,14318431803
91b7688fc83725712c120f54e6086903,2022-11-08 20:19:57.246,18725479090
5ee34f63b643f202e73ab83dccbf4be9,2022-11-08 09:08:48.208,14318431803
098771503ce9e4283f4ba476444f26bb,2022-11-08 06:55:59.975,14318431803
76618607034578d2ae3f1f4099a9f8af,2022-11-08 17:58:46.288,18725479090
1870f431562aedb600a615cfbbe74516,2022-11-08 01:03:54.921,18796908459
df8713e4e7cc5d22222354e21ecb1161,2022-11-08 19:01:59.051,14318431803
c5e437ee20c353ec936b04aa069229ec,2022-11-08 16:46:00.845,18725479090
8a3e561d2a06419162e1c6f83bf2598c,2022-11-08 04:13:03.331,18529088791
f1074ac3ecee3d3d130101e3e73cbc9b,2022-11-08 12:32:10.935,18725479090
173b1ab358a81d0e793083332007db42,2022-11-08 17:27:43.902,14318431803
f89b400b8d59ac62b8201133587dfe8a,2022-11-08 02:31:42.653,18725479090
2562a8e8a126ed9e4c7839b92f64bd85,2022-11-08 06:19:20.422,18725479090
f7de58f4021d14dc29e0832b7f20150b,2022-11-08 14:13:33.111,18529088791
79ce07f6d46cfaf4b8777ae11d64328c,2022-11-08 17:26:17.084,18725479090
4b3465291f9fc4e8b478e3c4e1761917,2022-11-08 09:51:12.673,14318431803
1c5ec21de81c37485b6f1e3f35e198e7,2022-11-08 17:04:40.700,18725479090
1d82af37ef6f0110b4de6398fc9f7906,2022-11-08 00:00:29.424,18725479090
56ba3c8d96113990056f7f8e4be78458,2022-11-08 03:01:10.358,14318431803
d07f3141fc4da2efa59386cf98936ca8,2022-11-25 03:29:36.911,14318431803
ac786ceafa438a626eb257ea88f467b7,2022-11-25 19:28:11.192,18725479090
32be0ce77170294ecfde71a3f18f9709,2022-11-25 22:11:59.395,18529088791
1a042c02c762ff588241af9ba1f367bb,2022-11-25 05:49:15.474,18796908459
07b718d210fbe96aa8b196f0bfd84f61,2022-11-25 14:21:08.864,14318431803
5fcabd12596c363ebf7090fcf6fd5326,2022-11-25 16:46:56.000,18796908459
79198e9f88879d72f4129cf1326f0adc,2022-11-25 06:31:49.335,14318431803
bcf9e34319e3156fc7d776374f405629,2022-11-25 14:32:05.815,14318431803
12dc9e78a690247e468528d7f35d685b,2022-11-25 20:26:01.034,18725479090
c2cc66350df4a8b2b0a97c7ad3f00506,2022-11-25 14:37:09.156,18529088791
8367cd944d3ab117035dc6400ee0b742,2022-11-25 16:12:11.520,18529088791
de356d4b48bf58897005e35fd8431198,2022-11-25 22:11:35.459,18529088791
bde6ad7df317b9dc467180525d900fa0,2022-11-25 01:14:18.962,18529088791
cebcfb213eae53b6417c77d841d0a84a,2022-11-25 06:28:21.568,14318431803
8c6538e95ea68e502d9e1065c170459a,2022-11-25 09:17:21.668,14318431803
5161de22bb77fbd8abccdd9ef8a26e76,2022-11-25 06:22:01.848,14318431803
abb36ba80544b31d231614e8c57d040d,2022-11-25 17:18:40.179,14318431803
112261f7dc4640de2115b38019450f1a,2022-11-25 16:19:07.507,14318431803
1b2894c40cf835b1981634e6869c152a,2022-11-25 12:09:30.923,14318431803
8d567eacff2035a18a7d1c59e2d0478c,2022-11-25 06:40:52.037,18725479090
1083533e0d7279a7b0ecbd495853209a,2022-11-25 13:23:01.586,14318431803
682910baaaf934d908e3f470e8d6979a,2022-11-25 09:05:52.493,18529088791
7b60d3da58a73794527ea1fbf3147495,2022-11-25 01:33:32.788,18725479090
4999298ddb4e55f2ed5223732bb27265,2022-11-25 15:11:54.569,18340470460
d10eb72933b495d1d6c9c6fa4d5f626e,2022-11-25 15:08:07.262,18340470460
ef5b8824ab0006057d0e611c557aa1db,2022-11-25 03:49:38.427,18340470460
b1f545cae32ad5664841df7b049fdd68,2022-11-25 03:17:39.487,14318431803
7afcc63a48aea52e060ac032414b146a,2022-11-25 03:31:13.456,18725479090
16824d26853e737bc7f1a0ee5f52746b,2022-11-25 06:28:59.720,18796908459
6cabb1ee68f624d958ae34760ba5b739,2022-11-25 18:20:35.219,14318431803
212dfc725931a93c1e059efbb4c28ac3,2022-11-25 04:53:03.495,14318431803
feeadb959c6a9fabc8a19d61c41d7e65,2022-11-25 21:34:34.308,14318431803
866488444cc25f00930f28b4202a1a38,2022-11-25 09:08:16.978,18725479090
7e4dc49b98b807d823eb580414c8c0b3,2022-11-25 18:00:59.048,14318431803
60467a975814069c252f8b01fcfc549c,2022-11-25 13:59:39.792,18725479090
275dea2902c1f09a882a75dac28f5111,2022-11-25 07:25:10.218,18725479090
09e56a9c35006433955556ff215715db,2022-11-25 14:12:58.623,14318431803
f4b3ce6bc5a4adfd995e947c3436d673,2022-11-25 02:04:26.631,14318431803
074edf38f398a0cee3831cefa4ae40d7,2022-11-25 01:50:55.515,18725479090
bae0cb2b858e8df24c2685220a880bef,2022-11-25 17:09:28.481,14318431803
45a0f82348d1472d7c81e05926f242d3,2022-11-25 11:15:43.649,14318431803
804b1e7fb804134b48d44aa92686198c,2022-11-25 17:35:16.839,14318431803
bf85262653337162ca43bff804c39abf,2022-11-25 17:37:47.575,14318431803
db7705a04c350e3257cb3872d4eb1720,2022-11-25 17:55:42.234,14318431803
2e3b204411bafbe792ae7cf0ed600ebc,2022-11-25 14:47:25.524,14318431803
704408dc5237f677a594c156f146531a,2022-11-25 11:00:57.544,14318431803
8de44733bcf1fded283e1b980520a186,2022-11-25 13:45:54.881,14318431803
bf46140bb3e3c539ebc203bc45711f40,2022-11-25 19:48:32.415,18796908459
5129ec09af55a6abbd34852c22da3c00,2022-11-25 22:52:37.253,18796908459
a72f4faba084576fda16fa7af3528201,2022-11-25 17:16:22.113,18725479090
3129dcb607020d77f18f9a7827b5dae1,2022-11-25 07:23:56.847,18529088791
2280a87a5edc0a6063a9ef14f0191b6b,2022-11-25 08:22:42.144,18725479090
8049ee0e2c59d1c8e201056f29474887,2022-11-25 01:45:15.815,14318431803
7672d13be647b4e7ccfc0e85e0893b91,2022-11-25 17:22:29.312,14318431803
bf66304348d487c4fd25122c30e5e115,2022-11-25 09:34:00.126,18725479090
2913ff072798fe638e04afe671f14410,2022-11-25 03:18:30.182,14318431803
831fede9efcf5c3f9592081ed82d4914,2022-11-25 18:13:51.587,18529088791
80b2a81e5b0b9c3cbb7a5ba1411cc08f,2022-11-25 11:50:56.220,14318431803
b4df3d72c8da857b21be6b096cc535b9,2022-11-25 11:56:27.903,18529088791
6d57f51bba362d32d56b9006e5fa9d3d,2022-11-25 17:04:56.627,18725479090
a4262e3c125529ce3a2601d218b188bb,2022-11-25 17:04:33.553,14318431803
ff69dc148eedf542e3d17c83e0993682,2022-11-25 12:35:10.816,18340470460
b1058dbf87a5792ebf08fbe4539abf69,2022-11-25 17:56:11.966,18725479090
354a59280e9a94e74aafbd676afe6abe,2022-11-25 04:51:10.469,18529088791
1aa2b1650dec0053499c90e315773131,2022-11-25 18:44:58.785,14318431803
4d77b4a73e078e28f73acce85ef1bf37,2022-11-25 14:55:58.547,14318431803
55975592be4476dc1a0e573d851636f5,2022-11-25 09:03:51.026,18725479090
8a69ca0d1b731e504a5098b28ac0d118,2022-11-25 17:42:05.298,18725479090
830fd51058d2de7003aa6d3d14673f97,2022-11-25 13:46:09.214,18529088791
cc78e13788e744060fa131f9f3456cf6,2022-11-25 13:05:01.135,14318431803
713edda65fa28268086127ddf6700c34,2022-11-25 10:37:49.260,18529088791
cb85da6efa7e4aa3e4d8b29ad7240dd0,2022-11-25 05:55:11.533,14318431803
300cc2d95129235e1d608597ce03a0fe,2022-11-25 10:35:25.312,14318431803
6c40aec4ab822aeb37db448f025696ca,2022-11-25 16:31:01.423,14318431803
806dccb394aad2e086f5439eef6c6b76,2022-11-25 12:32:57.240,14318431803
5c0a1e97ea1399d8a150cab656c5d57d,2022-11-25 13:42:10.591,18796908459
1671c43bf61b14a3e554d44cd0aa4e71,2022-11-25 07:43:53.336,14318431803
0ba8697bc4d198598ea8b23257207b11,2022-11-25 11:06:10.756,18529088791
8978fea71baaef087b2aef96477f95ac,2022-11-25 11:13:41.873,18725479090
5a9b6948a76c3a866aaed26911f9e54b,2022-11-25 03:29:53.271,18725479090
c3f4fa7e3745844fb41bbaaf1c0ec615,2022-11-25 16:42:27.297,18725479090
9c83aa79a27bb4b877042dcd585f0071,2022-11-25 16:46:34.418,18796908459
c9e41aaa7bab16f7ad9a751fad6d4b84,2022-11-25 07:02:58.541,14318431803
f366738040dcb6e26585e6bac707b20a,2022-11-25 11:26:23.008,18796908459
eea42e4cfb68dd28cb5a03469cbbe7c3,2022-11-25 17:53:13.761,14318431803
ba9da9e223c2c08163c78a0612cbf7ca,2022-11-25 04:27:08.482,18796908459
81966ba1c5beececbff61760b45d0856,2022-11-25 14:13:30.132,14318431803
20444bfee810a3d61ce6e3148b40a981,2022-11-25 13:02:41.473,18725479090
aefbe2d0066d63b7cf799ac7b68b213c,2022-11-25 12:08:01.740,14318431803
ded3596829800bdddd119d9ec24bfeda,2022-11-25 18:57:55.945,18796908459
ab73da478a515031817719d725b54ca2,2022-11-25 13:44:30.427,14318431803
4095128cb31234e591621fcb46f376cb,2022-11-25 04:45:49.283,18725479090
426fe6010c4d51b5606092864020d4c1,2022-11-25 03:41:07.251,18725479090
8bf0184dc005d101e68ff8174dd57d98,2022-11-25 17:38:42.696,14318431803
7bafaa3f626f2dcc361860a6692a4970,2022-11-25 13:12:30.380,14318431803
8729edd2d0df357998e6b6ea9f366c0e,2022-11-25 09:59:47.148,18340470460
62abc713396960229d899d56ae3589a2,2022-11-25 12:48:37.625,18796908459
3a004a27b5cc22609b6a2ce889aad96b,2022-11-25 08:41:37.388,18340470460
009f20118db887786469c9f3428c14c6,2022-11-25 09:26:55.096,14318431803
4f4bcfd79f688c6bde4be0ee3b2c1365,2022-11-25 09:36:41.724,18529088791
45dc19b07648432831645d9d4d8579f7,2022-11-25 16:11:49.732,18725479090
869b5326efb85490544e24da12f03440,2022-11-25 14:39:58.828,14318431803
b4b68a034f0b6ce373057962f90a66aa,2022-11-25 12:02:49.288,18529088791
e2c116a8259cc8d128e39dc2508b011c,2022-11-25 19:48:44.072,18796908459
65cc16f8f6118d60c08599a088b2ffd0,2022-11-25 09:07:17.339,14318431803
a6ddaae64d9b4cad8cc10ede3587a9ee,2022-11-25 13:24:03.729,18725479090
ba12b5110656ef61b5939cef355495ee,2022-11-25 16:20:08.169,18725479090
cec0fc34c0015cb48c52ef357f2d804f,2022-11-25 17:36:54.502,14318431803
622d0744bb71151505df573bab8ea254,2022-11-25 09:27:07.201,18725479090
4af955f2832472b2926bb0d3f5141df0,2022-11-25 17:22:02.238,18529088791
32735011cf2dddfeaeda03b50fbed152,2022-11-25 06:59:34.725,18529088791
c2882af3ee291014e1e565154c0c83a4,2022-11-25 19:38:50.975,18529088791
5ceb44cd5c388808ad26bbc74dcac192,2022-11-25 12:38:33.396,18529088791
d1ce4089d995cfefc0aa1656e0825e6f,2022-11-25 12:06:40.050,14318431803
2fc26a94a30fc5edaf929b39ef39db31,2022-11-25 16:48:18.119,18725479090
de6f594da8ca6f1f47d0dd5ff2c4c4da,2022-11-25 13:03:26.068,14318431803
d69727db8677579b113a70368c50b171,2022-11-25 05:19:32.979,14318431803
a0e7b16ada667c97c4b4d5e4e90366d0,2022-11-25 17:54:09.123,18529088791
2ca970a6b935257fb11e786e5f28185c,2022-11-25 18:01:13.473,14318431803
e5e051aaaf5b0f5e21cc6f3ac7c69f60,2022-11-25 06:29:31.977,18725479090
455ead9b1a00d6f665f30803577ba3fe,2022-11-25 19:35:06.142,14318431803
25e98394a773b0f7faeb8508a52f80d2,2022-11-25 05:59:28.049,14318431803
6d878235f32336f1ba20f16107525d06,2022-11-25 16:27:18.707,18529088791
ed1a738ef1944546c7b99f25ee8dffc0,2022-11-25 12:41:37.346,18725479090
2342273affa1ee541048f078d9474e3c,2022-11-25 05:07:29.196,14318431803
194bb04c7cafc9189f1de0d95a13e795,2022-11-25 16:55:01.363,14318431803
b355ecf2c3de648ec12dd9e90ffeaecd,2022-11-25 14:33:48.203,14318431803
447e8870e44b1cb6ddd85e27ef0ecae6,2022-11-25 13:02:29.007,14318431803
5d1c03e41f36c7955093a74f563cfeed,2022-11-25 07:48:05.559,18725479090
7343d8692046fb1327855f2445cf17ef,2022-11-25 07:52:40.970,14318431803
aefd89dfd9d5e9cdc548e4eb34654215,2022-11-25 16:13:12.755,14318431803
b7c1e7e56f3f90ea198586a0bb573902,2022-11-25 15:12:10.262,14318431803
11f07dc9b899e59f4d20e062544e4f12,2022-11-25 16:30:48.467,18340470460
ac5323b5026ce05cdcd82cd482ffc39d,2022-11-25 19:35:30.154,18796908459
f8e3dd2ab165f2b5d84a9928ac5bc969,2022-11-25 13:53:37.147,18796908459
1e98613804802d21dac09f4d910f3983,2022-11-25 06:53:25.456,14318431803
b700993ba000e25db1d5edea55fda928,2022-11-25 10:41:04.783,18529088791
14e552a984f2231c4fc06ac634cab4fe,2022-11-25 04:35:07.962,14318431803
0071765f801c98679c0f2d6e0e72791e,2022-11-25 18:06:41.985,14318431803
3b6db6b5d8a8267a9da6e10e826560fa,2022-11-25 20:05:29.395,14318431803
fc54736c5b372b68b9a43194ca62268e,2022-11-25 07:31:53.483,14318431803
975d6b4b1ad114f7f833cfedd68d1bd9,2022-11-25 18:30:12.451,14318431803
4f823f11d1273e72990319f099f6706e,2022-11-25 19:05:49.289,18796908459
df9d4f2e27149e551217afe4c1ecdd01,2022-11-25 19:20:05.793,14318431803
7b8a6596b41004e930b99c472c5f1c6a,2022-11-25 06:57:41.591,14318431803
5b270cf73016821513f9b1ed98a6cc18,2022-11-25 08:44:14.106,18725479090
395d21370770aae8f5653535aa78e1d1,2022-11-25 07:53:11.121,18725479090
2134358ac7f9f58ca4e8c51e27b08b4e,2022-11-25 08:44:26.628,18725479090
66c9a3ecaa14d27d6718d8033bdbd280,2022-11-25 07:37:06.158,14318431803
98cd2e146aa7c929c72a5c357441da66,2022-11-25 10:54:10.074,14318431803
89a4ece6178a74007b70ba2270d55af9,2022-11-25 07:20:08.600,18725479090
d5b77851978fdecb5b05483b8ce6262c,2022-11-25 19:32:46.489,14318431803
79b5e5a050d3edcd46a9a29ad8bccb4e,2022-11-25 05:45:22.699,18725479090
600a2b94bce7567a843ac00306e4dcf5,2022-11-25 17:27:28.564,14318431803
b65ec5cf0a6deb613774122c9634a016,2022-11-25 04:54:37.654,14318431803
44405f61779743444b3e755176bad1c3,2022-11-25 14:50:44.400,18725479090
fd787719c2234f1fc61c7a33ead6832e,2022-11-25 08:21:52.975,18725479090
66e1ac2af1b707125f98f18ba1e4137e,2022-11-25 09:21:37.803,14318431803
181e4f03b86d3007ab69c12cdee019df,2022-11-25 08:59:39.830,14318431803
ee94b220f6332e7121a12b52b52166c2,2022-11-25 08:10:26.606,14318431803
43bb19ade6c98f4779ab469f1b9306a6,2022-11-25 01:06:49.208,14318431803
d5c579605e0262f3c991d5b8bf2d475c,2022-11-25 12:21:52.488,14318431803
ea85ff519340365b2b9fd8e5467f879e,2022-11-25 19:46:58.803,18796908459
69247c4345cf17544d8bac5d6fa7ec74,2022-11-25 17:44:29.524,18725479090
f257ceded5b6f31c0ded9b04dfe6b6e4,2022-11-25 15:53:09.280,18725479090
26a08bcc46d094c081f48bb570659a3e,2022-11-25 14:03:37.460,14318431803
d73dc8768c7173d397ac8825a8499907,2022-11-25 16:32:53.866,14318431803
897583411d756b46d483f285c807b90b,2022-11-04 09:50:00.537,18529088791
129f9cb07d1f5255e19f447917fdab57,2022-11-04 17:11:11.463,18529088791
d76b301c9802aab02aed5cb8327df95f,2022-11-04 17:16:37.518,18529088791
78b2184c12948ef481e6ab25f4c40f73,2022-11-04 06:42:19.146,14318431803
5ed604bd04748667d42a43d68ee1f2a7,2022-11-04 04:11:01.191,14318431803
b0a18b25ac84e74a7c7a74a1e7374d25,2022-11-04 10:17:34.833,14318431803
2568203e9aba8f2cca7a633de06b8961,2022-11-04 16:06:34.862,18529088791
728be6f712c3aa4b5417aaec16ee2c45,2022-11-04 17:08:37.855,18796908459
ca1efb01dda29eb38f54c1f8eb95795c,2022-11-04 07:08:24.152,18725479090
4c3596cafd8b0ecaf3aabf8b8ae9a0fe,2022-11-04 07:27:40.330,18725479090
ec57ab717b23b1591fda256a9e6c8272,2022-11-04 17:28:55.044,14318431803
bf44029230e6c92eb5ab21e074cff360,2022-11-04 22:42:09.468,14318431803
8807250ce171cf3a95ff10c1465dabd1,2022-11-04 19:14:11.737,14318431803
5b0d844d833d36296a3ccb9bf72c901c,2022-11-04 07:52:38.662,14318431803
5489206940f9575b1b27d6cc68b36a45,2022-11-04 17:04:43.774,18529088791
f75a01a08757919c0e4c19b9303b5bfb,2022-11-04 03:56:44.684,14318431803
4f689a4396593c60d63da8247ddb7f85,2022-11-04 06:58:12.598,18529088791
0ef782e352cfdcd6c3e787e953329af0,2022-11-04 05:34:01.098,14318431803
34d58de529e4b8ba53e3e5347d142c58,2022-11-04 17:17:17.835,18529088791
a8d56250d14a5e76b738cc7cf89486dc,2022-11-04 14:31:51.211,18725479090
f5b8b2ef1914cd27aaf933251b52fbb8,2022-11-04 15:36:45.717,18529088791
bc0ae777fdba9d87a1aa7b9ed6ed3a89,2022-11-04 03:05:54.993,14318431803
c529a876c9ca859353b73e4bba877ac7,2022-11-04 20:42:38.561,18725479090
05b02359c11617b1ab2cf49321e33e63,2022-11-04 04:42:54.497,18529088791
17b1659a6dbcadcfbe0a3d85ee1aabd0,2022-11-04 08:02:05.991,14318431803
4b7278bdcdf6467ad82cedd7ec6db81c,2022-11-04 18:23:38.873,14318431803
5a0a98969a9bb42560359246964c5324,2022-11-04 14:20:17.074,14318431803
1e8da17fb0883abc5cc133992cc4ae7a,2022-11-04 10:22:24.311,14318431803
4847d41b14d4d03e0496a2778c810e54,2022-11-04 16:22:12.173,18529088791
4d50255efe01699c1151a002ec493a34,2022-11-04 13:54:53.032,14318431803
d3037577c8c9fb2407c9b223019a9e47,2022-11-04 11:58:49.174,18796908459
4d4da857fc2ed35d49ea76a6ecd70e7c,2022-11-04 06:36:59.018,18725479090
0a673d1185ac84a63fca876cf93ed281,2022-11-04 17:42:56.571,18725479090
788ede0a7e102d81a4c6c981936e7405,2022-11-04 10:01:00.251,18725479090
538fb96442792ff974044005b99b31ad,2022-11-04 17:14:45.052,14318431803
26067d71cbdf26fe5c0033a15f431fe7,2022-11-04 17:38:14.757,18725479090
19b1f1c6e18018e8caa246b75e8a4b0b,2022-11-04 05:17:46.999,18725479090
a0b1dada7ebf4fbb4bacdceacb6fd0a0,2022-11-04 18:55:17.994,18796908459
c6ee6e84aec9f685fe7126bc1716c279,2022-11-04 11:53:00.581,18725479090
4dd008ac8d9ee22a1d55e1d3f304024c,2022-11-04 17:17:46.347,18725479090
b5e57079de72cdadd5295c03cfae65b3,2022-11-04 04:46:52.420,18725479090
95dde9c94f5f119363dbbf4357c831b6,2022-11-04 13:48:23.225,14318431803
9752163d4ab2c1f04fa498663d2ab34e,2022-11-04 05:38:07.622,14318431803
cd254e0f8d6cbbf211f8622a4996fd4a,2022-11-04 07:36:48.179,14318431803
a678ea8e390d8d95d4b509eb6fda5c01,2022-11-04 05:37:21.891,18725479090
140e2e81319e4886f6eb351d5065c05b,2022-11-04 16:14:16.928,14318431803
4258635decd6269a5ce78e503e16e240,2022-11-04 13:59:20.946,14318431803
ab032ce19b80b4d2b90fd8c13c12c762,2022-11-04 15:45:00.146,18725479090
5c3cd7471c2e326b7ad5d20b80df5b53,2022-11-04 09:10:39.392,18529088791
3f8dcaad15fa1b8867ca1348e0fc8ed2,2022-11-04 13:38:12.953,18529088791
2685da1f375513ac901f8d447a881608,2022-11-04 18:57:26.229,18725479090
38cd0968c714ecfb80e0c092be605887,2022-11-04 10:28:27.721,14318431803
f828ec2ef265dad6d8dda3fadccbb625,2022-11-04 18:34:07.771,14318431803
a39a966209fa2be4d52d52a0aa83baae,2022-11-04 20:45:45.371,18796908459
444eb9ceb740cbb548a915b6a1d714f6,2022-11-04 05:19:23.511,18529088791
93a059a5b92a385076c81cc2ea150b44,2022-11-04 05:24:01.936,18529088791
e9db361d05fdbf5cb93e7329aa4003e9,2022-11-04 22:39:57.783,18725479090
4c9665c918ae3364bd8d175fd5193b67,2022-11-04 18:19:01.357,14318431803
d3097fc7d317738ee0c10e83fa839798,2022-11-04 20:31:42.874,14318431803
fa9adfa69683eb274bacdd5514b3a7cf,2022-11-04 19:07:18.862,18796908459
278d6445721e24eff24a53e5b2f57457,2022-11-04 02:11:16.360,18529088791
c98491cfe2e22f6085a270a0878238c1,2022-11-04 14:16:40.718,18725479090
37bf7899093cf4b237619ed6d9b5bd41,2022-11-04 11:40:35.345,14318431803
38620e2b8d9a10931d07e78c3236dfb0,2022-11-04 17:05:37.996,18796908459
530a75908b6b97cd5544bc71e6174db3,2022-11-04 12:42:29.973,14318431803
bdf10f149b3961d9c7055b6746cf5a9b,2022-11-04 10:33:23.475,18529088791
0d5c74241c6ff3162d0366c886edf37b,2022-11-04 17:22:10.059,14318431803
5f91154f7d58fd5dac5bad576c74be99,2022-11-04 08:09:38.010,14318431803
f0d34a313bb6219ecc540b858770a066,2022-11-04 10:15:59.550,14318431803
cca532b49d5ea403d5f582abe47a951b,2022-11-04 20:48:22.169,18796908459
06fd86ab2ccf6357d89595cea27102e7,2022-11-04 08:56:01.765,14318431803
8c42a5d016ca57b3cbb31d39d2e6afdc,2022-11-04 16:05:43.610,18796908459
ae17cbe4f1a8e809bf214eb506b7b602,2022-11-04 11:38:57.538,14318431803
a0a0b96001e3c25b5b877471f1d8e490,2022-11-04 03:07:10.818,18529088791
9afa3068e8bb1212a774d8bf24be8218,2022-11-04 08:22:03.273,18725479090
a01dc9ca1ad73c50cd0b881429d344d4,2022-11-04 14:44:12.313,14318431803
b3ee4599cee6ec110df9ce249b55bd60,2022-11-04 06:51:57.334,14318431803
6fb8eae2d77c76a49d8d7756af40b0b6,2022-11-04 06:22:27.843,14318431803
2a932126f3a6e5c25e93845c0824518b,2022-11-04 04:52:30.287,18725479090
faf5e5d65302453a063a00e2290a63fd,2022-11-04 17:58:33.311,14318431803
c0705c340cc2ae01421f57a366f0af70,2022-11-04 05:15:34.519,18529088791
a9dbd1e30d5fe1f1ac060ed2cfb8d32a,2022-11-04 19:46:44.750,18796908459
1f2d5bc4980a4fc93e7c8e742f4c2942,2022-11-04 13:16:04.370,18529088791
d2fedf08f16a5461f626954b803460cf,2022-11-04 01:06:18.114,14318431803
583b434732a06c6b7e7bd8161b740af1,2022-11-04 18:21:20.857,18725479090
c177960ae3190e000c8dea6b65d66e31,2022-11-04 18:39:45.012,18529088791
c0f126a929610c28089d67d419ae64ed,2022-11-04 14:05:07.688,14318431803
89c7705aa42ec23febcfa6e6ccd24a79,2022-11-04 03:46:22.956,18529088791
be62564ad0487a1acb50565d2bf9db5f,2022-11-04 16:59:30.426,14318431803
9d3129ff47054dbebe4d96511586ef0d,2022-11-04 11:44:11.867,14318431803
eea0cfab408e2f8e34eceebad38c2ac9,2022-11-04 22:39:00.903,18725479090
2dbb0fa228bc2a27dfe60774c5fd9b2e,2022-11-04 18:05:01.054,18529088791
221ea2239b78b3162a2ac62f72810261,2022-11-04 02:45:13.304,14318431803
262bdc47eebeb0409a664f860101f762,2022-11-04 21:06:08.842,18796908459
a9e492af47db8a2bf58e5a2df84928c4,2022-11-04 18:06:08.289,14318431803
3ef205da3063e39f50ae62333a4baeb0,2022-11-04 20:37:47.500,18529088791
da163182537f932d709f2cee28810334,2022-11-04 23:25:40.314,14318431803
e479f9d61b02a6c420532905abfdf2a9,2022-11-04 09:26:29.787,14318431803
8d6ad9107245ba2208c2b224bece0de3,2022-11-04 04:54:17.737,18725479090
0bcf1eb8090c6dc0ab2759443ea1b779,2022-11-04 13:04:51.262,18725479090
2e1bb51def9ced213f1742484637c02c,2022-11-04 03:12:07.719,14318431803
dbc536627f02e77d42edd99d5e87ad4a,2022-11-04 10:55:47.176,18529088791
69753a89fadda4d49a6abc2b931299d8,2022-11-04 18:25:32.380,14318431803
4b2ebb75aa40c5dbe9784bea97dcbdbb,2022-11-04 15:01:07.272,14318431803
dbbf5be803cde18938480468965bcda5,2022-11-04 20:33:25.959,18529088791
41fab7434e50c1a114c683626d757376,2022-11-04 04:45:53.751,14318431803
735ed35d4685cfcadf15f10bd0110a1e,2022-11-04 18:48:45.212,18725479090
85ed8220f6d53b583100231bd724488d,2022-11-04 06:19:56.615,14318431803
9776578d9be9137bc5b1221a93b79b6c,2022-11-04 11:05:20.451,18340470460
5b35d3526494530c33512c0f8be8b9c4,2022-11-04 09:55:20.080,14318431803
a5ecfb803f5a24c863fa53c5a601390a,2022-11-04 09:05:47.099,14318431803
a804aa33564ad225eaf2a03ccf956550,2022-11-04 16:45:09.072,14318431803
df01b7d311542c5a5221417d78b9b7ab,2022-11-04 16:01:52.059,14883589082
cf6bdbe8c5594123b5002e2847bcecf1,2022-11-04 17:47:08.161,18529088791
72270a61f4895b6cba21a37f5a64f529,2022-11-04 10:09:14.935,14318431803
6d33069592258d5fc4b8f20db03cc909,2022-11-04 15:15:31.324,18725479090
1a1ec49a213fe429e33eed03a0b7381e,2022-11-04 13:59:41.633,15010179776
3194cfb3a68e8da88dedf171661711d8,2022-11-04 10:14:41.422,18340470460
6907f783490cdba2106181ea14746b03,2022-11-04 15:06:13.427,18340470460
c4ec5f226e80f5b82102e0f6fda0d590,2022-11-04 06:49:02.364,18529088791
379508d6d8e83d0183ee1ad031855471,2022-11-04 07:09:05.430,14318431803
b5d9304af5d8ab6e019e8bde8b0cc876,2022-11-04 12:28:24.504,18529088791
b3961c270cb7eca25a5e82d290a6ca22,2022-11-04 09:39:29.946,14318431803
ed67e5e71a0b4fc92e968048bb3d2820,2022-11-04 11:53:44.195,18529088791
d6c80314e5a504e35495e232a0efe3fc,2022-11-04 16:13:05.452,14318431803
2ce77bc8166a7b8b7565634e76c59b4c,2022-11-04 10:22:23.796,14318431803
f94c853c29b1ff23af9dd09a87a83736,2022-11-04 08:18:55.048,18796908459
b1a7958d321e30f3f9278ef65f274e1b,2022-11-04 17:56:31.832,14318431803
8445e406c055e8824f962ae5b77c6340,2022-11-04 05:19:18.916,18529088791
10dacc6ce02cb3337bfb9d6193d30006,2022-11-04 18:27:21.111,18529088791
b105b574f1864492ba03c1b3210c506f,2022-11-04 18:03:40.970,18725479090
b3727fa99ee5f3cbd7fe88e953af201f,2022-11-04 15:04:08.168,18529088791
5e8ea2e6f9b6f9b0b2adb285fe1d2bbd,2022-11-04 17:48:45.456,18796908459
c5e8d860cd5511f8811fcc2a561d7781,2022-11-04 11:33:32.102,18725479090
4396d76de4c5fd763cf215f2051b717e,2022-11-04 06:04:34.061,15010179776
8d70aa66e371f6d3a26bc5bb7d04a615,2022-11-04 12:07:46.654,18796908459
cc5b5c4ac0c93c2ab5830622fd39c748,2022-11-04 09:29:59.127,14318431803
3456725bbbb00ee828b044e495e9874a,2022-11-04 03:13:48.615,18725479090
d88fbcec23843d0d49c88fca6ea65d4b,2022-11-04 17:04:32.914,14318431803
bf276cdfe58d12e7aab8343a78accbf7,2022-11-04 13:58:25.390,14318431803
766c3c8583f9049606ecafe4ce77561c,2022-11-04 11:06:43.431,18796908459
702c9ba4c89d90f2cf82c4a7325be5d0,2022-11-04 19:37:33.099,18725479090
a3abc64ee52f4c14812c0b8407fbb774,2022-11-04 12:49:28.795,18796908459
8a82583a94c4f43ebdddb814d3da1b2d,2022-11-04 08:24:44.189,18796908459
869bac7f807f6d76df65afb21ebb6bdf,2022-11-04 05:07:45.991,18529088791
265b6bfe50a9ec72ba52b8c790f5711e,2022-11-04 08:24:34.001,18796908459
36e61ba3f3328da35ba25e774ff09fde,2022-11-04 13:02:19.921,18796908459
5a84b88602c28dbbe8ca458807c00a20,2022-11-04 19:51:39.554,18725479090
4167c359d080f3c3b551f266a52afe84,2022-11-04 14:27:04.467,18725479090
1cce05a5156be79db5aaf2e2ab134a95,2022-11-04 22:35:17.660,14318431803
28e98cae9675a8e163a96f14c9d3857f,2022-11-04 02:33:27.131,14318431803
664dccbbffa31e68bbfccd7f2c2d8ad2,2022-11-04 10:51:05.077,18529088791
3ebd23acbbdcfed4a2ac4bad688227ec,2022-11-04 08:38:33.595,14318431803
a69b63723071e65154e77ee6e1f62109,2022-11-04 04:28:11.355,18340470460
e4270a7f599cc8b836504c8c14ddaeac,2022-11-04 10:07:34.983,14318431803
464ca15a6c3f3bdb814226ac86c9cca4,2022-11-04 06:07:02.172,18725479090
34c372f6ecdcb71cc095cbb5accd88ee,2022-11-04 04:02:21.188,18725479090
47524c30b439700ff003e55236800d90,2022-11-04 04:50:06.167,18725479090
8ba179309b300f17ddc036d032f6d6fd,2022-11-04 01:38:39.588,14318431803
9103f8ef7e1d98db2181eedcd68c2bce,2022-11-04 13:53:40.195,18340470460
c5b2b0298f88cdf67fbefc5cf3f6d80d,2022-11-04 23:18:19.341,14318431803
eacd5a57aa473814b4f1d20316cd5cf1,2022-11-04 12:06:16.304,18725479090
20e5bdc65a7fc0dafbe9c09389b7b8c8,2022-11-04 02:47:21.479,18725479090
d41046db4d48934fe5be8a5a0e80ac7b,2022-11-04 08:02:14.255,18529088791
094f0c417409a470187953ff44da566d,2022-11-04 18:19:17.844,18725479090
bab0ea6bae4c56f99cbba14d7395317c,2022-11-04 05:44:36.626,18529088791
1202793fa7190cf61fedbc7902e63186,2022-11-04 08:59:16.104,14318431803
a283df7349d2f574734221b987149c08,2022-11-04 16:18:47.129,14318431803
bbe2246bdf7ade117e1d71b5283273e6,2022-11-04 08:03:58.735,14318431803
0c29dc535ab46a49bb2e36240e598d44,2022-11-04 06:51:26.743,14318431803
2e0aa31494d541cb59e0d487dcdcdcb1,2022-11-04 16:49:43.523,14318431803
d06af6f6c32b1c4570cf3957afd999df,2022-11-04 16:36:07.414,18725479090
7acad450f3f2d84cbbd1db70d619b69f,2022-11-04 23:08:20.546,14318431803
57cdec3d36a86b00b299c8e48786eb5f,2022-11-04 11:10:06.428,18725479090
237f92fe4e824e2cbc7dd91466f83c96,2022-11-04 19:39:38.199,14318431803
2b4cf272e1288dc66393d98fe2509243,2022-11-04 08:48:15.896,18529088791
73fa3f0e34eb523d88bd37e14d73ed97,2022-11-04 23:41:47.890,18725479090
b4c8b683fc1c5fb778ad8a745b6c4e30,2022-11-04 00:18:17.143,14318431803
69157e3d9ed5347a9c8885e8e49a2efb,2022-11-04 12:44:08.813,18796908459
f5f0259cb86a530f30f10ff486f959e3,2022-11-04 18:34:08.076,18725479090
a5174a76b3dc334f9abaa14b2cd1cfb4,2022-11-04 08:51:21.081,14318431803
a9a1e42dae74649b6d323503f254961f,2022-11-04 10:51:22.822,14318431803
b1cfa080ac0b862251e750d0627492da,2022-11-04 17:46:20.781,18725479090
ed0c6c3c9cd76a24d99301ba4bf52c28,2022-11-04 13:03:47.117,18796908459
02f8cce49a66b1fd22d45fd6fbfe4d6e,2022-11-04 19:06:48.230,18725479090
825c66ba237671c241a5a573c3cf4d6c,2022-11-04 19:15:03.072,18725479090
56aae8ec9801ed5db5722830aa3bb38d,2022-11-04 09:23:41.800,14318431803
ea353f4354407a88deaa29036888683b,2022-11-04 07:19:11.673,18529088791
05e22054800b9f55abd63dfb3a1a220e,2022-11-04 17:14:38.114,18725479090
fc1ad75e0d264eeb57fa100410802abf,2022-11-04 09:47:20.972,14318431803
98f43addfc8beb14d32277da5df0f122,2022-11-04 01:15:06.534,14318431803
0439a684981332acc08e91180b65148d,2022-11-04 09:03:42.841,14318431803
9b9d5fa0365e11f8a48e6e57baf8843b,2022-11-04 18:01:30.609,18725479090
c228b153ad2868fcf127098e46ae56c1,2022-11-04 20:34:40.926,18725479090
797a89bcc6b8e853bc99be563c5ef7b2,2022-11-04 06:06:17.745,18796908459
a8ac4ec75b885bd2fbdd8303ad2ede11,2022-11-27 18:25:57.918,14318431803
ddfecfd3327915525e8bcde4a0a78caf,2022-11-27 19:27:34.055,18529088791
93a70d19fd8cb705ecc06baf9a2d91e7,2022-11-27 11:27:41.779,14318431803
723c667bcc0976ca31010581ab563afa,2022-11-27 06:58:11.842,14318431803
70ab34cc0d70fc46969bae3dcfe54f1e,2022-11-27 10:30:02.315,14318431803
3a80a49bf94d5d32c297ec3b3fb47233,2022-11-27 13:29:10.503,18796908459
2661eface1136e27876aac6a4028814d,2022-11-27 18:20:43.616,18340470460
cbbb8eaba5e747db05276d151a48660f,2022-11-27 05:37:45.932,18529088791
4dc979bacecf3c1e689abb8119232390,2022-11-27 04:56:36.887,14318431803
2f87e831100f74fddeb450d99d1ef899,2022-11-27 09:28:39.622,14318431803
0230c4f129ecebf956c3f449fd6c732c,2022-11-27 07:07:19.720,14318431803
8758a615e3d2e120704ef4ce16e0af9d,2022-11-27 04:22:30.525,14318431803
c73896974f0263208c749ae9a50dc133,2022-11-27 06:11:19.831,18725479090
6cfed8a67f96eacb768bd01ea6cd3036,2022-11-27 16:04:05.163,14318431803
972fb214823f64bbe28fc2d0c6d1db8b,2022-11-27 09:10:01.967,14318431803
270817457ab6d54040549a7304bf5bc1,2022-11-27 08:49:58.510,18529088791
cc43fa0ad9d2586d269d19b8e49cd754,2022-11-27 08:14:16.212,14318431803
f21bb0d368ac2fc0fb139653da49a5c9,2022-11-27 18:42:01.044,14318431803
f1a639587f108c439f5ee6ab703b4a5f,2022-11-27 18:27:04.547,18725479090
cce2911dee2b6a04bf6492660708dbf9,2022-11-27 16:07:33.683,18725479090
14871dafca97f123a16dcffdf7b2c860,2022-11-27 12:11:32.844,18796908459
057e8b235f259e66043dae6df57893f8,2022-11-27 07:51:55.118,14318431803
522b04c322ef68097d4964e1bf7d5f17,2022-11-27 10:21:32.186,14318431803
d7a0dc94c49ceba4f781056cb8915457,2022-11-27 16:02:59.264,14318431803
2da7ff292042fee7ef67419eb2991e47,2022-11-27 03:52:25.848,14318431803
455f1bcfe14e00e914c2ac5adc5c2061,2022-11-27 09:51:49.735,14318431803
79d01a1ecf58da7854b2b9314a339fe7,2022-11-27 12:01:03.978,18340470460
13add6acff72e292b4afcfe1245a0293,2022-11-27 06:02:19.401,14318431803
10cbd9d1b01471d38a6e346f24598f7f,2022-11-27 11:34:16.479,18725479090
82a7f26034a83af47c507cd1432a570b,2022-11-27 17:06:21.139,14318431803
cc015a2f9dc04ccce45ac1c8ac9fd1b3,2022-11-27 19:38:48.151,14318431803
7ba9944f2d5eb4ca656139745199bc46,2022-11-27 16:56:47.567,18796908459
eca3a8b741e6ae828233a065e397c689,2022-11-27 13:04:10.695,14318431803
11f0a16032524c2976094e3d1dc70656,2022-11-27 18:34:31.147,14318431803
9f7e37770144232fa97d6e13f436261e,2022-11-27 10:26:17.629,14318431803
37b426f8055445fbe983ff249d38d7a7,2022-11-27 17:07:21.284,18529088791
407fe6457e27406adab8f679fd5c7320,2022-11-27 11:57:26.325,14318431803
3eabc5771af2b665bc4d61b620783bd5,2022-11-27 21:40:21.745,14318431803
51773d1b06751bcbf2ea211cbc76d501,2022-11-27 07:41:11.818,14318431803
c48c3b82edfc50952a8b9c85a7989dce,2022-11-27 22:02:59.552,14318431803
1ec148e8bbf194893b4df19a74bfce4b,2022-11-27 12:18:48.004,14318431803
e859a00cf27074f702ce9dddc723018c,2022-11-27 07:52:36.910,14318431803
e68fdaafba6da6a01c74ed0da8b81e17,2022-11-27 07:31:05.856,14318431803
52212d2e3c1dbcbfa0e8f6a045c0f662,2022-11-27 13:59:34.589,14318431803
3b9a89739962e2b4b5fb88f9e656465b,2022-11-27 11:19:27.810,14318431803
66ddf693d6baf6426ae3183b47aa9747,2022-11-27 06:07:03.934,18725479090
d185fdf3f532984e758a88da3c834308,2022-11-27 11:01:41.314,14318431803
d701150552f9692b6a605f54c7099fd7,2022-11-27 11:15:04.675,14881642792
027d3f84cf389e0f10ee19d05270eed2,2022-11-27 11:32:08.056,18796908459
3083e81b5cd4b851edd274876fef1bc3,2022-11-27 10:15:51.884,14318431803
360e7725dad8c5443a6d00acfc62fe7f,2022-11-27 14:01:55.884,14318431803
43375f7082b69736e514f14881c3755e,2022-11-27 11:03:06.018,14318431803
447884cf482c607348556b6bd71fb9df,2022-11-27 05:07:30.288,14318431803
333f84491c1a9f14a72cb4a5ac1ebe4e,2022-11-27 17:35:48.933,14318431803
ca6007187f70ac09bce97ac866711503,2022-11-27 16:04:59.767,18725479090
1a79ef43e0b210d6b1b10cdd18caac6c,2022-11-27 12:01:46.880,14318431803
5c9375929ec25b1b5f20ef0a79149188,2022-11-27 18:23:24.267,14318431803
1b82a0a7c07f9203a0efc48957dce19a,2022-11-27 17:00:04.575,18725479090
b072fe99a4f3e24262af839442502834,2022-11-27 06:12:50.323,14318431803
4819295eddad0224394b452a28d469db,2022-11-27 02:50:17.851,14318431803
7cd1dbb9caf894c0077f55eaee2ac2a4,2022-11-27 15:41:32.784,18796908459
dd81171fce953ca9470bdbcca5166bf7,2022-11-27 17:45:32.123,14318431803
8d1a807e7fd537531232c6e6c0ab7c79,2022-11-27 14:33:02.261,14318431803
8765db4551ad268955b53bcfa0a09763,2022-11-27 20:03:43.460,18340470460
5dee3552d2c689774644afff4c0ba367,2022-11-27 12:18:22.056,14318431803
53ba95d5d23529a4f13aa149e822f62a,2022-11-27 05:40:01.543,14318431803
466e42d4a2c4a73642889abe4de3432f,2022-11-27 08:58:20.895,14318431803
1a6222130f52c98b9b86037b60bc3bdd,2022-11-27 10:08:53.218,14318431803
951622d406ad994e11bd19d740261718,2022-11-27 19:32:48.824,14318431803
cf2775ffc43e9922298e45a00ad024a6,2022-11-27 17:24:36.356,14318431803
31ab0c6f0496df3f0089d95be495828c,2022-11-27 11:42:45.210,18340470460
208672904732506287e9a3381164959b,2022-11-27 05:20:51.595,18725479090
74c67fc858327ba940095aa7a58c4e87,2022-11-27 16:26:28.102,14318431803
87951f74dba6859493071cd3c4f084b1,2022-11-27 03:57:14.127,14318431803
f98704d7d37e8e9a6fddaffe68804aee,2022-11-27 08:51:31.840,14318431803
ad1848e41650a1448be31c3e1e77ae0a,2022-11-27 07:17:48.309,18529088791
9a9202272d7e55f19314d337a2ec4c07,2022-11-27 13:19:43.850,14318431803
f47ad893bc356030a43b5437ac572cc1,2022-11-27 11:01:17.863,14318431803
6c628547a055038af02b7757f92f47b8,2022-11-27 18:55:02.283,18529088791
dc7fd95331b8513196f30fe4fe38ac08,2022-11-27 01:23:09.001,18529088791
f4dcdd545017583582c6d8712041aed2,2022-11-27 01:25:59.645,14318431803
8782640a9f6b6a73d6da3da90e1e69f2,2022-11-27 09:13:10.507,14318431803
e0bcba0ddc91163ad2992c76fe9653e0,2022-11-27 17:56:33.157,14318431803
f2ac529e41625df7ac16058c4df6069b,2022-11-27 18:17:21.259,18725479090
384dc6e9bbedfbfb2cee73f94f5593b9,2022-11-27 07:43:53.733,18529088791
29744e8a0b80dfd583aaca4d8efb2947,2022-11-27 03:25:40.468,14318431803
b288d210aa380f87e4ecf3459284802b,2022-11-27 14:39:57.698,18725479090
b6f3145ab676a6af9c15a6cacd5c3964,2022-11-27 17:38:00.619,18725479090
c9f63ef390aac7f86dff43b739d79e94,2022-11-27 08:32:03.992,18725479090
74ae73754fb6185736851cdd1135790f,2022-11-27 21:24:33.312,18725479090
977186856c1cb727b77087cec0e2b245,2022-11-27 16:08:51.380,18725479090
6bd513b93a6f330e2835acc0ad309682,2022-11-27 21:03:29.696,18796908459
aff82f8f4d09834f5432e9a881f5da68,2022-11-27 21:37:52.129,14318431803
cc039c526ed99fcd2856c9e9daecdd95,2022-11-27 12:51:54.475,18725479090
cd0e8b81ae2a6dbb2d4b29b233932e28,2022-11-27 16:40:48.422,14318431803
58f450d2fccc7017fd52a5dd31cd65e1,2022-11-27 18:10:24.246,14318431803
e04598e2e9e91c9f252e5bfb7812074c,2022-11-27 07:18:33.431,14318431803
fce82f58bb237073cf3b1b89e4d4f018,2022-11-27 03:42:33.294,14318431803
61347b0b6524bc1c640e4f70899b23a5,2022-11-27 10:42:16.691,14318431803
a65f7c9bcff72511e52387f406123cf8,2022-11-27 10:55:05.368,14318431803
960bf672399df8779cbed0a1c61d7ea6,2022-11-27 03:59:12.370,14318431803
9c3e7dc4b0981fed0de37f7d239f0372,2022-11-27 12:48:38.941,14318431803
3ea847967e33606a232657de60306085,2022-11-27 12:17:07.491,14318431803
cf13b97f148f2b7d0ed1d7eaec4a8644,2022-11-27 09:22:24.518,14318431803
e5f36ce6a0ffdfc2aebd072b4b709230,2022-11-27 18:16:15.004,18725479090
cfe19e0c5a4f3ec0f74e4b790087a387,2022-11-27 14:13:27.413,14318431803
701b5af96e170d4c89946919aff55a7f,2022-11-27 20:01:05.588,18725479090
c505929250bd2cbe6132283396d20768,2022-11-27 21:56:02.981,14318431803
7350430678d583a3a7ec91195f3ffe0f,2022-11-27 04:06:44.712,14318431803
c8808c6b5eabf5223f982088cb0e6e7f,2022-11-27 11:43:01.629,14318431803
668e3959a6be31a701f6a550d5018d71,2022-11-27 04:45:49.583,14318431803
40a232dc8e8b29b895e2b1ec0276885d,2022-11-27 03:28:47.361,18725479090
5d6b4b2963e7439d80da6042ce086ea0,2022-11-27 16:05:05.367,14318431803
7e2bd8f2ac9d5635ffc5f96007b8e620,2022-11-27 07:04:32.112,14318431803
92cb389697cd168903e54f576f8b317e,2022-11-27 08:43:41.889,14318431803
57c05bef3dd6e986fd94a5580315c181,2022-11-27 08:31:01.783,14318431803
f755162618071b741361aabed013acc2,2022-11-27 18:55:34.696,14318431803
96f6c004bd871302e2f8aebc438b6c6b,2022-11-27 16:11:32.010,14318431803
e4cbb9e1a9da396e33d6d78d6dfe475b,2022-11-27 06:38:11.590,14883589082
e7e42c6cf0c82238df9cad728974a750,2022-11-27 04:08:12.965,18725479090
f857d44be613da63059b0ffb9e9f22d0,2022-11-27 12:44:02.072,14318431803
52e9d9d65af6770379e977786dc9d358,2022-11-27 18:44:10.662,18725479090
2002038fdade65eecb292a7b0cbb68c7,2022-11-27 07:29:01.786,14318431803
4b9f698a99d33a0d021b16ce3beb0813,2022-11-27 07:14:05.854,18529088791
d1ce8204a35b36ee003c09e20dc50485,2022-11-27 17:22:25.627,14881642792
8c326071790b36a822ed9ea770912872,2022-11-27 16:34:52.301,14318431803
cd27f0275afdab2f99e19653bc5b2070,2022-11-27 22:51:03.532,18796908459
369b8b6400cae14f76e6f24b8d8590b0,2022-11-27 06:27:44.945,14318431803
c08d80ca940dc36c22d6a38f5b04aa69,2022-11-27 06:08:19.728,14318431803
02a375463589a24e0b93bc19d2707507,2022-11-27 04:49:29.780,14318431803
fc297bea77d6ba912be6705f109b9ee8,2022-11-27 11:13:29.011,14318431803
9cca28cfae870e1dbdea7f1e2b89aba0,2022-11-27 19:09:40.702,18529088791
c29c63a091e9cbdacc017dc45216fc2d,2022-11-27 03:19:40.438,18529088791
b35a1bc449cbf79e33ecae3d1d0f6139,2022-11-27 06:18:32.966,14318431803
ea03ea5f2d47bef3f480607602a5d9b4,2022-11-27 17:46:14.569,18725479090
ceb5664bda62fff3227a48b7260c3274,2022-11-27 20:35:12.162,18529088791
4fafb4687aa9190171718deed2140fe2,2022-11-27 10:36:05.901,18725479090
a794d390852c352d2ef3e44d349cf6fe,2022-11-27 09:28:43.310,14318431803
d42bae1f28bbae9c3702580773c7ddb5,2022-11-27 18:00:10.457,18529088791
4df31341ff894559b268e09f7408ad98,2022-11-27 03:45:05.024,14318431803
3f9f92c4548892439c0e16a9302a77db,2022-11-27 11:57:09.719,18796908459
af19686cc031564bf325deddbf89e7f9,2022-11-27 11:56:32.105,14318431803
65f607c1dd61c9f06b70649e92c3a140,2022-11-27 16:06:20.526,14318431803
ebddc6ccca9185ffdc2a49a10c2cab0b,2022-11-27 03:41:15.721,14318431803
5a152eea7b45ba8ba1589ab43da20935,2022-11-27 06:58:07.998,14318431803
979e81aef635630c26d41305b2456552,2022-11-27 13:02:27.656,18340470460
1c9c9b4383253edc3ba04d7b020cb2d3,2022-11-27 03:59:32.982,14318431803
2ea4ac31fddf12fdc6168bc75abf469c,2022-11-27 05:49:09.017,14318431803
822b82376f69adbca6fd1014e8523177,2022-11-27 10:14:41.346,14318431803
a87a2aa923b74f0c3743e48a5ab28fbe,2022-11-27 10:38:41.843,14318431803
670ad69adbd857a5804117f45238f116,2022-11-27 22:12:21.092,18529088791
e6ceba8d054b0b6b5a4acacedfd7ee38,2022-11-27 18:59:18.839,18796908459
f6975a588c15df3f3aec7063c38402c8,2022-11-27 12:08:52.317,14318431803
00f9469666fd27c4fb4aecc7fe5ad677,2022-11-27 16:57:47.067,14318431803
66a56fe378db72fd633bd2460fa68cfa,2022-11-27 02:22:25.305,14318431803
779be61683918304531d4867f38d2edd,2022-11-27 03:17:15.639,18796908459
6bf09a14172879c093ae9c1e2f538959,2022-11-27 05:48:35.658,14318431803
7cb537a2e07e334197a677f0e73da9cb,2022-11-27 17:30:29.739,14318431803
d9d3304d23c3811ec7a1eca6c3d3e424,2022-11-27 05:17:02.251,14318431803
7466b6779b3e66518f77905270215be9,2022-11-27 08:15:04.125,18340470460
4356c2407be6113702352fbdd8d4804e,2022-11-27 07:12:49.593,14318431803
12718997870f66e7cdef9be01c731da6,2022-11-27 16:10:07.761,14318431803
b4879455cf6336993aa48b1609eb71cb,2022-11-27 18:42:42.895,14318431803
c775150db26440a414c760bb5d8905de,2022-11-27 04:02:15.331,18529088791
31d3d29f41e88d478552530ea04c88f5,2022-11-27 16:22:40.196,18725479090
ea0712aec004607b9119c96e008a4a97,2022-11-27 06:35:36.831,18725479090
af4fc5050ea87deacd6f0dcb062c0d2a,2022-11-27 04:00:16.798,14318431803
5caef3fb2d128ae58b708d829b0a6580,2022-11-27 09:01:47.211,18725479090
8df27ac26d1f7c3e0cae58c2c9563d42,2022-11-27 12:16:28.936,14318431803
76fd392840b6de279a00b0f5b129624d,2022-11-27 10:33:21.763,14318431803
a172e7545b4238f655a492829ccd053e,2022-11-27 07:36:48.040,18725479090
638dd5798475577956b077f4ef6ec449,2022-11-27 02:56:08.723,14318431803
62f1269f9b08d3de3ab62321c192e0c2,2022-11-27 04:53:19.587,18529088791
2a3028c9f6ec0f32bda12da944c4ead2,2022-11-27 16:23:45.370,14318431803
841d4e71ae2d08c46355f0ce4b0c00dc,2022-11-27 18:18:40.147,14318431803
c8e57ac8e440bff68629a1a8ecd9f5e9,2022-11-27 22:40:44.426,18340470460
0baebd1295d7aa49583006e4b70fe569,2022-11-27 19:36:03.537,14318431803
bf3de463ef526302e3d7aeb901707fc0,2022-11-27 23:13:50.017,18796908459
5e69992b805a1be34b3367b50735d371,2022-11-28 16:17:19.433,14318431803
28215e1b78b2cfe7261cd1fbea494daf,2022-11-28 15:27:50.269,14318431803
5f9226d0e96566f4ea4343db6f89f950,2022-11-28 04:50:48.765,18725479090
f089fe349af3ebc38cc7192eca27faa1,2022-11-28 06:13:35.829,18529088791
0df03bd21353c181b3eced803c29a4aa,2022-11-28 11:01:04.985,18725479090
178a4c0127b79ba8daf424b8976a3580,2022-11-28 05:44:56.413,14318431803
7e4093c9fb964f35bb2bd8850b21596a,2022-11-28 06:57:25.420,14318431803
91d52ce695ba07e25c72687924ff85ff,2022-11-28 06:25:53.129,14318431803
888444d15a295973a6b367fb0395fc5b,2022-11-28 19:02:34.917,14318431803
c83d6fcc137820d793ac9f8bd04b20ef,2022-11-28 10:13:26.058,14318431803
80236f75ea5610b1accc6c4adb6c3447,2022-11-28 18:44:07.664,14318431803
1e55bb557326bb052b7dd9a678b3335d,2022-11-28 14:06:45.581,14318431803
2617acc289fcd2f01229b67d67ce0c4a,2022-11-28 12:50:31.984,14318431803
d10c578eabe3fdd6a19acef8f23d02a7,2022-11-28 08:23:35.098,14318431803
6f2edda1b0d6fefe7f5500adee592a43,2022-11-28 11:24:27.671,14318431803
61917034a5576640d890e3622fad83b4,2022-11-28 16:41:29.235,18796908459
e54c3079e57e73a50e17dbb12a6145e2,2022-11-28 07:03:33.653,14318431803
dd4fb9bd31c6e49643b32c03a6213120,2022-11-28 16:55:17.409,18340470460
8d3f651f0b8593b756684f47a84b3991,2022-11-28 11:49:38.168,14318431803
d77e97710ba106678ee9c509370437f7,2022-11-28 05:30:59.996,14318431803
d71d2446073b4de676cf65d4dae9f45b,2022-11-28 01:57:11.888,14318431803
f681b42a60e43f40af8e51010495c26e,2022-11-28 09:36:52.448,18529088791
a67b5e79e74f96f85b4cce5a3335b9a1,2022-11-28 17:25:41.931,18725479090
42b6d5d9778f9818426c5ff015e95ea8,2022-11-28 01:03:36.313,18796908459
81cb4705ee5f2a42b811418adbe9ef65,2022-11-28 05:12:54.673,18725479090
41dd833d2686032dafd9ea601bcbc3ad,2022-11-28 19:36:22.478,14318431803
c4c0faeea0906ba3f1d64c6a09609d86,2022-11-28 18:32:36.778,14318431803
370a04f32c9916a6836958e757c00ab6,2022-11-28 16:56:16.754,18796908459
650ec1d873b8d2a6176583ba6390245a,2022-11-28 05:50:41.288,14318431803
29a1ce8f75d0da102794f90600162c88,2022-11-28 06:49:49.968,14318431803
00f73284b7909be790adcd7cd35dcc72,2022-11-28 05:49:03.473,14318431803
4edbaabbeabcf26ca7ee9079e0b90c7b,2022-11-28 11:13:57.201,18529088791
da51f5110b77d1d2d9d571afe59e238d,2022-11-28 06:16:17.100,14318431803
ca13cad5cb36d26d02f42b691899eaa0,2022-11-28 00:42:09.213,18529088791
3ed9f7aa72b71df9d35b4fcff7db3cf3,2022-11-28 10:20:53.420,18340470460
e73105c1f8477f1935d160151a901ba7,2022-11-28 16:21:43.627,18725479090
f83de7fe5002a68e951b7b5451b7b449,2022-11-28 13:33:32.560,14318431803
5d99115efd4be898182c23f464788e55,2022-11-28 08:29:00.450,14318431803
a152dcf1e128a82af4b6615134f89d7c,2022-11-28 12:12:46.246,14318431803
d0e6d6a8a488b7510d8a4c5c0bef3bae,2022-11-28 05:41:28.942,14318431803
b535d83c502ccebc37074393d94eed34,2022-11-28 08:41:22.844,14318431803
64013e2e9d8a7e7f8332c1684705b0d5,2022-11-28 04:39:51.015,18725479090
e39e60c2aad3cce7e45e5fb8e406aca9,2022-11-28 08:35:37.634,14318431803
b3288a75ae7f2cc1900a559c87f8dbb2,2022-11-28 06:24:21.451,14318431803
0fe5b4a283ba3425d0400bd3035ef45d,2022-11-28 15:16:31.035,14318431803
01e4275e7ffea8915fab3c90ebf9e593,2022-11-28 08:06:52.575,14318431803
bfb94803d439260d09c39b8a5a3bcecb,2022-11-28 09:27:32.902,18725479090
b0cbb670cc90c04ba83c2cb4370e76a2,2022-11-28 08:03:50.959,14318431803
fb543747cdf3464f2b3974d7358d896c,2022-11-28 03:52:33.680,18796908459
93381a180ad0a59bd9f95fc2662fd24c,2022-11-28 09:53:32.112,18529088791
af553b7dfd4fa6db84932a63847c776f,2022-11-28 17:22:45.604,14318431803
82a7866e5a034fcd210cf9399cbd2867,2022-11-28 19:28:40.776,18796908459
669ca39adf90b6f628bd4c243f77538f,2022-11-28 13:42:31.868,14318431803
2789e7f0ce39108492e48ff4f5b5dfce,2022-11-28 08:34:05.381,14318431803
522d13559cf052543a6f86be1471d4cb,2022-11-28 04:23:00.857,14318431803
f6cbe912685ee074519c231bf91f7020,2022-11-28 16:22:40.315,18725479090
d422af1627205bf00702ee79e13ba8cb,2022-11-28 12:02:12.867,14318431803
57ca84e108d23cea00b34a32d99a27d0,2022-11-28 13:14:08.239,18529088791
593e0285285e94798be67e385664a92a,2022-11-28 13:34:30.415,14318431803
64048f26cc3f06a034d49c3da7bc24d4,2022-11-28 06:13:12.048,14318431803
117ea897c31c77614fa9bdfaadd6c4d5,2022-11-28 19:06:21.461,18796908459
79978ba07f6e7896c8a67fcc0eea984c,2022-11-28 16:27:09.487,14318431803
1ec9dafee5d51f3d98865de229ffb530,2022-11-28 01:59:40.267,14318431803
c385615d85586243b32403f6e4b38ecf,2022-11-28 12:02:54.426,14318431803
5cb718af1e329e070091cf1ca680e94f,2022-11-28 05:17:31.736,14318431803
61d95e1ff597e99ee4d12919cbf7b563,2022-11-28 15:17:24.266,14318431803
82ee1bfb7d97ea6a609bc1cb8cb5a141,2022-11-28 06:03:09.241,14318431803
037311e7eb2b4080a620f5fbf35f81d7,2022-11-28 04:20:31.747,14318431803
98078e8b18d83ef0e359e8fa69d829d1,2022-11-28 04:52:12.388,14318431803
c193564a2781f1f333b0bfcdc51a9e6e,2022-11-28 01:39:07.549,14318431803
84bdb29f6728cb29a609a1143aa4480c,2022-11-28 09:31:25.423,14318431803
7fae627d830f0eeed79dd753ed5575f1,2022-11-28 16:53:39.097,14318431803
19e2f5e534d10075541e3ed617460350,2022-11-28 19:55:22.550,14318431803
5ca7ae0927fb5f05408f2798e8e7f5ac,2022-11-28 09:54:49.818,18725479090
32de0a9937f6a1b1761f86b9dc9688a4,2022-11-28 12:35:57.569,18725479090
5f415c8a932a2412e4ae3df0910761ba,2022-11-28 10:23:49.982,18725479090
3628a2f7c6b2c78cc0632af841f4c66a,2022-11-28 19:48:57.733,18340470460
1952889cdd57b198c8916bc7ab1b6b1e,2022-11-28 04:50:31.764,14318431803
c148112e7a5e7a1054e56cbafa2224fb,2022-11-28 18:49:09.934,14318431803
e0b6ec6e8a88d292234f44287e880ff5,2022-11-28 19:13:54.446,14318431803
e8d72c684f357da57dfec9d04a7d605a,2022-11-28 07:15:56.810,14318431803
cab15405b78a261c22cc2b57883c3830,2022-11-28 22:40:09.399,18796908459
4c652014b70169234d1fd8e3039df5a6,2022-11-28 09:58:32.281,14318431803
b9171f814de6ef8f1e5d7ad01262b172,2022-11-28 09:28:52.445,14318431803
f57f911e71d53bc29c3475a0ca4c1c80,2022-11-28 20:10:57.778,14318431803
3d823d40d981558d5d9d3c1edb3945ef,2022-11-28 18:02:41.539,18529088791
77ab673b2e3dcea9edd7ca8ddb07676d,2022-11-28 10:42:39.056,18796908459
60ffad1669a032bb70af47a099fc087a,2022-11-28 16:15:33.216,14318431803
e7d8424ff5f7a225cdef94556801a819,2022-11-28 03:32:28.253,14318431803
d3968233fef5140afdff643d4b0966d3,2022-11-28 10:58:01.364,18725479090
30c89bc139338bce700a0ba55d44ba46,2022-11-28 16:50:45.998,18725479090
b3b8c00a6c0345bbac6ba87468b8345d,2022-11-28 15:21:48.139,14318431803
4c7f97b72ca2469bebdefc4a57ddb329,2022-11-28 08:05:36.047,14318431803
66d1aa86449b4f1213e0f2f6791809b2,2022-11-28 11:10:44.233,14318431803
8b44358756de3c6bfddb1e9af479713d,2022-11-28 07:37:12.784,14318431803
c29691f7d269432dde9fb683a23d003d,2022-11-28 19:38:36.725,14318431803
5d21f8d9b10620cf61e3d883d214f8f7,2022-11-28 17:52:26.455,14318431803
7058e47f19dcdd2272d5dfb7adfc97f0,2022-11-28 09:01:56.415,14318431803
116b9bd439fd3e0932098a49178dd04c,2022-11-28 10:08:16.260,18725479090
7f36fe8dfdd99cd2efa8153b57f900ac,2022-11-28 20:00:29.216,18529088791
7faf9b7b00db71f3345dbe3bab1df4e1,2022-11-28 14:41:00.255,14318431803
f6b874a6d7df12ebf8d3e4a907df8d63,2022-11-28 17:54:27.678,14318431803
600d862936ba80ab87fd80871cab6172,2022-11-28 17:10:38.061,14318431803
50f92b849b6a7d947c072a7b88746161,2022-11-28 19:40:25.582,18340470460
96b4aaa19b704868b5d03cc2d0ca161c,2022-11-28 08:37:20.995,18529088791
2c7feab5567c8d729dca373e33dfb90f,2022-11-28 11:35:03.368,14318431803
c8f71f97b3bf575e075fc6bdc3870074,2022-11-28 20:08:41.172,14318431803
085b005a3b1c0d91aaa5eb54eeb582a2,2022-11-28 16:53:56.992,14318431803
5fd3d1cadcd1c71f839f20914cf7b075,2022-11-28 01:25:31.245,14318431803
2c65d9536c0613056afbe16ed86227aa,2022-11-28 15:30:37.008,14318431803
5b1c168eba9d763f8404daf45a02d5ab,2022-11-28 16:27:21.444,14318431803
cac7e870d587cae488229494ceb86179,2022-11-28 14:00:48.166,14318431803
7ee4e9561f9ca014960ee3cb2b382045,2022-11-28 19:11:07.669,18725479090
23d0844f14ec1bea11bb3049c468c890,2022-11-28 06:31:27.795,18725479090
524cbeced96974ad5d031528b2fc933a,2022-11-28 18:17:57.250,18725479090
9bced709c69c2275ad94de6850102e82,2022-11-28 18:26:40.700,18725479090
8590e80beee4d0ffd7cec3369bbc40d9,2022-11-28 07:15:49.722,18529088791
7998e1c613024e0248b60e0f49238c86,2022-11-28 10:57:53.662,18529088791
ffe84095f4072d30b0411e489c76e2d7,2022-11-28 12:27:45.119,14318431803
7ef77225c2e19ad905f33c1a3ca1f851,2022-11-28 09:09:01.576,18725479090
237416f27ab67ae911e1da5fc52449ed,2022-11-28 05:24:51.392,14318431803
0d8101ad3beac3a255c4087eae7efa6f,2022-11-28 07:46:58.520,18725479090
9f46b6a26158a5768f0546c9b495b7ef,2022-11-28 02:04:31.681,14318431803
b83b064433dcb9264df455c2fe723c37,2022-11-28 08:27:33.288,14883589082
08f562bd639212c965b06c7eb1d463f0,2022-11-28 18:57:01.933,14318431803
eb2b0d9a2be6a668ebde0256a15fd546,2022-11-28 16:40:10.615,18725479090
65f2d9e8cc4d8fd9d61e2e42d3eacb90,2022-11-28 19:50:52.041,18796908459
b48170edac205c21f9d2ecb60bae179e,2022-11-28 08:54:31.513,14318431803
4f4526ad334f2a4a0d2c38392a2b98bc,2022-11-28 09:41:45.539,14318431803
a9cebb74bbaff39aab6ffd7a0a2cb6db,2022-11-28 14:08:54.869,14318431803
8b8f11c9a218b793c4518098a5ac1985,2022-11-28 10:42:54.083,14318431803
7b54a9e46ad7178956bfb588d4ac5849,2022-11-28 10:39:35.787,14318431803
16e4e6bd74dacd921544b6cd7a94dcd0,2022-11-28 10:46:38.826,14318431803
abd9d4ca61a3163487ca3fd460037b65,2022-11-28 03:22:52.611,18796908459
db42e8da9b0b782d752ba61e89f9130d,2022-11-28 03:07:19.323,14318431803
129b28f8a79e956ca245ef9394b943af,2022-11-28 07:49:19.744,14318431803
b9f1e8ba1c331e03fbe7dc20afd6f5c4,2022-11-28 11:44:19.762,18340470460
2c7d2cf5be898ae4a4e62686f7ca8435,2022-11-28 08:08:47.512,18529088791
8f9a5863d537c9707521ada21a8ed8b3,2022-11-28 12:39:32.430,14318431803
d5309138541ae46687eda16ee45dcada,2022-11-28 04:07:14.664,14318431803
d6fa5cc2339f2458f66cc0cd02710dc7,2022-11-28 03:52:54.267,14318431803
9f852c0da4e02753fbb6771a9a95e4c1,2022-11-28 10:06:43.696,18796908459
2c88d59c1976cce2aabcee197538519d,2022-11-28 14:44:57.599,14318431803
4d224d453a7170dbe1e98c41a3d22bb3,2022-11-28 07:32:39.744,14318431803
83f637fe63492164ccc0a7956b40746b,2022-11-28 15:26:03.348,18340470460
b08698b30090db72073f67cbd34ea245,2022-11-28 06:07:46.890,18340470460
375e5430e806c2276407abeb68f21121,2022-11-28 10:55:47.367,18725479090
a1533a11d971de86a4046dba5edd2b3e,2022-11-28 14:27:37.958,14318431803
4255d3554366dfaeb36581fd22dd0cf6,2022-11-28 10:55:40.084,14318431803
23a29dded8abee43ebfa17f9db204620,2022-11-28 21:19:12.572,14318431803
8e1666238a1a6d842bb030bb34f958f0,2022-11-28 15:36:01.400,14318431803
d30feac066f8854ca25baf3ba4339920,2022-11-28 05:59:59.868,14318431803
bf5de6efc051b5b159b20df49df82303,2022-11-28 06:29:25.754,18796908459
9699806859b0a5ee227ab7779c9f6277,2022-11-28 13:04:10.155,14318431803
a4ef8c45c5ab450e948566793baabf71,2022-11-28 20:19:25.491,14318431803
e723014240e03b856768d09f71962039,2022-11-28 04:44:24.294,14318431803
30cbc0e0876c2093960dc28f10f0e1e5,2022-11-28 07:27:13.754,18725479090
31f2562a84c93ac93cb16dff986173a7,2022-11-28 21:07:04.379,14318431803
78834be07151c191a36c339b1dd95a1d,2022-11-28 18:31:32.846,14318431803
78ed6e9d1b1b02d21d92ee3d9b5049df,2022-11-28 10:34:03.839,14318431803
e08520a66d923eec45c14b54998234c4,2022-11-28 20:14:30.082,18796908459
4157315dafb2b9ffdb81277470a222e8,2022-11-28 15:18:55.631,14318431803
849e0debde627a8d957e253e26a160c1,2022-11-28 12:33:05.312,14318431803
1641a756555f8737051b4cf6e41bf48b,2022-11-28 17:49:31.624,14318431803
a5126e003e8ad71bd4a50212a7e16915,2022-11-28 10:02:47.549,14318431803
8f27d8b9143266989928e9ba7bd4bfa7,2022-11-28 03:35:08.739,14318431803
19a01c6fa3c4bdd47b5590893db51b31,2022-11-28 12:31:20.563,14318431803
b4a8f9b0d593c38b1ac80d98a54425a2,2022-11-28 18:56:08.529,18529088791
c352e00af09bc67ac1ecce2ff8cdda77,2022-11-28 14:08:07.585,18529088791
cba11982dcd3e7d23685ca1a4b42807c,2022-11-28 03:44:44.744,14318431803
07ecec55710e75c3cda355eade55c527,2022-11-28 12:18:06.480,18529088791
debe3adaabb31606623afaa47081cadc,2022-11-28 09:05:09.718,14318431803
46de494ffc0f122af3d16505b75e43e3,2022-11-28 05:02:39.574,14318431803
07ba574a2921d2e9f5eee46cb4510281,2022-11-28 16:56:51.630,18529088791
3c48200604fbe935ff15693d060839d9,2022-11-28 15:54:23.635,18529088791
7260f40bede766c16d0ab147c9e01f60,2022-11-28 17:00:08.818,14318431803
c833bb32e73f39453bc7780242f64f03,2022-11-28 11:06:38.298,18725479090
d73efa8036078d71d47e4f8451cb3f68,2022-11-28 15:16:01.273,14318431803
793789d1729369684ec2128a33cd1dc6,2022-11-28 17:59:43.874,14318431803
f47b56128b7b9aaeb88453444702706c,2022-11-28 08:51:01.431,14318431803
5799e7368ad7aab13564a08990844aa4,2022-11-24 23:46:57.770,14318431803
814c232363549bef1a4c58c353222198,2022-11-24 16:33:02.524,14318431803
40374c1de3823d4342d44d6d5a81853e,2022-11-24 17:00:08.820,18725479090
03b0f4b89a6264ab593caf916970b4cb,2022-11-24 07:00:08.148,18725479090
07846cc772c7a114959165c76c976d39,2022-11-24 07:55:23.677,18725479090
f085a6900b84c67127788b8e6e2c974a,2022-11-24 13:18:21.420,14318431803
30a2eeb3ad45d70232339b967de43f87,2022-11-24 14:20:16.089,14318431803
a8cb0eb5a2de434cc9a8479a02879b94,2022-11-24 10:57:17.609,14881642792
c49e74c4fdef280567a74236d7b5a261,2022-11-24 15:19:17.465,14318431803
82e0d6b73840c5acb9f257a9016b4ea2,2022-11-24 03:08:26.494,18529088791
95e58a8d0aa6d8fc367a2f9abaa3b7f1,2022-11-24 14:37:43.241,18529088791
ad5812a642a694aa3475758666d048bb,2022-11-24 16:59:51.630,18725479090
6fc5d054355d150a0733554d55728eae,2022-11-24 03:29:23.931,18725479090
9eec6bba8e59b4f30805ab56beb476ed,2022-11-24 09:35:46.880,14318431803
72017da5ed3485eb0a5ce73d297b6de8,2022-11-24 06:03:20.318,18725479090
f7245a39183f50514134c54d9d3636f4,2022-11-24 07:30:20.299,14318431803
38d9f2657fdd7acc76694d3d3071987f,2022-11-24 11:41:17.699,18725479090
9cd72c82e29124274797b28202353f16,2022-11-24 17:04:55.106,18725479090
94df3c225c8149ee9eac783543564bb5,2022-11-24 08:13:27.281,14318431803
e1c33997ca14f150313d65a854d3dfc7,2022-11-24 15:20:55.185,14318431803
805c58895a6e54994f561e351374bbf2,2022-11-24 06:33:07.640,14318431803
dfa3e54503055d8a976fe2d3094781e3,2022-11-24 07:22:05.141,14318431803
cd86dc6a8c5dcebf6753f288acd9aaec,2022-11-24 08:48:53.555,14318431803
e839067f38dbc2767023f09e3aee5b15,2022-11-24 12:16:32.639,18340470460
2cd21054ebe338836314293d7ee68000,2022-11-24 09:34:09.381,14318431803
afdec7e03c09e8a6a661e46d9696e233,2022-11-24 22:50:39.552,18725479090
c1fddbd49449c3b7335a4dc71da76b4a,2022-11-24 20:55:35.179,14318431803
01d4e8786a892b00bb3718e405e38723,2022-11-24 18:24:02.692,18796908459
f853143a0d27ddcbc677dccdb8a39c02,2022-11-24 16:33:28.147,14318431803
2975e950754836cf616e9044dfa0186e,2022-11-24 04:50:42.807,18725479090
875cc314c2e42cd9913663e9aaff4dc2,2022-11-24 13:32:59.799,14318431803
4ae95aa2db2971ae1c4b25a461839010,2022-11-24 17:49:51.339,18796908459
6b4e703a076ad1148bde4cc0144d06c0,2022-11-24 14:34:01.200,14318431803
0fc25f4b7270aeab69c07cb2b1727ffa,2022-11-24 03:42:42.825,14318431803
1eb2ff8c8b3ea0eccc8d5f19c373cd95,2022-11-24 13:50:12.448,14318431803
6ba24691d2605774ac7b77f6fbf866ae,2022-11-24 14:40:41.880,14318431803
e939a325c861698186ca1aeb131a8f8a,2022-11-24 15:17:26.877,18725479090
3059aff555bc4cdcaa503630ad6070ad,2022-11-24 23:55:49.509,14318431803
9e409de6c5dd850186de4bd2da5f5a02,2022-11-24 16:14:13.160,18725479090
65b77ca9205f87f8df1d3a255008c54a,2022-11-24 11:39:02.790,18796908459
f935e2b7841eff937879c72dfef50f77,2022-11-24 11:10:31.560,14318431803
27e6d932c41618aad2d09292f52e2692,2022-11-24 16:25:30.529,18796908459
a14680abaf64ca2fbdeccf1074e84074,2022-11-24 10:49:57.693,18725479090
12270f98c39be2808268f807c809d950,2022-11-24 10:42:54.238,18340470460
a42d4678af9b2334b296bd4cf5b7fd21,2022-11-24 17:04:11.919,14318431803
9e8f011bcc09ed82df41bb59762365e2,2022-11-24 11:34:58.245,18340470460
369b9ecb66d1eab01738e1d8241e89b1,2022-11-24 11:23:39.101,14318431803
b2afe954e59d2d1a5ecae01bcf3e766b,2022-11-24 09:17:34.017,14318431803
f37681762861f37bb8c92b659066e94f,2022-11-24 09:07:08.932,18725479090
7aba0117992a5f2fd959dc0ff2823d69,2022-11-24 05:21:57.330,18529088791
b124f2dcb88700d53bc96dcb2d41013f,2022-11-24 13:39:46.524,18725479090
d8b1619d882d5e5243340f31fdc85900,2022-11-24 04:26:33.765,14318431803
68cba7e672b36cbf9c8f21a42bfd884c,2022-11-24 19:03:50.872,18725479090
a175ea93bd6cd3d309b16c6f19ee214b,2022-11-24 17:07:29.741,18725479090
1e57a6e7263cf201bb5e9d0266468b08,2022-11-24 19:05:01.070,18796908459
a4e32b1cc5f99d4a37915a3bad6ff0dd,2022-11-24 20:45:59.594,18796908459
3706a66e7c86d8a763070ae7a34929fa,2022-11-24 14:30:54.231,14318431803
5ab985437aff6a56c5d29f87accda87d,2022-11-24 22:42:17.358,14318431803
5ccb2609356d86af30346dc995148209,2022-11-24 09:00:50.301,18725479090
4abfdc42b0a2cfd4c2c8956005130e86,2022-11-24 07:47:13.072,14318431803
c2df934795576a07cbb6cc3aebcb73bc,2022-11-24 16:01:05.593,18529088791
841f4e1239ff5fe5a1f700b7895e6200,2022-11-24 02:37:38.680,14318431803
a3251425ad655161dd4279b9f2cbd1d5,2022-11-24 09:10:07.394,18725479090
97d9cd5fdb879568fd05e5bada6b33d8,2022-11-24 15:43:33.707,14318431803
6a910b73413d77bf246b5b0f484ea210,2022-11-24 12:21:37.338,14318431803
99d73fab7e3e0f73ddbff48453e4d3a1,2022-11-24 15:53:24.195,14318431803
d6e2f20672f1d5f8bb2af95000c37a1f,2022-11-24 07:09:41.528,14318431803
16050a36c3da88028ca823c337bf6792,2022-11-24 19:00:45.136,14318431803
880e06a2854639ad5b00ccc0455f86c1,2022-11-24 05:44:25.948,14318431803
b0fa8e7fe5ae2bf7105f8e4b97a73a03,2022-11-24 20:44:38.944,18725479090
e605020d18b5099e13e0249491d0a32a,2022-11-24 08:22:57.898,14318431803
311222dba143d818b512743f9d6b181a,2022-11-24 10:22:44.716,18725479090
5d9aaf2201b7fa16e252465a75048e7f,2022-11-24 17:20:13.410,14318431803
10f6f3bc7ad5919f87f9241e4169904e,2022-11-24 11:19:48.040,18340470460
b82180e0ea31e99000227c375ec4d7c0,2022-11-24 15:06:43.452,18796908459
65161ddf187a82391c846fd4c4f830d6,2022-11-24 18:05:02.398,14318431803
6bdc73cab041a53151fe00a0b6dd4706,2022-11-24 13:56:56.763,14318431803
87f7bd4e2b5897a7b38b9939ff6a6b65,2022-11-24 10:09:10.321,14318431803
7638c02728d38b3de0c450f6360bd957,2022-11-24 16:15:43.943,14318431803
69a20758cbd5b9a6fa62551493ef5f83,2022-11-24 21:31:11.556,14318431803
a8ce999a25f6d3f3a4458076820ea446,2022-11-24 09:18:35.564,18529088791
ddeb1aafc07e71273f36329ae45d68c7,2022-11-24 16:01:47.150,14318431803
fb912237a6b1f9287fa2b1160db9016c,2022-11-24 11:44:03.687,18725479090
cd32c518abd82bbca2b59a2b23cead52,2022-11-24 11:10:34.271,18725479090
cdb80b096a018131f932cd50108a855e,2022-11-24 04:47:45.506,14318431803
8c22eb2c51aea3a62a901b820df65a02,2022-11-24 06:46:58.467,18529088791
4db81549536ce5d35bfa674f430d3538,2022-11-24 18:15:27.114,14318431803
160151310643080bb9912eab8fe8a8c1,2022-11-24 05:51:04.274,14318431803
ebc647d116c8b39c7f1c8fde7fe8460f,2022-11-24 14:53:13.336,18796908459
27f9f7ef0751bebf341eb22838a02038,2022-11-24 05:26:46.822,14318431803
d92d196807f3b0c232d9f2311e6cd269,2022-11-24 08:00:22.667,14318431803
bc5512e59a50a29304f6e9792ac4311f,2022-11-24 06:56:30.365,18725479090
f223d663e5efc1174bd8edeff48b4eaa,2022-11-24 05:08:42.656,14318431803
9eb22236692f3d7e5e5415760a7d56c4,2022-11-24 07:52:53.511,18725479090
7d4fe13ef7f8fddf56dfef08d6cd0666,2022-11-24 13:41:06.061,18725479090
c3d600572907e1f97598c8262afb3f4c,2022-11-24 16:50:09.560,18725479090
7b78ceeb408a3209425c733e15b91259,2022-11-24 18:33:26.202,14318431803
895015584c80d96e873de27644782756,2022-11-24 06:32:47.379,14318431803
6db30c99773e33a0e852aca270bf2633,2022-11-24 15:52:38.616,18725479090
098a744c33190d318c6e6ec59bfad294,2022-11-24 18:33:37.595,14318431803
458c49b7198bf951aefcd7d1dae71513,2022-11-24 13:47:12.074,14318431803
b78a010b71229542e17eb00c78854217,2022-11-24 01:33:28.612,14318431803
e0c62811b35971fc630d52deab6aa5e7,2022-11-24 13:44:58.918,14318431803
97064142f3f742bcd2bd12ea9ebcac05,2022-11-24 15:23:24.904,18529088791
989c8e38e46dd26b8e045189f33d6c78,2022-11-24 17:25:26.972,14318431803
f0939794f9b18f03da2cef2af678e22f,2022-11-24 09:55:01.768,18529088791
5fc49641e3b6e0bf67d4ed94c753953b,2022-11-24 18:09:17.143,18725479090
cc72141c06c14d2865f8ed90791a83a1,2022-11-24 10:48:11.533,18725479090
bd96c6f68477eb61d554d3b1d535fe85,2022-11-24 15:55:49.348,14318431803
e9d1a2272396b85671a3e9179a57da9f,2022-11-24 09:34:38.517,18725479090
3366363d0ef465636ba022de88e9f064,2022-11-24 08:39:39.111,14318431803
0c755b50e899b04904defe3110523bd4,2022-11-24 19:01:58.872,14318431803
cd3b8ea643e5d80b1f9345334fe52b3f,2022-11-24 17:34:57.624,14318431803
60dc669f913bfc5840c26fb69b0cfae9,2022-11-24 22:24:47.894,18796908459
771ca564e92a9026e4a13f91f36cb28a,2022-11-24 09:19:31.892,18796908459
9c2b039c29bd401336e2b943a0bb7a69,2022-11-24 07:53:18.278,18529088791
4867b41dae033d268be56e7352a427b7,2022-11-24 06:52:21.968,18340470460
7068f37d1b11da1f214734a609808825,2022-11-24 07:44:41.100,14318431803
56dd25e00c7b577296fda2464aaa6c9d,2022-11-24 05:06:15.945,14318431803
bf8f5acecc718380ee8efb0df5a06e52,2022-11-24 18:38:02.051,18796908459
a2644057c6fc0c7af7088b917a1b0d20,2022-11-24 14:09:45.465,14318431803
8b4802f89cd9bc0840739232730cf04c,2022-11-24 13:30:16.234,14318431803
4392089078588eda92044bb4018f1e61,2022-11-24 15:42:37.202,14318431803
90fcf13cd1860b60ebf1505d635d6bd2,2022-11-24 11:38:06.544,14318431803
2284cb58211dcaaf5eeefbdf4fd2b43f,2022-11-24 04:44:50.453,14318431803
0a87a1a56025fa6721a8dbc604b23fa7,2022-11-24 11:36:35.930,14318431803
23ccf4d8131dc143715b8c1c1a16344c,2022-11-24 13:49:04.829,18725479090
8edfb46c708403af47c2527a5e2e7e5a,2022-11-24 16:18:22.016,14318431803
c522397d198ea24ef4430aaca44939d0,2022-11-24 12:35:27.457,14318431803
c8505222da14f6409f9e968094cfb8d7,2022-11-24 18:31:16.278,14318431803
af96fe1e00ec84174dd4a90e18ef70ff,2022-11-24 01:33:03.224,18725479090
40fc74c0423e5149fe1c676b19c81c68,2022-11-24 17:57:29.260,18725479090
1416abb6e9b62cd51f81335b09b7b10d,2022-11-24 06:36:46.715,14318431803
7f986c521ed8cb802913a4d32848bc40,2022-11-24 23:57:38.577,18529088791
5c29d8c5a7d813f1da02c3049e628053,2022-11-24 05:15:41.014,14318431803
80db66393f857f41f0ef1dba46c76cc4,2022-11-24 05:58:44.147,18725479090
f5fa77cd873feb3adc76cbb6d562a323,2022-11-24 16:51:31.288,14318431803
20caa779613725b042e494a17625611d,2022-11-24 14:13:43.515,18529088791
d920f25aeef1051eaa398cb85a54cef6,2022-11-24 14:10:08.905,14318431803
b4d7189fc92acaf437b3827821cc5071,2022-11-24 11:41:55.861,14318431803
27be810a55b1a676703e5848e3ff68fd,2022-11-24 03:08:03.220,18529088791
508719531fe71ee5428331d7a1d7bb13,2022-11-24 05:43:34.591,14318431803
f5ca1231ccfbc0d7d9d06a0140acc708,2022-11-24 14:50:11.351,18796908459
721a62e32161a967943f00a028e8b378,2022-11-24 05:34:07.168,14318431803
5fe2a68d0805a1fdb807988b83b1235c,2022-11-24 06:51:05.435,18796908459
0033ae7c253de517c298101c7d09645d,2022-11-24 09:54:18.832,14318431803
7d49858f7499ff6dbcd158ef1f6cb3a3,2022-11-24 07:38:11.838,18796908459
9eafdbae52dfe21abd9ac3fdbd9fae7a,2022-11-24 06:14:38.998,18340470460
8cfd3a66fdcae96a8dd08fb9d2a0160e,2022-11-24 18:04:06.807,14318431803
8e5dc4b2eee0e56381e97d271a9d0fbd,2022-11-24 09:12:13.817,18725479090
0580da57dd96bc9055add676f1187fdb,2022-11-24 03:53:24.825,18725479090
72eaedd6da99305bc353c4f1a7bdcd9d,2022-11-24 08:36:23.965,14318431803
a84e254e8d87d5962afde0b9dd439244,2022-11-24 01:47:38.814,14318431803
41356f5c37479c4e1064dc83663f252d,2022-11-24 05:47:34.225,14318431803
5e51d2156791078788f43cb73b447a4c,2022-11-24 09:51:28.795,18796908459
89f8c8a05f751fa0308f2af7bee14460,2022-11-24 20:01:06.478,18725479090
e2e6c511854eeb7c7d3c38c1d070b4be,2022-11-24 06:18:15.293,18529088791
12d343822e8b6ae938388030b109197b,2022-11-24 15:43:30.546,14318431803
b1114e0ecf15944920792d6dfc78ec38,2022-11-24 11:02:44.850,18529088791
c13bab9f4734e55d7037b1fd3b527641,2022-11-24 15:57:46.217,14318431803
c4dc809baf0346887a87a47a27671c69,2022-11-24 05:41:30.000,14318431803
744c4b36751b8a4d89652ca5decf2a83,2022-11-24 16:53:11.244,18725479090
deb6fb5586cdb38b09c5587605dd51aa,2022-11-24 17:28:52.547,14318431803
9b5eddf9b20fefdf2ca36ab5e932b459,2022-11-24 17:01:12.696,18725479090
a484d1e887fc5cda91f4e841a145e020,2022-11-24 16:56:48.665,14318431803
c6eaaa1f6683133a5ecca98f8d78d890,2022-11-24 08:37:08.603,18725479090
3ddddd9141766f80a9eefd00db7f9dde,2022-11-24 17:59:17.130,14318431803
e077c5f12e1dcdff4d7e91f02477809b,2022-11-24 06:05:29.358,14318431803
6622521807012099bacdd8648642047d,2022-11-24 16:42:24.191,18725479090
6ac73376fbcf52860be3aaf98b08ec5d,2022-11-24 08:12:40.905,18869995641
2078ea5549879d693343f9a7aebfa439,2022-11-24 19:40:40.730,14318431803
4dd0c7faf1d80a308e4118a3143c1c7b,2022-11-15 13:27:21.916,18529088791
a6aeeea517941aea96a0c4c918811499,2022-11-15 02:10:36.272,14318431803
ba54a9653c470dc0ae21167a833b0b94,2022-11-15 05:26:20.744,18725479090
1a96731da4626bf766ef2ff2acb72b2c,2022-11-15 13:56:11.104,18340470460
68bfbd56f48ec15365915ba931558e84,2022-11-15 17:37:35.398,18529088791
56c88b6f7b494456a8e3729207436c93,2022-11-15 16:21:22.184,18725479090
b3b11de7975581e56ae0783aecc88779,2022-11-15 18:13:26.352,14318431803
040158da19d22a69fb36e1afbf84bd9e,2022-11-15 16:01:25.091,18340470460
a6f9abcb521ea5ad01d470126b6f6375,2022-11-15 06:47:26.421,14318431803
fc0eb2eb55da98a9b01779af02be6318,2022-11-15 09:06:08.464,14318431803
862c142b1197c49eb9be1cbb556e525f,2022-11-15 05:29:58.762,18529088791
da3e6a7d7a19b28ab1e611e2a1abc942,2022-11-15 16:53:28.957,18725479090
8ed4c208ff7f115331bfcda03e44a7eb,2022-11-15 16:41:03.884,14318431803
fff4665da5060e49416d151f3c794ebd,2022-11-15 10:19:48.035,14318431803
a77b4a3542d1ef4982ccf0d59e6a860a,2022-11-15 00:30:11.294,14318431803
18f382ffd8ee5d38200f5f60cc021def,2022-11-15 18:22:56.668,14318431803
715c81ed9fd0b04349bed2ba771fcef0,2022-11-15 03:51:35.814,14318431803
262ffd81ea0951f95d9a0f5d56c6a13d,2022-11-15 18:17:00.705,14318431803
0e2e4ac2786c9ad55a86501fc999e35c,2022-11-15 00:56:58.150,14318431803
d3d8a5023f539a9d5c9dacc8f4e263b2,2022-11-15 12:15:57.467,18725479090
4d1f0dc7877824eb6fb55488986abef6,2022-11-15 17:14:02.958,18725479090
7eb8471854d8ceb40522e1d618658a66,2022-11-15 18:39:34.892,18796908459
42d65019650fea1342912755841029e3,2022-11-15 05:43:18.655,14318431803
7df0bf9543fdbe0cb3cbfa221dc46560,2022-11-15 06:15:44.521,14318431803
908214a3e17e484d057dbaf6d1faf2e1,2022-11-15 17:16:43.554,14318431803
f72bcc65391e78b66dd4ff95698718ae,2022-11-15 09:21:48.124,18725479090
b68900460e0e28c1ee36528b5f4da7cf,2022-11-15 16:44:50.670,14318431803
62d081ef0d04c2a24932f5b714557798,2022-11-15 16:16:34.613,14318431803
26b6174e8220ce37e0305a13c50e92ee,2022-11-15 06:33:45.195,18529088791
62225d15e40081d729c5c0c7a868aee9,2022-11-15 04:35:44.478,14318431803
66adc4c889ed15ca214a99cb7cb606c9,2022-11-15 20:14:59.229,14318431803
fe368f496fe8cfe10a0ce01833ef7422,2022-11-15 11:30:01.867,14883589082
3a883a6a0cbd0f38992dc6dc6d7fdb2d,2022-11-15 13:49:08.244,18725479090
fcb9ea4c4579376b05d738054d71749f,2022-11-15 18:09:48.112,18725479090
5c4d49d0af7698e79e0c1d21a0834416,2022-11-15 07:31:39.561,18725479090
7f7468b577602d71f12e90f894fb025e,2022-11-15 08:07:50.063,18529088791
52197c7495a7d1bbecb240e499c8ed25,2022-11-15 18:57:18.685,14883589082
a435c47b9e0d2e048a1367f4adef4624,2022-11-15 06:01:26.208,18725479090
9ac58cf1d543325ff8fcf6af40542727,2022-11-15 18:43:15.537,14318431803
d2236aecfa4c616ab8c79a78a90e765e,2022-11-15 19:22:51.761,18529088791
566f9cd3f7b14c1d6ccadd910d189bbf,2022-11-15 10:03:06.086,18725479090
6d2164a66966829fcde69e4de77062ac,2022-11-15 17:50:06.231,14318431803
4f6de82c4f0a591f617e9548744f6f98,2022-11-15 15:58:30.272,14318431803
4e380ca0f251a1877a7babee454a9e05,2022-11-15 20:47:15.029,14318431803
4a1c2c19b1fb66c51c20b02666b7f2c8,2022-11-15 05:50:22.088,14318431803
d819d50776f31f8fb3b43ef1b1c4bd25,2022-11-15 17:27:51.157,14318431803
388bb55b93b8c0d229eda88133ace589,2022-11-15 15:44:40.121,18529088791
98172e61f7e679d462df27f67b242d87,2022-11-15 02:47:18.314,18725479090
484efa22991c324ccd2db06541b77420,2022-11-15 12:04:00.279,18796908459
40bbbd1342417cf9d1f4370fad6e877c,2022-11-15 07:02:33.374,14318431803
f2a929401023583fb795803b5450f5e7,2022-11-15 21:01:56.488,18725479090
b8b0d676b9af57bf60babf088beca4fb,2022-11-15 16:09:31.770,18725479090
400e956d1c3b5cc9760756a4634848f3,2022-11-15 17:23:52.614,18725479090
dd08fc0c949ccbaa16e1891b41016d28,2022-11-15 01:19:49.650,14318431803
a9aaa25448796b66aebe314ec7af29eb,2022-11-15 08:52:40.568,14318431803
3bd650c025ad3e23959bfe45a1a3ff4e,2022-11-15 10:14:31.290,14318431803
637974de3062263e12d83270e8ae570d,2022-11-15 10:10:38.952,14318431803
a0f544098c3937fddce0655a805c73f7,2022-11-15 18:51:50.318,14318431803
94d8dbbf10123cb50c4c3fadc115cd30,2022-11-15 18:17:20.880,14318431803
50b3ae9acd6712462204f5bd9673ef9e,2022-11-15 17:14:21.929,14318431803
703cb85446f87809e649f418393fa739,2022-11-15 08:54:28.895,18725479090
5d2e909e27bb5a066399d3a32f4eb0a6,2022-11-15 11:18:26.773,14318431803
453ae1a236ab0459bd2f7ee034aeeabb,2022-11-15 16:30:18.640,18725479090
256e072d440cffdc6b0532b12585b43b,2022-11-15 09:01:04.173,18725479090
ddd54343b64e9b43a66cb8e81b9b427a,2022-11-15 10:34:04.158,14318431803
cf82021324f1b7f77caf12c14b5f7932,2022-11-15 17:42:32.968,18796908459
0f1103f9db834bade2cd5c1d963e5f64,2022-11-15 18:02:32.719,14318431803
ce31c65536edec969043c65689fc2654,2022-11-15 06:38:29.068,14318431803
d8a0e9f007d00242d67f19bfb3eb3f26,2022-11-15 05:15:18.897,14318431803
71927aa684daa0e86ba078108020e91e,2022-11-15 20:16:08.300,14318431803
92ea1542fba25800ff43d096be3be5f4,2022-11-15 13:49:09.319,18340470460
927cea78eedffb33d64f169abab35457,2022-11-15 22:37:35.943,18725479090
1db10827269c105c4254ac6c462dda9f,2022-11-15 19:26:10.078,18725479090
305ad0aa7be02700aaf675337452937e,2022-11-15 14:33:38.052,18725479090
455abfa005a4953b82ead3881fe13efd,2022-11-15 18:23:00.552,18725479090
d0cff9b2390c0562ef974335f1b1129c,2022-11-15 09:41:41.870,18725479090
18027c6bfb1d9c04fed35a5a74e120ba,2022-11-15 16:03:03.684,18529088791
d462441432a9a29c8c797e194ab60ae5,2022-11-15 07:21:12.637,18529088791
98a9349763f9d16fd2ff9df589b9c048,2022-11-15 17:31:12.901,14318431803
8898c4a71ab8fd59859d48df7c3f9077,2022-11-15 21:20:27.210,18725479090
e5e718b9a9970f68eab446f753b120cb,2022-11-15 07:40:51.486,14318431803
f99a5bb52d23ca2ec1e1c65708e2ad12,2022-11-15 09:46:32.743,14318431803
af96dc41a98be81e2473ca7f4420c4fb,2022-11-15 11:43:57.044,14318431803
d8ab95f9be7ff321b4442cebd1da4d29,2022-11-15 16:18:17.274,18529088791
18427b1480d6c811ea983e6f7d61759f,2022-11-15 06:05:38.699,14318431803
71799ed613329f9c9f2fa4ea171a0e08,2022-11-15 17:47:58.103,14318431803
f8f68fd71b449bc1ac1c1ff17abf9aeb,2022-11-15 03:12:10.725,14318431803
02a7378065435df492b43ed41771752a,2022-11-15 10:54:06.214,14318431803
c27cb37378c9daa7258e7cc36e4c1a98,2022-11-15 18:03:43.443,14318431803
7d1e31e8ca01962d0b070daec6e0d2d1,2022-11-15 19:21:16.238,18725479090
25bf566bb998ee7e8281ceb54fb0d491,2022-11-15 01:28:46.112,18725479090
006940042254b820855b3ffae6fec11d,2022-11-15 09:37:26.013,14318431803
12f0996cdfd669913bb88c39a9e590a4,2022-11-15 19:51:00.520,18725479090
866f27d58c49806ba41f2cf092fd749b,2022-11-15 05:53:53.570,18529088791
91fc6fb235e822108ddd3d68f49bc190,2022-11-15 17:42:35.424,18725479090
b17446fc8b9b972d9c781062e3f08530,2022-11-15 13:52:57.693,18529088791
682661abc589f732b26a918e18929cce,2022-11-15 18:10:19.999,18796908459
bc38d0f63d61bda52f4044ff6e6cbb57,2022-11-15 16:26:36.039,14318431803
c4b64303b74bc56f35eafb1139beff35,2022-11-15 11:22:08.920,14318431803
76b2e95ec4dd2376a1dfc772f64350e2,2022-11-15 12:21:11.991,18725479090
bbb0ef6d54430a0762e34fd55abf31dd,2022-11-15 05:14:56.566,14318431803
62c80d8100878d1ea38aa2851b2fbcb8,2022-11-15 10:32:34.165,14318431803
f4da926423f888a1410307fb517a8234,2022-11-15 09:24:18.742,14318431803
7a3f88b4f2e0cd842ef4a05f672612d1,2022-11-15 20:40:14.729,18725479090
8c6eaed2a846587e5caab60950f8a4ba,2022-11-15 17:29:46.275,14318431803
df5396b79338fa5832f10b501c8c1cdf,2022-11-15 20:20:54.664,18725479090
be62570f7330c20a61e57098d36bef6f,2022-11-15 17:13:47.855,18725479090
06a57f71e667d991e2c4f8c96f857ccd,2022-11-15 16:56:09.547,17497274587
8c4162340fb3acfd6940b8d36a982c35,2022-11-15 14:15:59.377,18796908459
ac5cf1f2a9a40fb846fe7592aa300617,2022-11-15 08:10:06.580,14318431803
4ab06fb289c88f758bbe0885452b009a,2022-11-15 06:19:05.176,14318431803
48fa2312d7fa87f688d10201788b69e4,2022-11-15 17:59:16.112,14318431803
49e5aec7176e2dfe30d2bc127987d5f1,2022-11-15 18:49:02.967,18529088791
26417aa97dfaf1af366acc150ea4eb4b,2022-11-15 11:54:34.782,18796908459
6298bc05219a92d947080ceaa407857c,2022-11-15 10:05:48.072,14318431803
994faf546fc3c225fd42b81f167a022a,2022-11-15 01:31:29.587,18340470460
4318587616a28a078ff9feba581e11a7,2022-11-15 21:15:04.270,18529088791
bbff3e77f84173dbfea02a489f368033,2022-11-15 06:30:49.391,18796908459
13d5177785c1f6cd600fb41b7c3ad6a9,2022-11-15 18:46:48.322,14318431803
57e6cf8f624332ab2948c835d9c37b48,2022-11-15 12:55:09.399,18725479090
06ce4a0406695c55266a1767b0a978ba,2022-11-15 06:48:51.539,14318431803
c8760e6d6d36caf55a7bff80c17d65e5,2022-11-15 20:07:54.397,14318431803
204a0ee5d0ec13795edb6a40e61fbeac,2022-11-15 08:42:19.884,14318431803
654f8b61e2a4ac8d34a3f4ecc8e94e53,2022-11-15 19:38:31.421,14318431803
80c4beb2abef9b674d085fef82dc9681,2022-11-15 10:23:11.388,14318431803
dc33336008f78e14b7916d2b28e82669,2022-11-15 17:51:45.403,14318431803
710ecbc8a87b74c00917c656f81e63d1,2022-11-15 08:17:46.667,14318431803
557f7430a403687428553ae6155a2592,2022-11-15 09:58:34.355,14318431803
cbcd560f84445abe07ccc61a74b1ba2b,2022-11-15 01:10:11.612,14318431803
4f774c0173f4ee5560f44db4d21f94f0,2022-11-15 17:46:20.290,14318431803
78fd8cc71a838d31ef0b83d3f47ea92a,2022-11-15 03:19:04.944,14318431803
f1704e4cce3c0779652bed9df94b8bb3,2022-11-15 08:47:31.879,14318431803
30504da2c3653b8c341ad39b720e0609,2022-11-15 14:36:51.763,14318431803
2d3b34f1aa5d8fb66d5033872ff9d81d,2022-11-15 18:10:07.567,18725479090
83239a3629e0eb7cda9ff97764426a85,2022-11-15 11:15:55.161,14318431803
841499ff70f20787886cccecb5a77953,2022-11-15 18:23:56.826,18725479090
41c9b08c65c7d4216a5777696ae6ff36,2022-11-15 14:40:16.102,18796908459
3559b7eb98386c1631455ef3b80599eb,2022-11-15 06:31:00.582,14318431803
816c62454b0bdf71f5cea2ca83ac7f7b,2022-11-15 18:03:50.806,18725479090
320454eb2237aa565878b736cf6cf7b3,2022-11-15 16:19:08.875,14318431803
01d7b374eff85eb6afff270e69deb178,2022-11-15 13:17:27.856,14318431803
ed2a89254af03758d92705d1ffe2a548,2022-11-15 17:15:50.217,14318431803
227ab88a2300cc2f52bf2886fd9b0188,2022-11-15 03:25:15.948,14318431803
bb165abb19b59de7bad56b63215da945,2022-11-15 19:15:04.562,14318431803
abd15af7feb60296c4a7b00c54a73268,2022-11-15 08:56:06.041,14318431803
5e43ef02513ec712240ee962bfc059eb,2022-11-15 07:49:03.983,18725479090
ec9251ec46de51bf1729237c64d5aae6,2022-11-15 04:28:32.739,14318431803
5863a52c1adde7a507058ad8a60b9a34,2022-11-15 05:41:24.348,14318431803
769d0c003573f7c1641ed0ac7ad230da,2022-11-15 08:42:59.943,14318431803
3a9204154704fad40f205a4ef54cfa38,2022-11-15 06:41:47.516,14318431803
574da3d50342c2a10e23fa6612cf3ab0,2022-11-15 11:15:14.773,18725479090
8ee83a5a86a0fa00d81ecb65203e9daf,2022-11-15 17:39:06.227,14318431803
ccc97e3b9b81011fd16900e3f0dc5075,2022-11-15 16:14:45.112,14318431803
e6b7aff859720bd4760144935a53537b,2022-11-15 10:41:30.249,14318431803
54a1847eedf9d4d37733730c0becdfb1,2022-11-15 16:53:06.291,14318431803
c7b1b9694f24da182f8c99841b21afdb,2022-11-15 06:15:02.032,18725479090
38f571fbe115d07250ff1e15f5203f85,2022-11-15 04:32:52.494,18725479090
d8a7e507ed4d74f3b8de74fe07bc1a57,2022-11-15 12:14:03.024,18529088791
782011e3ae8e2a3a708822a9bf8ef06e,2022-11-15 12:54:05.272,18725479090
f1a3c6a3a29b561e53c5befd1d2f8f06,2022-11-15 01:02:12.998,18529088791
c0eb01fad345e7b4382d7ad04a5e611c,2022-11-15 17:49:20.847,14318431803
5413aeef323f8f2f21752f4f755db8f2,2022-11-15 16:30:03.534,14318431803
5b7f960d22ffc98635c45b2cc5728102,2022-11-15 14:52:31.198,14318431803
74c7ed079d7fc5815ad1839d62e71c70,2022-11-15 18:06:10.502,14318431803
0d84405a6ca74dd2f69c76627b31abfd,2022-11-15 14:01:38.312,18340470460
61d78b0e1b82592f48aaa7211de66590,2022-11-15 12:19:30.750,18725479090
53d3399f2d3d0e2e2357ab629d0fbfe8,2022-11-15 17:01:11.295,18529088791
456489c3451978b383b86e1ecac41ee7,2022-11-15 06:31:40.876,14318431803
33ac701311b63166cfa7b49fd52780bd,2022-11-15 18:25:53.656,14318431803
c44fa39a7fb3c91570db45306238a030,2022-11-15 21:13:25.424,14318431803
8c0909e8b0a9a37a33c441ddc61b66f6,2022-11-15 15:39:38.686,18529088791
22e285f0d553527f8ee72dc4626d8a4e,2022-11-15 09:11:29.897,14318431803
44e623aac66c76eadd8ee19115f5143e,2022-11-15 14:29:00.231,14318431803
8ef2b3858a67a984dc4de23bfe0520f0,2022-11-15 19:23:58.775,18529088791
341c5ab7f23c967066ba8e67b7ee6466,2022-11-15 09:33:02.441,18529088791
2039bdbbe8df5898a2a688d5c8d99f8d,2022-11-15 22:21:22.776,18529088791
8e5109e13ad2ce37e08162ab3240443f,2022-11-15 09:36:41.250,14318431803
ad275031b58ee1659453900cdbcef109,2022-11-29 13:55:26.088,18725479090
d9b77d03d6d1e894bc2f71bc08db4582,2022-11-29 17:24:48.189,14318431803
24a4a3252d1742c2cd4359e7d1efe971,2022-11-29 04:01:36.992,14318431803
7d747210ede23e6bbc9262b19200e10a,2022-11-29 16:58:48.193,14318431803
7ecac526431f99101e636ff889154f3a,2022-11-29 06:06:12.893,18529088791
2cdcdd29f000431e1a455522cefa5b16,2022-11-29 04:33:33.616,14318431803
6284837fe3d87301ea68ab86437d3739,2022-11-29 11:30:28.592,18725479090
55bac1804416eda94ff02c9ea76e59fa,2022-11-29 06:58:12.804,18529088791
8a307696d70ae4acf3696b5206d87bbd,2022-11-29 17:57:38.035,18725479090
1facc7f4856bb453136adc2e5a4f39af,2022-11-29 13:57:57.621,14318431803
43b9df1fcadcba1b8198950e607e6624,2022-11-29 08:48:41.521,18796908459
07e04907059f62f44d206d029eaa4985,2022-11-29 18:52:43.326,14318431803
a7a234fb9f5a034a2920f4b4c75109b0,2022-11-29 15:28:49.406,18796908459
91bf568afed687921ba219b4dd9e9817,2022-11-29 18:45:00.004,14318431803
90da5ca844e349f93d064e0d5b4d1db4,2022-11-29 10:22:17.864,18340470460
68ca4a96a6ad74a9c98d46a5780fc5f3,2022-11-29 19:47:19.866,18340470460
f59381cee0ba2b1c232f666a20ed45da,2022-11-29 17:57:16.742,14318431803
86fbf13223ab62cabff71eb1542a66d1,2022-11-29 22:38:01.267,18529088791
a64721ee43e480c4a6f9e0d23e30ad50,2022-11-29 13:24:37.205,18725479090
c4a7082bac0785a4a31d023a35940329,2022-11-29 04:43:27.480,18529088791
6f8d0335674a526d59c8a2a24a76c1a6,2022-11-29 16:08:03.266,18725479090
e210fc9798835f3c0f286caf83aa1ae8,2022-11-29 05:38:14.141,18529088791
250c43522cebd1b5169daa7280b530ad,2022-11-29 10:15:53.220,18725479090
6efd2489c5740328803f18ffe233a3c6,2022-11-29 12:06:48.740,14318431803
90b07661efcca817ac0581988dfd0f31,2022-11-29 14:31:28.725,14318431803
b1a10515853ea0cd306a7f182b3cba41,2022-11-29 17:04:07.591,18340470460
672158ace0ea9087f09ecd8e72e3e79e,2022-11-29 15:12:16.074,18529088791
7fb2e0296c14284640bdd340aa951535,2022-11-29 17:48:36.379,14318431803
47f04c335d77b753a2093494291d3564,2022-11-29 10:13:28.358,14318431803
b0a87eff18ac44dfc7fb5af125b78e3e,2022-11-29 09:20:10.790,14318431803
3f0120633779d33e5c510d0f1e73e5e0,2022-11-29 14:13:05.722,14318431803
e238394caec3cbfe6d5cafb6a040c111,2022-11-29 13:03:06.737,18796908459
941ade7f203db76fda8c55c79fd09726,2022-11-29 22:51:09.252,18529088791
08cc0eadce6848d694060274f81349ce,2022-11-29 19:47:57.547,18796908459
728b8f5244c027628b80b98b8fa01c45,2022-11-29 08:58:48.446,18796908459
6146fdbd36eb15d0407d764eed8838d3,2022-11-29 11:23:28.238,14318431803
dce2ab0458be6f5a4b2bf39ef2b0d52d,2022-11-29 14:01:41.725,14318431803
4d5802891bd28b5d88f9dfad1d25ec89,2022-11-29 06:01:57.954,18529088791
118cbd97f58444bbb499fa390cf99522,2022-11-29 16:56:21.916,14318431803
cb0e4ee6e5a94df5245cf045931b2f11,2022-11-29 12:28:30.990,18725479090
5096309e12bae0037fe40c17d7119876,2022-11-29 14:24:29.715,14318431803
fd24ec8e61ae7dd44f4860ca925c9f08,2022-11-29 04:22:31.065,14318431803
374aa163253431f886887d3867adf9b5,2022-11-29 20:50:48.943,18529088791
8d0fe06e5deebe10c6f7bc396d110c2d,2022-11-29 14:45:02.183,14318431803
4b28ea35ae6a7b72d2c64776af690880,2022-11-29 09:43:24.521,14318431803
b57b26818eb30da9b285cb6b737e7a15,2022-11-29 07:06:03.229,18725479090
1b7647bada1b0d3d8ca71462d8f33dfe,2022-11-29 07:43:05.061,14318431803
a0cadcfc92b8d38d4b59c65a1462641d,2022-11-29 13:00:36.222,14318431803
9c5e686b977f9dd618d5e964dca1a991,2022-11-29 05:55:53.027,14318431803
9a4025158eedc7eddfc40acab01fd5e3,2022-11-29 14:54:35.823,18529088791
2fe46bcc7245f98430e97eba60918694,2022-11-29 13:59:03.948,18725479090
532d76f2bb71579aa6ad6145561adedb,2022-11-29 09:30:04.350,14318431803
a3f7680de4e9fdc7cf5e4f5ca6059018,2022-11-29 02:58:09.606,14318431803
9b00aa6605c7e851c9a3a70267427952,2022-11-29 08:07:42.144,18796908459
0c2c76a8113aecc6ea9146d865884c9c,2022-11-29 13:00:43.134,14318431803
bd201c63827998668a28b341f7c0e6af,2022-11-29 16:07:34.945,18340470460
e67edabac6b1e679b6e5a9ebae1f51f2,2022-11-29 07:10:12.156,14318431803
62ae785860c3fc256b33423a7d71fb05,2022-11-29 10:22:51.786,14318431803
8174a83016186b236b0c3de9b8980746,2022-11-29 15:40:06.099,14318431803
a99d88555bdbcd5f2b094e3bd928659e,2022-11-29 13:45:52.440,14318431803
d51c2c7b46583d74dc8d31cc0ba4fca9,2022-11-29 14:55:09.512,18529088791
78465b7e285098219497e0978732acef,2022-11-29 09:53:00.389,18725479090
70a7fdc0aa10ce93347a7b8a782a1f03,2022-11-29 18:38:43.961,18796908459
1886ff75f9a6ba48e0789f7a755ec6bb,2022-11-29 00:09:30.837,14318431803
01de37297df44266cb7e3187941d8036,2022-11-29 07:32:00.955,14318431803
60596a144ba89ef9647286929eaa82cf,2022-11-29 14:01:52.890,14318431803
df5754fa1713c7d7abfca1d21bc81b22,2022-11-29 09:42:21.527,14318431803
d91f8ea9110d730aa5778f5b4abcf5d4,2022-11-29 18:57:50.708,14318431803
4693b2b0c16731c9d46c875a518cf59d,2022-11-29 05:29:56.406,18529088791
428742c063f354cd5d59c8c0cdf270de,2022-11-29 20:10:30.506,18796908459
a66bf90772256046c900a8d6348a089b,2022-11-29 16:19:23.156,14318431803
ba8feaeb7ea46581197e406d18b3e97e,2022-11-29 14:07:09.347,18725479090
7ac542823c7fb7fb2d113821001650b1,2022-11-29 10:36:00.830,18725479090
1dba36e22df199aa85c23bd0b5b16929,2022-11-29 15:59:53.161,18725479090
44239bd04823cb46248b7bb048d7bc66,2022-11-29 06:46:37.289,18796908459
afdc78a10802223857d4f17677479807,2022-11-29 14:34:34.393,14318431803
13ba68261519119c5e508fd30477639f,2022-11-29 14:29:32.724,14318431803
90659710d20bf554144923f283976035,2022-11-29 20:02:18.945,18725479090
2aa43dec1fc9796334da7fd7fe3e2df2,2022-11-29 13:08:44.897,14318431803
f8cab9a638477576d383afbe13d61f50,2022-11-29 07:33:15.651,14318431803
71bc75f56e33cb5b63c3b94ca826c0d4,2022-11-29 16:04:03.275,18529088791
27e4f6f5f70fa612c468865882cb165b,2022-11-29 02:15:10.768,18340470460
38ee44bb6dcacf77621ff5ce2c3f4b0d,2022-11-29 19:08:26.012,14318431803
7891db98ed062b0d707fd443601e7df7,2022-11-29 14:58:32.623,14318431803
b07d34a1c9aaacd1deed2e00526b6413,2022-11-29 12:01:49.573,14318431803
9fa52267a33868f03397a4fa8a861c5c,2022-11-29 06:47:39.619,14318431803
412c9d528e3173a778601c098ce34cf3,2022-11-29 04:31:09.146,18529088791
6988eec5e77d2f29fe842ed0268771af,2022-11-29 05:51:24.132,14318431803
355ce1f6e79fe9462b566be2388c6236,2022-11-29 16:41:06.251,14318431803
ffe1288ca13b6d073a7918e620065cda,2022-11-29 20:03:29.698,14318431803
fb4f2bcddd435070bfc7291fad396bab,2022-11-29 19:42:00.344,18796908459
6546e8924b12282328d6f14bf0ef21b8,2022-11-29 17:22:24.951,14318431803
c65451497084595692d1de437d3c4f59,2022-11-29 16:11:40.824,14318431803
b5ab80041819d25ba23066f5ad865240,2022-11-29 14:31:12.273,14318431803
d294d0a708ebafd868321a4370ad07b1,2022-11-29 06:22:29.276,14318431803
2de66e32dc07eb218fd9eccad36fed63,2022-11-29 16:29:59.722,14318431803
7af8328961251198d626b5991928026b,2022-11-29 14:11:59.880,14318431803
94611319f3afeaba6b5a2fc798ce1957,2022-11-29 00:38:50.411,14318431803
3fe11dcfb87098ddd996d2435c18c8fd,2022-11-29 14:26:08.816,14318431803
c34fa01c0e3397d5c4a52ae46a73e243,2022-11-29 16:29:10.029,14318431803
6d905e7f0d19c53bafcb60a1bae4706a,2022-11-29 04:09:45.339,14318431803
f8346434f2960073858d3ef6a47d5413,2022-11-29 18:46:58.492,18725479090
d77b561fb207777a9ee4cdc630b9ec38,2022-11-29 11:08:53.189,14318431803
9796ff7bbcd2ec7d9a31f9fffdce405e,2022-11-29 20:04:38.540,18796908459
753f344b96e665b927dabe34844a025c,2022-11-29 11:43:57.334,14318431803
b0eb9e4c87b7814a1cac8593aba791e1,2022-11-29 10:45:23.689,14318431803
2fd69f55f30d114c151b402abe0424fe,2022-11-29 14:36:31.094,18725479090
3112ffbe31d406eeb036d9b5b387fadd,2022-11-29 10:03:35.138,14318431803
28cd7575d39d52daf3aff12ab72d0558,2022-11-29 21:14:01.175,14318431803
ea524a8e1876a3fa3f1db074e3a045ef,2022-11-29 05:48:13.194,14318431803
4f1cd4b48204d56ce4669834b3c275e3,2022-11-29 16:59:20.413,14318431803
f1d13ff764562b0b427a10e03c46d3bc,2022-11-29 15:00:12.320,18529088791
d3fc285fe40d51a86c7f128e8061be46,2022-11-29 07:27:37.099,14318431803
acf795f008afac81ce2e309c17220c22,2022-11-29 19:47:39.780,18725479090
f422b9a82c35dbb4bce1cb654d974254,2022-11-29 15:20:37.529,14318431803
c3e8dafab157bb72c22d4daa651ae47c,2022-11-29 07:08:08.509,18725479090
aeee5e5c552ed04558c7a95afc259d05,2022-11-29 14:16:37.743,18725479090
a831602503557a3af0d45e7398e6b6ba,2022-11-29 05:00:33.944,14318431803
29bc9ef3de575d6775c79440a189540d,2022-11-29 09:11:19.697,18529088791
5aa003939514efd19d8f991ab046ea49,2022-11-29 02:16:20.338,14318431803
63e9524a503fcacf1d06bb606ba4d3f9,2022-11-29 09:50:54.673,18725479090
ae5b41cf8ca681845198711cbd04a788,2022-11-29 09:57:02.264,14318431803
622b3f8b97b4e5d48ec7a9f20df80fbb,2022-11-29 03:18:50.865,18725479090
1b79e78fb94af3e318ab65e855b6603d,2022-11-29 17:54:21.436,14318431803
a5c7d125c5342b10233e18e1a4fd1836,2022-11-29 16:54:42.793,14318431803
bb652f02340fb67c7b5f545bf1f37bb3,2022-11-29 18:09:28.228,14318431803
8e940747dfd2227d6f0ab10a571af520,2022-11-29 10:18:34.987,18725479090
b228a83566f5a9daaad3975659bd84aa,2022-11-29 07:29:30.913,18725479090
7d5bbc9730be51587bca725ea8327502,2022-11-29 15:43:34.109,18725479090
3dacc63bb874642d82f3d3d1270d4f67,2022-11-29 18:08:44.627,18796908459
0c8fdfd22be2e4fdc4553ec2e6bcdc4b,2022-11-29 09:08:22.793,14318431803
e4f2fdfa8da125e43712ffc5cbd90b63,2022-11-29 01:54:25.343,18796908459
ebf5619313948143c9092ae7d66c73f4,2022-11-29 10:32:15.606,14318431803
8a939776b2734322d94c4b7f94a9c70c,2022-11-29 19:46:04.582,14318431803
9882cd1af5d4df00cb461c9b99b78653,2022-11-29 15:09:42.340,18529088791
705a7174a3dcf744c40328073d672d5c,2022-11-29 17:01:55.842,18796908459
6627002689f0df2eab29499ee348588b,2022-11-29 17:47:51.187,14318431803
a0483697422abeda14d9c09a8b974e1a,2022-11-29 17:50:31.091,18796908459
82b463941e9ca5d9dfcac2e4386a8737,2022-11-29 11:05:19.980,18529088791
1a7a793981081b289551dfa275113ddb,2022-11-29 13:47:18.610,18725479090
7db963b8cf9b49d087f85db5dacb463d,2022-11-29 08:23:12.518,18796908459
4040bc6b610977e160c2585fba9150dd,2022-11-29 04:45:28.666,14318431803
4cd416f14c1fcb251a3f72cd331ed932,2022-11-29 14:37:53.061,14318431803
4bfe07e5bcb138f0ea0c58ddeeef5937,2022-11-29 08:26:44.157,18725479090
005b912bc205039380fe4f9d44919325,2022-11-29 16:51:08.829,14318431803
89e0e176a04f5c8421a37ede78a525f3,2022-11-29 16:38:20.430,14318431803
4f378ee85116ea57ccd7e208b2598e4f,2022-11-29 10:06:10.392,14318431803
c6f4c9edf427db99c9be975811d25b40,2022-11-29 17:10:28.102,18725479090
6f2528c9f5c9a0e77a29bc7f976b3ac7,2022-11-29 13:51:20.340,14318431803
c288e524a1e0cb27ee05238cdd120d61,2022-11-29 05:31:09.132,14318431803
f503d5ecd7244d18505abfde540f9918,2022-11-29 07:42:02.633,14318431803
ac9e5307c8e0bdd0b033ada94eb0a028,2022-11-29 15:57:17.192,14318431803
f3ec5463bcfa4b3391fefe55171b84fc,2022-11-29 05:19:31.773,14318431803
dac97668d428351ef3cab7e9af180a2a,2022-11-29 08:41:50.850,14318431803
165a912272053f3423d8a843f86821d6,2022-11-29 14:20:58.465,14318431803
4793816505063cf76f22a8bcbca6ab2e,2022-11-29 13:35:41.059,14318431803
8e60046d86d705830e352830c7c56c9f,2022-11-29 08:35:11.909,18725479090
2d0de1db5cb01510d7ff504db651f7ed,2022-11-29 18:25:53.135,14318431803
eb24606dc9e23d05c3275bfbe2945c4d,2022-11-29 06:21:56.174,14318431803
e52688ba53c13d1d54e41bd8e8542a5f,2022-11-29 17:00:53.410,14318431803
e06c7561774f521bb06bbc8ef2cf997c,2022-11-29 12:48:42.291,18529088791
b952b66723119257c744a2df66771fe3,2022-11-29 05:04:13.155,14318431803
eb5a113184073520afb7861edb771bd5,2022-11-29 16:26:26.760,14318431803
e2fc9cf3b9e39c531d12df4b9f6f55e2,2022-11-29 15:52:36.963,18529088791
8f994e202d214d559f64017dc9644b28,2022-11-29 03:39:24.366,14318431803
0bf6513f5332678dbf714dd499d525ab,2022-11-29 21:06:22.097,14318431803
c2c6ed780f279c3a1305d599aa37042f,2022-11-29 13:58:42.475,14318431803
ea79ce1e6041e204cfc322083b90619a,2022-11-29 07:56:07.956,14318431803
cfb9a6211eecd10b73e2ec93c39cca1a,2022-11-29 00:04:17.342,18529088791
2a1739a9dea06c65532f0523ab0e59d9,2022-11-29 06:31:48.574,14318431803
af9d03fdea854e5e5cd3c50d706ea847,2022-11-29 15:13:31.413,18340470460
639109131a989cd57f124a148fea4986,2022-11-29 14:47:57.507,14318431803
b8829ff910065330e092f664a58c6aee,2022-11-29 17:54:36.370,18529088791
252dbef281a2ec35e5ccfb1d02b7ea47,2022-11-29 13:37:43.408,14318431803
47823781d96a824f6cdafae1aba4599c,2022-11-29 17:34:11.476,18725479090
79d7992c35d6b37d1565cb0b79b4ebfb,2022-11-29 15:34:54.160,14318431803
16f97773d8afcc609e2e1aea923ed67f,2022-11-29 13:21:28.744,14318431803
d8508083705cebb8a085ff545de43198,2022-11-29 08:07:55.262,14318431803
757d09b33787855c4ba4c9bcb5699986,2022-11-29 12:46:03.695,18725479090
7f902dfad0b281d0e2641c30d4aa748d,2022-11-29 00:40:53.885,18725479090
3e450ae3a4a6f6f9c72b6626d065dfd7,2022-11-29 14:40:35.874,18529088791
b97d4033de61fd7fabb995f288fb7374,2022-11-29 09:38:37.683,14318431803
2b01d845e8beeac7c23fb69097bfb5fe,2022-11-29 02:29:01.659,14318431803
136c032279a8b8232b65fd66c54f5fb5,2022-11-29 16:49:38.952,14318431803
9245a26d2c12fcdff8bea470fe7e3a9c,2022-11-29 01:41:18.005,18796908459
158998446dbe68266192ad8c8668693f,2022-11-29 17:34:58.311,14318431803
759c0a3ab736250c743ab813da762fb1,2022-11-29 16:25:49.798,14318431803
384662f368762e851ab1ba924426b6b5,2022-11-29 11:36:37.786,18529088791
be85f8388245898996b9f4aee501811b,2022-11-29 01:58:17.427,18340470460
1302cc7015dca1eca7249dfb477a41a7,2022-11-29 07:05:31.344,14318431803
a069e23737ed58addaf03c7b572e5672,2022-11-29 16:55:03.725,14318431803
39f2a3425f2cb151a98c8982a3301953,2022-11-29 06:06:17.220,14318431803
9ed261b48682022d17d6f04b6d62c700,2022-11-29 13:54:25.029,14318431803
a06964ef121470e66ff04101bc6ce5da,2022-11-29 08:49:19.559,14318431803
fc05f267a1cf1146c29423bf29c20d3b,2022-11-29 19:54:01.376,14318431803
432582d4681675f3b842f1afdd0ac67c,2022-11-29 16:40:57.606,18529088791
bc7d38e6d477f45781c9a52d8c5f4049,2022-11-29 15:26:07.030,14318431803
bd5e67beff7c4613cce07c8b854d5efa,2022-11-29 03:35:41.286,14318431803
6d91fe60c30990ae0407005f7bffb83d,2022-11-29 15:38:13.593,18340470460
85774e83caae2e68923ec3e4dfa3333a,2022-11-29 16:54:55.627,14318431803
f4fbd7019cee70d058934aa88d16c9d0,2022-11-29 17:26:09.690,14318431803
4d42f374e7bcbb32bb87375e1286294d,2022-11-29 17:34:07.040,14318431803
92660110373152eadbcea703d1c48bbd,2022-11-29 18:16:22.428,18796908459
b30b91731c51ebc73bea4d1ef65c1c6f,2022-11-29 13:30:24.549,14318431803
0efac6b0401178795a4c959a66a448b0,2022-11-29 06:30:24.704,18796908459
aec90b1dda7a2ab855b5665409140ea3,2022-11-29 11:08:57.737,14318431803
7b7db4055231b5e18bf1ee73fe4e3941,2022-11-29 04:52:01.681,18725479090
c4af3217a0ba8b174e9a9b92c02d6c34,2022-11-29 14:47:50.539,14318431803
47cda8e228016f47e370d31c428565d9,2022-11-29 23:44:52.135,14318431803
6a22003609e57f391b2511582f49841a,2022-11-29 07:41:16.775,18529088791
bc0ca4907418212dee41825f89de6367,2022-11-29 07:43:22.994,14318431803
04f5ed3d80f09a1b92a62188472b02ad,2022-11-29 20:36:38.104,14318431803
e6d146584d89c533dd8d8d55d486f666,2022-11-29 16:11:48.341,18725479090
718eca2c089bc35684e4405418e1d3e7,2022-11-29 16:40:36.553,14318431803
6fe51182c59d8eec0d39a9a2383ee2f2,2022-11-29 13:38:44.932,18796908459
c71e1eb99569bbc0bb2c0cd1ff111ef0,2022-11-29 05:58:20.408,14318431803
38c62ad4b21bf09fec17830e9d1d73e9,2022-11-29 05:29:24.987,18725479090
e502f39047284bee57cfc5cc937e38f4,2022-11-29 18:38:12.447,18529088791
e4bb248ec14e06eb79f1eecaf6cd1d1e,2022-11-29 15:14:24.807,14318431803
7df27b2fe4e7778bc4b557657f5d6d91,2022-11-29 09:50:04.974,18529088791
58d88c02b2bb8b55b8e91e2ffb38e721,2022-11-29 15:56:31.199,14318431803
a92406c7611a8a0a930cdfceeaeca01f,2022-11-29 08:27:26.261,14318431803
9916aeb586a8748604dde1c6040b213f,2022-11-29 18:20:20.046,14318431803
4284a1f682f033efdf4d50cba5c2ec90,2022-11-29 16:35:37.635,18796908459
b2143483a72bcd9d9957f0d353b5ccc7,2022-11-29 03:54:08.421,14318431803
66fd03995cb3667724fbf4d46827f8a5,2022-11-29 18:01:17.672,14318431803
95d26f09ed6bdb52b70567025cc61a3c,2022-11-29 16:02:41.608,14318431803
d9cf77db317458eaf2fc03e4948954df,2022-11-26 10:35:53.997,18725479090
6db86dff0f6b7f502809ac93062f083c,2022-11-26 03:44:02.953,18725479090
c5ede18cd4a207d6d94a1ba2c333b9e6,2022-11-26 17:39:44.645,14318431803
6ac41820c1f879e2225506e29adcf7e5,2022-11-26 17:44:39.514,18725479090
fd1e6ff262a6d99ac1f03a29994e29e3,2022-11-26 03:03:53.153,14318431803
22a9c74e7407b9b9f3828a3ac555c075,2022-11-26 17:16:59.817,14318431803
520933a67caba951cf54b3eada5c58c7,2022-11-26 22:01:02.978,18796908459
1add364d68cb6f7f5cdb63658b1c87d8,2022-11-26 18:01:28.262,18725479090
f2cfc558c698be9adb59aa904339a180,2022-11-26 08:57:28.920,18725479090
0d1009b2658d5b18b4c49cb6a8b66685,2022-11-26 16:57:18.059,18529088791
f81e29920e8809ff7cb87063cfd855a0,2022-11-26 18:06:46.154,18725479090
f27ecc9c8b6504bc30f9b9fe672d9c17,2022-11-26 23:25:28.675,14318431803
eaca3f6426a46055ba5aff37477fe159,2022-11-26 11:57:46.449,14318431803
d65f691d17d078ceb26de959cb718b5c,2022-11-26 05:42:51.514,18796908459
96ea8e08ac7babff9f3bed2471b4c60f,2022-11-26 06:23:24.725,14318431803
0852622a261eb58ddb124d3d417188b5,2022-11-26 23:28:58.376,14318431803
5c1630dacf2224ab2208854714898e98,2022-11-26 18:47:44.292,14318431803
6ce85dffdf8bb3bb83d4f9541b28a87e,2022-11-26 12:42:43.585,18796908459
60af7bcd0ef25a81d162fd0a1c31db0e,2022-11-26 16:45:25.398,14318431803
13eb1f6de52af5c11613b6b7d062842b,2022-11-26 14:54:42.268,18529088791
b53d9502aa21cd45f40c171b92c695c1,2022-11-26 17:20:54.741,18725479090
af9211bdec30685a56643403c7ca932a,2022-11-26 06:01:30.820,14318431803
b570ede165e148b214870acb8e6d4d12,2022-11-26 12:32:50.865,14318431803
95f5727082b799b44e4e564eb15008a1,2022-11-26 01:15:00.264,18529088791
8a2ceee4e8dd39560f08d6a21a4ef706,2022-11-26 13:27:54.486,14318431803
4deacb86b86d298d779ab23fdec338ab,2022-11-26 07:40:42.304,14318431803
3c4265d69042cdddaecf00e51bd6fa55,2022-11-26 08:18:37.599,14318431803
6593b5d3851dba7ef85d3c3579b734b6,2022-11-26 14:28:16.837,18529088791
2c77c2a71338af48a12c5862e346207a,2022-11-26 05:35:43.815,18725479090
6972bd1a7154ab9a1653984767f91be2,2022-11-26 18:22:15.306,14318431803
472d87844e1c6d1eabb52717d5fbc49a,2022-11-26 23:20:34.731,18796908459
e819db984c678205c783b4572953efa7,2022-11-26 11:41:20.912,14318431803
364a5690325b1098d3dd37f2c0c05943,2022-11-26 20:18:14.760,18529088791
1ad1a25fb33be981621f2d45ae8d009d,2022-11-26 15:41:25.962,14318431803
81f70ceee3e5ba6ed950f4137c12d047,2022-11-26 06:22:01.285,18796908459
bf87c89e009e17b3f7bf2f08f61222c1,2022-11-26 03:50:05.005,18529088791
f234ccf3055c8f4c106dd620591023a1,2022-11-26 06:29:34.303,18725479090
cb8a869d36d262c477624e77781663a4,2022-11-26 07:04:03.156,14318431803
3ab627b637186e0928960b7570ccaae3,2022-11-26 12:19:40.602,18725479090
1fc0589cc7363887a0124beadf0d9932,2022-11-26 21:18:49.140,14318431803
0713cc103a625084e34aa53af26a42e8,2022-11-26 01:36:46.205,18529088791
3aa4879612949dbbd952cc05dfc452df,2022-11-26 06:27:53.947,18725479090
46899f1a6184dba099133bcbf8f8331a,2022-11-26 04:37:11.034,14318431803
cb01e7ff7118fa62f98f2a54e50f0ae6,2022-11-26 03:17:32.598,14318431803
9ea32fdee2581103e065e77750a5fbc6,2022-11-26 01:29:30.606,18796908459
35f5dab77f13a9ef2de15f7859303ea0,2022-11-26 08:36:51.606,14318431803
fc4cf688e506ae47f8e898cc537d9266,2022-11-26 08:50:40.617,14318431803
50683b14b9069b886cc2ef62bf743ca1,2022-11-26 07:04:31.780,18725479090
8080c4d73026f85da5c1faaa9bc74857,2022-11-26 03:55:39.201,18529088791
6ad4e2c0f04e17ba0c3272795d6955f9,2022-11-26 05:18:44.898,14318431803
4750f54bbe4b971023fe281596cc6a3e,2022-11-26 13:12:48.168,14318431803
ec23881bdddaccbbd72137f412b5e877,2022-11-26 18:38:50.271,14318431803
2a1800447536254b409f8d2bbaa0d055,2022-11-26 09:04:07.392,14318431803
7a4bc6bf57fbddfe8d563b78e58e72e3,2022-11-26 08:19:49.612,14318431803
6929feb2f6c6ec78e1a701fabd58eb24,2022-11-26 07:06:53.985,14318431803
bf96ae9acafbb77cda883be5f4f532be,2022-11-26 11:14:56.120,14318431803
980cbd142a9aee672649e07534e848b5,2022-11-26 19:04:29.374,14318431803
e0fa63cbb58b884ef3be5cae8bd4f3c4,2022-11-26 13:01:13.678,18796908459
778db0abe8630e5cb6a6087bbbc2d728,2022-11-26 23:04:56.869,14318431803
08ccb1947733eb858d1494e5fedf5e67,2022-11-26 10:08:18.257,14318431803
23f19069737d0bfc6ef8000979f133f2,2022-11-26 12:33:26.026,14318431803
990e17f9584df75c42057dfcc37584ac,2022-11-26 11:01:29.362,14318431803
304103a32beea7cd324b939bc9933f5a,2022-11-26 05:32:42.536,18725479090
49a927ce4db6e2897f619d225f5e5137,2022-11-26 18:06:09.169,14318431803
04fde3c04deda8c6e9ab640f73e4fd4b,2022-11-26 08:00:08.366,14318431803
9ab15c856d67433fcceb755cf4c4a1c9,2022-11-26 18:04:09.395,14318431803
6305dcacc5740e5d055e873083c71acf,2022-11-26 07:31:09.644,18529088791
448a08dacb2ff8344693e8bde9425512,2022-11-26 06:20:38.194,18725479090
c76e50ba37b27ffd487b5e181fb6fed6,2022-11-26 07:12:15.075,18340470460
881187460f8491b1d1d764bd95ef0326,2022-11-26 18:13:37.085,14318431803
28faa16024ed9555aa58b2f012a1a870,2022-11-26 16:52:42.748,14318431803
304d0ff39c66dd80647839d0c6a2ccc6,2022-11-26 17:29:15.243,14318431803
ee48493307fadc8a85b2992898e4c9bc,2022-11-26 08:20:10.798,14318431803
d383e5a84cc8400af46d8f8a31e844f0,2022-11-26 14:26:10.199,18340470460
bcd12518e4fb8bd23955be1ca02ea86a,2022-11-26 04:54:20.606,14318431803
a1b1e1a66f17a5b6915585ee8de201d7,2022-11-26 21:06:06.563,18796908459
2d1c7e2a80dbc7b9f146903da2fea2dc,2022-11-26 17:07:11.605,14318431803
b7add09d0e225e18f553bd57ff94ba8e,2022-11-26 13:22:59.974,18529088791
f21ce41aad547b461fe4d1bf63ccdd15,2022-11-26 16:12:06.690,14883589082
71a728fcc8788429b7e991e6e206bed3,2022-11-26 05:13:39.948,14318431803
b801fd0745b405fdaf1ae3200d70124a,2022-11-26 10:30:21.736,14318431803
79ec8b1d5926f0ed563a882857fe547e,2022-11-26 12:40:57.781,14318431803
22088d7fa5d5301b58f65a70ba36cabc,2022-11-26 12:09:43.722,18725479090
359fc015ea7fc1e7fda3fe456373ca28,2022-11-26 06:34:17.683,14318431803
4dcd11936a49b38c4d3804c0d6b9fe36,2022-11-26 08:49:14.412,14318431803
9932bf972d0c8ae1ee51148b049451d1,2022-11-26 11:26:34.847,14318431803
3db0a97027df1696f300ba1ec55fbdea,2022-11-26 09:30:53.741,14318431803
f83912c92d7cb91a6f3f0dd275d90477,2022-11-26 11:38:11.794,14318431803
01c0204569adc08a134ecf6ba221d6e4,2022-11-26 08:51:36.203,14318431803
fc31f0612741fbb59effbe7f9c0b65f4,2022-11-26 06:20:39.691,14318431803
e688a4872a94a65c2c68f2a4fcb93db2,2022-11-26 09:46:34.083,18340470460
381e16e29fb19f0c97600ecf3184f3a5,2022-11-26 10:02:20.285,18725479090
007bba01452453f06c531eb81d7df2c3,2022-11-26 04:24:23.781,14318431803
bc83630ad12f0555f457e4d17d7d17d2,2022-11-26 11:32:08.232,18725479090
b3db98a40b556b4ffd36287ac19e8fdd,2022-11-26 06:52:04.444,18725479090
14b6773b270c5f843597a38a5bfd19ff,2022-11-26 17:00:16.764,18725479090
859e416376be7227ed99e325b2b4f09a,2022-11-26 18:45:28.806,14318431803
aeca831a515bcc877c655e0f3185da55,2022-11-26 07:17:00.601,14318431803
2ae6527ef2ca0cc2fe15591f0c92264b,2022-11-26 11:20:43.520,18725479090
e7fc994afd5a8d3951e7987ebd73dea6,2022-11-26 21:54:57.912,18725479090
f54dfbb327888018e8dbda9f47619438,2022-11-26 06:24:39.975,14318431803
010cc456228a850c78ccaefd89565a47,2022-11-26 16:09:03.572,14318431803
eed760ca0e28d802458c51ddfb28b5cb,2022-11-26 09:22:48.670,18725479090
fed3cc7840dda81c292b7232231bd5c3,2022-11-26 20:00:27.793,18796908459
4133d53db4b3f48face250fc407ab0f7,2022-11-26 12:25:42.165,14318431803
012f7bae9f491265b3ff78fbb1c5bb3e,2022-11-26 02:20:36.236,14318431803
5fbe14562cb5aa531b9e4fbc18458908,2022-11-26 03:54:22.700,14318431803
c45b877119cb2a7530f18feb38b10d7c,2022-11-26 07:41:57.371,18529088791
df0051e52108eefe7ccd752931c206e8,2022-11-26 08:33:50.596,14318431803
e498bbf9ab4ad10b2d93864b968c320a,2022-11-26 05:54:05.822,14318431803
81e722b2005457ae98e21a58d94d9dbb,2022-11-26 16:29:21.100,14318431803
507c5fca673bb7cc3ee8bdb3f786fd89,2022-11-26 09:49:02.616,14318431803
5332e71598d275e794a149c7f6658f70,2022-11-26 17:43:50.054,14318431803
d022e2e4356a282f3f6b19ada84b73fb,2022-11-26 04:51:05.160,14318431803
88ff5398af5305d733f8ff16aa94bee8,2022-11-26 05:13:28.098,14318431803
54c6fd4b9e3149b653a121d046d6be0c,2022-11-26 13:06:09.022,18725479090
02b4a1d5d075718001842a9dcd9881fa,2022-11-26 19:17:46.200,18796908459
49b6757ce1ed0f1ddb954f5dedf377da,2022-11-26 05:52:32.782,14318431803
e8c355234526aa34e495ec07eebabf04,2022-11-26 16:50:11.604,14318431803
f256a56246142b11627e6f18e356d870,2022-11-26 20:06:02.604,14318431803
649e962560e37558bcfebb6e36809e9d,2022-11-26 09:22:17.189,18529088791
aad1000164d2c2f9a2030444d70ddb1c,2022-11-26 17:27:07.863,14318431803
497e31bb31d613d1a8f14b55095b327d,2022-11-26 06:22:09.064,14318431803
dfc6650a4c3e7cecb5c59a206960dbbc,2022-11-26 03:28:33.025,14318431803
baea0d790f7d6e25390394c4ab181a3f,2022-11-26 19:30:01.773,14318431803
4341b5b5073e4d4a77130122a8baf8f8,2022-11-26 11:04:08.352,14318431803
f0dcdaba11f4a2391f7f24221c3d31f2,2022-11-26 11:07:11.718,14881642792
57e5680fd66f9e3b6140bf6faa5dd698,2022-11-26 16:48:45.783,14318431803
bff14df82240072ca175baa366915512,2022-11-26 07:50:08.553,14318431803
5f4bee8e5a1d7b26fa5c3f8cf8194187,2022-11-26 08:16:55.423,18725479090
f3fcd9d1f88eb9b8610076f072724746,2022-11-26 15:08:35.694,14318431803
913047f0a62a939432d12fb9c4593e91,2022-11-26 18:29:04.842,18725479090
3593310530e600e0a07b9bbd477bdee0,2022-11-26 11:43:04.275,14318431803
392f205bf67007a2e06fe03cd681af96,2022-11-26 09:31:27.672,14318431803
8aad289c519d3ea0ca1af5ed6f535a86,2022-11-26 04:56:46.718,14318431803
abbb365dd80689cd6637d2609de7ced3,2022-11-26 01:44:48.967,18725479090
f52c283f652af238ac4c482913c95c5f,2022-11-26 07:19:45.462,14318431803
b22db79bcfbeac50d7cafc467c94e876,2022-11-26 08:00:26.231,14318431803
d4b26ac6998b61f534f9243c8a19c805,2022-11-26 17:52:35.559,14318431803
84ad58e06886652a241b962736babc2f,2022-11-26 10:26:37.858,18796908459
580fada7e636efadc0efccef2f82ec8f,2022-11-26 04:42:19.086,14318431803
095c48c44c7729324f86217e8dd9b5bf,2022-11-26 12:26:18.473,14318431803
0eb05852f0bcf33a0d8c2a71798b86bf,2022-11-26 03:58:06.177,14318431803
a12ca143868032a8614a7ac36770fb8a,2022-11-26 04:56:44.850,14318431803
c457aa32ed29220115a8cc126cd7caff,2022-11-26 11:01:37.851,18725479090
06b068f4956fff3226dfa1c0ed0f27ba,2022-11-26 21:09:39.551,14318431803
3b82d3d139427900d5e1ea308146efc1,2022-11-26 11:38:52.142,18725479090
5b3948e8ed002f12b4bfbd284246d912,2022-11-26 17:18:58.404,14318431803
faafc574243bdaa52281571969fe61f6,2022-11-26 02:59:50.228,18725479090
01a48746dc0fdc0f945c6b8ec3e162c1,2022-11-26 16:45:28.450,14318431803
f20ece6252a1e04eec9b9eb97529c7c8,2022-11-26 03:18:11.400,14318431803
c0a449950bd446cef9ebfacb7e695fb9,2022-11-26 12:01:33.317,14318431803
9fc1b7d5b1d4b01fdfb362d4294d0f1c,2022-11-26 16:05:44.696,14318431803
6fb8dae93a3fd5d305c6ceabe6aa3850,2022-11-26 00:00:12.714,18725479090
509cf54f2c1e7cb06898fc61933c4ad5,2022-11-26 16:36:02.194,14318431803
55d1f8a8b9063e0ef9c50338744402f4,2022-11-26 08:34:55.661,14318431803
98beffe3792fe4c2ff624dbbbb359217,2022-11-26 14:16:33.862,18725479090
f2542a1be5d1ac3b31cc99a1d1825b96,2022-11-26 06:09:22.435,18529088791
5946066368492417dd654a0a35ac6f62,2022-11-26 18:09:17.476,14318431803
231062eae7991177f6458114c6d75e9f,2022-11-26 18:14:09.486,14318431803
89a824ce6d3a086ef9c895c54b8f0bca,2022-11-26 12:51:27.683,14318431803
7f93c1a9bbeb835250905d290b2f58a2,2022-11-26 13:00:36.529,18796908459
969c3ba24774f04c02528bd495d3e633,2022-11-26 02:43:12.597,14318431803
f2c466f1508719075fda03e64bb64774,2022-11-26 07:05:21.548,14318431803
f55311cfe94d3859f1d1ced812f0ae12,2022-11-26 10:07:55.159,18529088791
bc8f8d1b4ad158418ead95f95127ca2b,2022-11-26 10:48:41.189,14318431803
d6d085bf4b3c0155e3894f1a6282e773,2022-11-26 16:00:35.663,18529088791
e975410be48519df0bd543d8f5d0f6c9,2022-11-26 11:28:36.113,14318431803
70245809c1aab78b9e2ab807c50d3adb,2022-11-26 06:25:42.132,14318431803
7acdd1f593b7575ce906afce4261e034,2022-11-26 20:31:11.735,14318431803
1cff9e4b80f7beecfafa101057874802,2022-11-26 12:53:39.565,18725479090
e8fc43185b3f2948fec60c83b9f9626d,2022-11-26 04:53:15.211,14318431803
53ec37573a7051e49678120a7730b05b,2022-11-26 12:29:03.277,18529088791
eeacb4b6bd4d59e95ab66e1b860acf7b,2022-11-26 21:14:32.711,18796908459
7fe9a2a46a749d5628100d4df873026c,2022-11-26 04:09:57.357,14318431803
560d8f7d91b8755f2c9bf4a84f3b8b1e,2022-11-26 17:27:31.712,14318431803
a1977b01a46082472947110cb162f83e,2022-11-26 16:51:17.973,18529088791
239ec821fb4a59c9e9c2957797eafe3a,2022-11-26 08:10:14.149,14318431803
19e47adababa94216e6d9386ae926e07,2022-11-26 17:34:23.036,18725479090
60e03e93f0eb9fa473bd92467246b3cb,2022-11-26 17:22:08.988,14318431803
6bb8bc5b9e2c6d54228d2386a6fdcaec,2022-11-02 11:56:04.661,18796908459
607ca4eb5b21fb1d5351753c84f7f851,2022-11-11 09:05:10.544,14318431803
2d3f4c56727828d3576197704986b3b1,2022-11-11 19:41:18.671,18796908459
bf73b965801aa1023c50e614fb8cd234,2022-11-11 15:35:31.851,14318431803
e7d410b598551ed0d089fd72c97f125f,2022-11-11 08:46:03.606,14318431803
b4d5d575ae2d2d74c63d14250eda0fd4,2022-11-11 16:45:24.114,18529088791
25c82e40f8d49ab255eb2780ec69b3c7,2022-11-11 14:29:30.814,18529088791
cc087bd7f943396312a71e6225c8a958,2022-11-11 05:15:41.133,14318431803
e0f9baa28c3c896371a836f0f5c1b3e7,2022-11-11 07:46:28.856,18796908459
9f71b57a95994f0fc6fc6d128b49dc1b,2022-11-11 18:01:30.781,14318431803
2332e7ed0a40fdfda6ec8b54d168a010,2022-11-11 10:27:45.402,18529088791
05cca317618fe05d667dd1167879b815,2022-11-11 01:31:55.124,14318431803
3e381f3ba1a1ca91d7a887c01ae978fa,2022-11-11 10:23:27.869,14318431803
a941c08e056c63e01c2d830487809461,2022-11-11 10:56:14.138,18796908459
38cb3d5c5725608469800eed11659c17,2022-11-11 16:14:31.181,18725479090
c17b658d31bb6ae65fe0a808b4ff604e,2022-11-11 06:50:29.854,14318431803
340213b16ac2b9c18b2c7fda1a24fa29,2022-11-11 03:01:25.342,14318431803
ee04268d6e424df9f9052d94a2869b8e,2022-11-11 20:58:41.532,18725479090
c30a452ddbc2a8875d47b678cc55526c,2022-11-11 15:05:16.562,18725479090
8fc2b64d28077031f3693ecc27523aa0,2022-11-11 20:07:13.612,18869995641
11ab97bd10933ec80e912a10c3f81b25,2022-11-11 17:41:48.188,14318431803
4766d4f7660cfdda6403a6bd8da51007,2022-11-11 21:15:40.986,14318431803
9ae83d81025e011e6c8ffe6d52968355,2022-11-11 13:49:03.894,18725479090
3601f833e2d32cd7100a3f3a860ae4c1,2022-11-11 14:02:44.910,18725479090
e9482fd630190d99df72673f04759183,2022-11-11 17:09:16.835,18725479090
eb80d538aa10174a5a206f3fe88876fb,2022-11-11 17:32:26.026,18725479090
e934d05dabf911854faae7c8c00180d7,2022-11-11 17:54:16.594,18725479090
4cafe6278b4851572158973ea041bc0c,2022-11-11 04:58:44.842,18529088791
f08117743ad2fffac923d12583cd91ef,2022-11-11 07:40:04.736,14318431803
3ec29a10837e7654bcd0c6315bbf7be5,2022-11-11 00:43:48.717,14318431803
a83f2d4ce8a7b64ef2d5a674239257c4,2022-11-11 10:00:46.799,18529088791
709dcb27cadedc73536e4ef966c63d9a,2022-11-11 08:28:57.082,14318431803
de13c1f8dd6960b3a16a6a722bf84840,2022-11-11 21:20:08.060,14318431803
95ffcc2325dc92fdf2d8da05f720c5fd,2022-11-11 13:56:35.298,18796908459
2fb73c5f2f9a60f44104a066002236dd,2022-11-11 16:24:51.540,14318431803
16a85bb64f656f17915d27e5e4b5b752,2022-11-11 09:00:31.229,18340470460
8a8ba0f4e429a3b9cb62978a4e33bc55,2022-11-11 05:33:15.542,14318431803
a13ab3881acbdf0e1756f1748920cae1,2022-11-11 17:19:12.009,14318431803
e379c3f2724694c78e342384b0164cc8,2022-11-11 17:15:03.019,14318431803
2878f9c14f47d313df8148eef1e6f37b,2022-11-11 07:31:59.835,14318431803
160c3f43838f3cc48b5eedbb8c84842a,2022-11-11 09:17:30.327,18725479090
61617f1eff4eeb40327b217b122fd5f0,2022-11-11 19:37:23.756,14318431803
0993b5f3974a6044a372fee223aae2d1,2022-11-11 05:52:52.595,18725479090
719e07c40d64d4fa6903cf80b40833aa,2022-11-11 15:47:17.337,14318431803
9f050994c9dd719257846c8fc439df64,2022-11-11 07:35:36.881,18725479090
c9bda4c8d1286b690d4a0a8bf2ca2097,2022-11-11 10:18:13.140,14318431803
e5602dc0de5102beba72f90f160ebdac,2022-11-11 13:56:16.959,18725479090
67912eb9b6d4ae4bf95f6064a54a056c,2022-11-11 14:58:05.771,18529088791
cc572a8d669bb70e8e8ce5c9d31e7813,2022-11-11 17:12:33.608,14318431803
d6d81058abf2a825ba79bda749761421,2022-11-11 16:29:14.175,14318431803
b5fd349e0d6b5327d7ca80abae4fe477,2022-11-11 15:27:54.744,14318431803
6190d8719802bf223e4bc309f8ae553e,2022-11-11 09:02:06.958,18529088791
4eaeedcc82940bee98aaf424ca936170,2022-11-11 15:37:40.813,14318431803
dcc8d50c896200aa49f740aa83ceb0ac,2022-11-11 05:28:54.912,18725479090
6752697958d3e0d82f8abe825ccc7ad6,2022-11-11 05:32:37.287,18725479090
83d38922c8e5c7158d96dd8457229379,2022-11-11 09:43:45.266,18529088791
518974c35bb322709635620280358535,2022-11-11 07:20:25.849,18725479090
5f7903acbf81140b318f6b08cf3518bd,2022-11-11 04:36:58.603,14318431803
22725f7a76f21e6493f0ce1d03cbac86,2022-11-11 13:48:21.839,18340470460
a6d34aa41b77042f060204857a756e27,2022-11-11 06:58:26.884,18725479090
02e4698da14ab603e37857555c927677,2022-11-11 14:24:54.587,18725479090
3e25f571dfe847fa5427dcff67530efe,2022-11-11 13:50:40.841,14318431803
7304b81a054001c4fadc55d80153db0d,2022-11-11 18:13:37.914,14318431803
5e425fef570dcbb63cc49e0c33e677ab,2022-11-11 05:23:57.280,18725479090
ae147d6144ba1e0489aa8f6f88b92d9e,2022-11-11 13:19:55.168,18529088791
0ad56343c1e53d94945f26934af5dbf5,2022-11-11 09:03:03.275,18529088791
de9c4881a18016b51455e4efc73721d7,2022-11-11 17:17:25.302,18725479090
70aa075b3f6aa9a1f11021f45633ddde,2022-11-11 04:12:40.565,14318431803
52094f8361deac4edfd279eab4d9dc0a,2022-11-11 07:07:03.733,18725479090
59b6e289a1270d35c0f6e5b67d1f609c,2022-11-11 16:18:18.910,14318431803
86be9a687f5ebee8e3fb9c2aadf653f0,2022-11-11 16:16:12.596,14318431803
2d4df7b6d6116b0a088d1924c9b4260e,2022-11-11 03:41:12.053,14318431803
93326734f2956a48bec6ad877760898f,2022-11-11 13:36:00.630,14318431803
d2afa3426b860b6f5b96cfd4659518c4,2022-11-11 20:37:25.996,14318431803
91e3a67a1efae3aa7aab8f8c050f4fb9,2022-11-11 14:32:15.547,14318431803
f19a4522574dfbda814d8796536e8eb7,2022-11-11 10:49:55.005,18725479090
1009f60adfddfee2926e6bfd94fe79ca,2022-11-11 13:07:02.096,18529088791
99a2edc6bc7b7134e370f999c33186a8,2022-11-11 14:25:37.535,18725479090
1d57be1a94841e8aeaee4ff282c1ce41,2022-11-11 06:09:47.204,14318431803
a1691e4c48adaa2882476aa9796bad94,2022-11-11 03:11:55.215,14318431803
9eb4a077c73ea900356753ecbf2708fb,2022-11-11 15:40:08.265,14318431803
8f7fb945e7fbc338ff787a021acf4d23,2022-11-11 10:44:39.032,18529088791
67224f760e7e1421494bd366b849cc7a,2022-11-11 08:14:48.891,14318431803
39aaf762cabcf41cadf261a042c4b262,2022-11-11 17:39:20.508,18340470460
2b0f185a0c1065a0220df2197f2d045a,2022-11-11 14:53:38.476,18725479090
6a392da4893873fc2ab6341a8c02f0d8,2022-11-11 03:38:57.370,18725479090
de606f5550693745f54001dc99f60ddf,2022-11-11 06:19:10.023,14318431803
96a2176e54efb30907bc99683d318fe4,2022-11-11 05:45:14.209,14318431803
8bae775df68cc950fcff73b872d81487,2022-11-11 04:57:14.165,18725479090
3f62326b4e220936df7319e8366bd075,2022-11-11 09:42:17.480,14318431803
b2ce65e43cbd92b3e5a72cce3110919c,2022-11-11 16:57:24.189,18796908459
63aebd095d1e3aa4150d048e7f48df85,2022-11-11 11:34:28.984,14318431803
c1d01793e8f3a607cf62f1bb7f71dfee,2022-11-11 18:35:31.976,14318431803
e037169eb7013381a14a7308e53a6e05,2022-11-11 18:02:16.689,18725479090
461fdcc9185bf84bddd512ebe3a18eb1,2022-11-11 03:49:07.663,18725479090
794e127c0da502da0cc92557f2b404d4,2022-11-11 14:14:12.513,14318431803
24316c9770a4979293f09b1a18ec2911,2022-11-11 15:38:21.018,14318431803
45040488e5516bf70b2f91fa7c98a0d1,2022-11-11 06:42:12.973,14318431803
1c85ddaeadbc9586d9025369e52a7571,2022-11-11 10:10:22.354,18725479090
eda601e4f74b922031754fc4af677302,2022-11-11 22:52:35.337,14883589082
97b1de5586349266424d6220d871defa,2022-11-11 11:18:44.086,18725479090
b8ab882a80d598af479cfb81a237332d,2022-11-11 18:45:37.083,18725479090
67f6195a2448bf1042371a32436fb8e8,2022-11-11 06:11:13.386,14318431803
2e8290a82da7308699cb7d946dec086f,2022-11-11 14:10:30.592,18725479090
3b20f9c1f127a130a90217e2dc28127e,2022-11-11 14:31:43.774,18725479090
ce98b277aa89255ffe6e5a1fd6b3cde9,2022-11-11 17:31:34.347,18725479090
b80a7c2eb0862234fd00d94dbb09ab65,2022-11-11 17:13:26.686,14318431803
b8715657bfd60b899c0953ff8388c9fe,2022-11-11 13:01:10.280,18529088791
d8ffc51e9fcfe99d9a600af5a850b588,2022-11-11 15:38:58.122,18725479090
4b1d260415e19160be13bf6b863c9c48,2022-11-11 18:02:32.657,18529088791
b01e3a36d2ea2dc6aebcb91238cc4c25,2022-11-11 18:18:32.110,18796908459
40efefd1678eef16250c1d9bbff060e6,2022-11-11 07:54:01.185,18529088791
33bfae06b9842f598bedb64fd0c010e6,2022-11-11 13:23:42.464,14318431803
39ed92e5c183b62643e8a6b06df250e1,2022-11-11 10:45:22.781,14318431803
023a53e5e90b523508fde8191c62bd54,2022-11-11 09:17:23.714,18796908459
4ef770a856dfae0aa889d4cd8c2bab72,2022-11-11 10:23:36.253,18796908459
5910b15fce9fcf099744264b1bcbd513,2022-11-11 20:23:01.467,18796908459
edb7c77ed45d1264ede26bbfbc9917d2,2022-11-11 20:10:55.675,18796908459
3d3a56d8e9fefb6fa884e132da1f4ed3,2022-11-11 16:00:05.016,14318431803
e4e5bfc043ee2b9dfd460523775a9a39,2022-11-11 03:20:08.560,14318431803
1c9481ba4ed2ed8b43878bcb0a3e3b48,2022-11-11 16:15:02.968,18725479090
e679b2653903636b690bc90054cd886d,2022-11-11 14:52:23.717,14318431803
6bc9f4df6b7a23c9c8286a7bc4270924,2022-11-11 21:13:42.221,18725479090
bcca273dffe3752aa7ee9c724954888b,2022-11-11 12:33:40.701,18529088791
f97fb6df255cd71b97cc2067bc3636dd,2022-11-11 09:42:01.938,18725479090
f1f18ef745c47b1d62174eaf9d822389,2022-11-11 21:46:11.338,18725479090
90641bf72e82697c0decf2d43d79385a,2022-11-11 10:36:38.954,18796908459
f1e1e688ae4140fef28b030750b4cf9a,2022-11-11 17:00:50.691,18725479090
fbd2f3e6b4096a12f030e6c2d9e517af,2022-11-11 06:32:57.215,14318431803
8a9e3f0af3f101cb86b3b6267fc8250d,2022-11-11 06:39:31.897,14318431803
7015efb6e6699e7e7584eee805b5f3d1,2022-11-11 12:38:49.105,14318431803
36f42d6721e7823885f64faddac90ebe,2022-11-11 09:02:07.715,14318431803
ccfd7d46fc3f08198772e17b522ce162,2022-11-11 17:27:43.467,14318431803
b63370df1be84882dfb14315e7e3c393,2022-11-11 23:10:04.010,18725479090
a8a2acc408317390bf8b184e7bb12c4a,2022-11-11 20:29:27.502,14318431803
ab699178b3384465a6e2aec7ca3bddcf,2022-11-11 16:54:06.214,18529088791
7ecdae9113af1071d97b7db7949ef66a,2022-11-11 10:26:43.927,18529088791
a7c5b8ba1828dcb06069eee072df1ee0,2022-11-11 16:36:43.213,14318431803
89c66db5bb48dc5c8ba981811963d868,2022-11-11 04:44:16.605,14318431803
f59a6183f3b4d6cf630c880f729d7424,2022-11-11 03:26:28.303,18796908459
32398fce7b1cb35344ecf74b8da6d4a9,2022-11-11 03:47:36.720,18725479090
dc2df6ba7b949e964f74b6bdc6b0874a,2022-11-11 17:13:02.464,18725479090
f4ae78767f8bedfa147d6a6d1ecbc416,2022-11-11 19:20:21.629,18796908459
e8fbaa555b0d8225141721399cb556d1,2022-11-11 06:56:12.232,18725479090
6e50df163cd69c862c760f47191aee8e,2022-11-11 11:03:20.362,14318431803
7a6ce86dffd0be9c93388a6cf59b7909,2022-11-11 11:27:23.265,18725479090
5f7493ab780f3099e2affed54ddc52a9,2022-11-11 15:22:06.333,18725479090
bcc464d9ad9eb29b99f2fbabc6372cc6,2022-11-11 11:55:49.345,18796908459
16b91da5922b3bbffd30854aba2b7ede,2022-11-11 21:18:19.812,18796908459
7b2b5efac7fe1a3063287ec2de433a4c,2022-11-11 08:31:10.671,14318431803
89f4dd9b2523b811748db3f3be7387ab,2022-11-11 16:39:59.029,18725479090
6f03f3029f862db516945d0d270b4b8a,2022-11-11 02:10:23.771,18725479090
36da31127859e995ecede4c870ba7d85,2022-11-11 14:00:38.228,14318431803
66d914847c9d33152b300d96c57255ef,2022-11-11 16:11:16.646,14318431803
f4dda165d240a4792e3cc5333f2fba9d,2022-11-11 09:19:50.735,18725479090
d7829cd4d4d3f96a026c5dea4bb0fe2e,2022-11-11 16:53:08.952,18340470460
03d2b715346f50680e58a651acfc0f30,2022-11-11 11:17:00.516,14318431803
b4ce689a6c051aebad97926c393ec1f2,2022-11-11 07:06:17.602,18725479090
c613dd649cab391ac6f4bf7cd78bfcfe,2022-11-11 14:51:17.975,18725479090
81b0e12f9a72d019f1b968c2a80b9914,2022-11-11 22:04:41.419,18725479090
00dcc56461b7995bb528d98e4b5b44fc,2022-11-11 02:12:39.232,18725479090
fa9cfd1ffd0996a78fc8969a99741fc4,2022-11-11 17:35:04.155,14318431803
ab0238684444b6a9236a0db98fbb5734,2022-11-11 14:13:12.650,18725479090
56dcbaec9a9723f1761853ea7fb8ae27,2022-11-11 17:36:30.778,14318431803
8eea5a7c96241d73953de14e7230f136,2022-11-11 10:47:41.370,14318431803
c99df5b5cfb28077d15ebb6476ff27d3,2022-11-11 17:44:58.741,18725479090
3c00a80db191a4f450db397d54e6c452,2022-11-11 12:35:14.250,14318431803
8e48f0ddf396b8d757c45f629ab7bf9a,2022-11-11 14:09:28.327,18796908459
cbec1311172f1be507302d8654e0f913,2022-11-11 12:35:53.683,14318431803
dc03ae88fbd0dd42867ff2ef127612d0,2022-11-11 09:27:13.106,18725479090
6be293f2a0a39e39ac4af6ea9e1c6702,2022-11-11 14:00:55.640,18529088791
2e4c59fa2c333add279a3cd27fbb59bc,2022-11-11 03:27:55.508,18725479090
1b9aaa38ed6066b4c87d6be0226f0c47,2022-11-11 07:19:06.890,17480926698
75a3c9927d22043c5bd3de319a5ed064,2022-11-11 03:06:39.674,18340470460
3fa0901acf05b5ca2c8d2759c2948daf,2022-11-11 16:32:43.293,18725479090
1ecbefa86de184a02d727de998e94cb4,2022-11-11 10:00:52.289,18529088791
40f4665cb5a143d5925a3aab0323b432,2022-11-11 13:25:28.369,14318431803
e11636e274a1ddc96ffae5a0d0b34c43,2022-11-11 12:13:17.614,18529088791
b7c7696e015100ea2aa94c86bbd8b5bc,2022-11-11 08:58:42.634,14318431803
3380e74086e4814c04713c21a8f6632b,2022-11-11 14:20:27.202,18529088791
8d10f5fdf076587b52320b91b0293189,2022-11-11 16:05:24.344,18725479090
b7fbb6647c341b707214bfb26b93c258,2022-11-11 03:14:33.694,14318431803
7038e30171ad8621473000b2948f02ec,2022-11-11 17:15:09.028,14318431803
4e600c3758bb46b1ceb9e816fc940b0f,2022-11-11 20:29:46.851,18725479090
adb2e82eec1da577b741e1923eff5e22,2022-11-11 15:41:09.631,18725479090
0c323cff06bbabf7d8b3c5ea35f37dee,2022-11-11 13:57:27.823,18725479090
8b2ad7dcfd185017376444e2aec397ab,2022-11-11 18:43:03.013,18725479090
074ed2786eb74908b4af9205b989b3be,2022-11-11 05:07:50.143,18529088791
37fdfe7a17333a1326066fa663f7065b,2022-11-11 17:07:09.538,14318431803
fbf042e22e2d71198527ed19f7e48641,2022-11-11 18:38:29.352,18725479090
6b795a79880fa96e116088b7911e16fa,2022-11-11 13:47:15.469,14318431803
f9ea90530c1a5f7e9613e6fad16a6453,2022-11-11 20:29:59.179,14318431803
428a94cddc1879e8fbaeaac1e7b14f78,2022-11-11 06:14:25.028,18725479090
4dfd8c3d2d5e2b64ba95b47df9e461ae,2022-11-11 08:47:36.489,18796908459
7ace82944f39c5bfeecf3cd819be008e,2022-11-11 00:56:31.923,18725479090
763f46510c86f2bc45a7aafe23de8de7,2022-11-11 07:42:17.807,18725479090
604537b5ae02656f54798a589ca0c9a5,2022-11-11 16:38:01.579,14318431803
4af882158855ba4b143f924b6f553ae5,2022-11-11 20:35:50.666,18796908459
822a92454ec8466da64f7054a0a80382,2022-11-11 17:04:47.499,14318431803
1986adc93803393fe006d5fa4025a2db,2022-11-03 14:15:10.998,18725479090
842ce9066d1174d75d30f42873667759,2022-11-03 21:37:01.781,14318431803
d57678ede25a7f31870702519f3ff687,2022-11-03 16:22:29.770,14318431803
973eb5775d819d1d6eaddf1baa49b368,2022-11-03 17:05:56.335,14318431803
a75f4ebfa1231cc3e281c6d29488d17e,2022-11-03 17:28:22.602,18725479090
fb785ea88ea77e7d17273be36317215b,2022-11-03 17:55:08.567,14318431803
c07337c17126f1e0099b853c72c5e67d,2022-11-03 16:27:47.633,18796908459
b66feded9b27e129f0bc093f9e741ebf,2022-11-03 14:56:09.743,14318431803
0569cd5734e9b171be68747a271c0aff,2022-11-03 22:45:51.530,14318431803
b94088778c3eee22d34d0fa7ecd65e4e,2022-11-03 23:40:57.767,18725479090
f1309205d8ab749e5011cddae0b4e62a,2022-11-03 16:49:09.268,18529088791
0da8dfc5967d92a3bf02dd30d940123e,2022-11-03 16:56:05.266,18529088791
79120b188badb47ae9bd474b2a857662,2022-11-03 18:44:45.717,14883589082
042aeb1fca2022f6197cc89698d32f11,2022-11-03 17:49:42.569,18725479090
3164e4be906bf57afcc9b1a3d46ff359,2022-11-03 17:08:41.064,18725479090
3260a5f09412b00044838a1a18bdbfa6,2022-11-03 14:31:14.790,14318431803
f7605b8a73402adc0c2f2e3779b9cbbe,2022-11-03 20:49:44.524,14318431803
09886d7ddb608ff9ea27f660df44e9d6,2022-11-03 14:22:47.570,18725479090
8e8d3f64c51fdd64de0da970ee93c9c9,2022-11-03 17:33:41.927,14318431803
490505e89218d0136dfb8ac9a5b042a9,2022-11-03 22:01:42.878,18725479090
df6226c0653329a01fd2499a8a58c61a,2022-11-03 13:57:04.974,18529088791
0f501ae721bed0e87b2c5fba94b08f3f,2022-11-03 18:44:18.567,18529088791
cee8ce4e252d9bbf93c4afb433b92bd2,2022-11-03 20:52:40.895,14318431803
c5d0256db087d531f4694146d544b3eb,2022-11-03 17:35:56.491,14318431803
e4353bfd3627cf6b4107ec6f8e560857,2022-11-03 16:24:54.339,14318431803
f5a1f9727b301ba3f1aa7a9d26c8b7ec,2022-11-03 19:07:06.106,14318431803
4c55ec8c8a95378e9c02d247809e237f,2022-11-03 17:03:56.066,14318431803
fa510e61d7abd9b621f7cc272e76b07d,2022-11-03 19:00:52.414,14318431803
f86021deb1243b345220820cd4cfbd7c,2022-11-03 15:02:06.755,14318431803
0a63860eb94dca4f92b29fd9e2011922,2022-11-03 14:36:42.851,14318431803
2abee978dcd67066a58d9bc8a70f0e12,2022-11-03 14:53:40.962,18529088791
b4cddf0189fbb16380c68fb2836458e8,2022-11-03 15:44:36.116,18725479090
ef479a34b21d6c71c5a61f7d3446dc8f,2022-11-03 17:38:10.162,14318431803
ae22ec656505af50770f30348c51f616,2022-11-03 18:00:09.650,18529088791
5156b18e214da1d4925af92af6cf2f64,2022-11-03 18:20:54.868,14318431803
078059080f74d464367997d01cf87b88,2022-11-03 21:12:22.737,18529088791
03553a71c4dcf24d2d6fd4394279acde,2022-11-03 20:50:37.299,15010179776
f5045806ba0e0747aef9f8106650e93b,2022-11-03 17:54:09.042,14318431803
1eb709d957d92a789a8c6be1aa0db3e1,2022-11-03 16:10:22.534,14318431803
9cac97ba89d5e959977e0d16ac7f9710,2022-11-03 17:09:10.886,18725479090
82e6fd7db14df3d494dfc44d89bdc342,2022-11-03 20:25:16.990,14318431803
2ecbb21ce890ae29f58115464f50c736,2022-11-03 15:02:54.460,18725479090
c3c5a4a24c07575ce322c3aa974c2d9f,2022-11-03 18:37:33.907,14318431803
8be2674537026505b776fba9548dff2a,2022-11-03 15:08:55.001,18725479090
bc9d1d4dc1fb697e7f94970513a8724a,2022-11-03 22:47:10.421,14318431803
4cf0ce6fac98207054cc4c21fb35a2e5,2022-11-03 17:54:35.328,18796908459
70478157929da4db78ff700fd48792ce,2022-11-03 18:29:48.384,18725479090
74c3360b58555b75a282c61387d146aa,2022-11-03 17:42:52.691,18796908459
61a38292857aa1663c05e3fdab448aaf,2022-11-03 14:38:34.000,18529088791
d53d8b4f35d1f3ffcf8158214c32f724,2022-11-03 20:54:48.813,14318431803
c1329f97182a35fba0d21365dd0acca1,2022-11-03 21:15:21.923,14318431803
217e701cfb43e1f2c0ba928510c662e4,2022-11-03 15:19:05.643,18725479090
5f4aff7018cac7fb3b64f27877107ff8,2022-11-03 18:24:33.114,14318431803
33e8cac35ca11b0a90652e2c35ed6cdf,2022-11-03 19:47:52.143,18725479090
1241c9e53126933ff0a1b5ed2703eac8,2022-11-03 20:00:43.836,18796908459
1faf2ae197bdc00052db4ab219a66022,2022-11-03 19:00:56.042,18796908459
eac10ef8c1d3e6e307bdbe49919ab10c,2022-11-03 19:56:31.112,15692110275
63bb89763578ca2e176c34ef251c115a,2022-11-03 17:27:43.363,18796908459
682bee43362087178ee8f9a7572fd33d,2022-11-03 18:59:23.833,18725479090
1c7f14b7382bb739b39baa07b5c3b0a8,2022-11-03 20:16:34.045,18725479090
62e171a84a370bd9e9b0dc9592937a03,2022-11-03 16:02:48.727,14318431803
c16ee1b2141fb3fa765837eacadd5cf5,2022-11-03 22:06:40.700,18725479090
bcb65e25cdefb4598cf7023f5498aec2,2022-11-22 16:25:51.755,18529088791
39f9fe2df2da987438c137c0004aa12e,2022-11-22 17:15:13.250,14318431803
3e8967d61366fdb9654d5a24a9c2b392,2022-11-22 08:20:04.079,14318431803
eab541e297fdbe8db4fb3ace06d582c8,2022-11-22 07:29:44.277,14318431803
e52494d832ab1931a89780fa49198d70,2022-11-22 03:58:36.572,14318431803
c52dd5c155231c8b95d7d809ae735f06,2022-11-22 14:12:03.696,14318431803
27c500dc61b59e73549c13ff0206cd68,2022-11-22 09:17:23.222,18796908459
72691e5408376e97d3c2f1a668676b8a,2022-11-22 18:31:34.321,14318431803
33e52f3b96f39af6828330545421d7cf,2022-11-22 18:20:10.816,14318431803
30df6c643979577dba630e4c1ad3954c,2022-11-22 05:42:27.880,18529088791
a917cce958c3d37611a1c792e59b3497,2022-11-22 08:42:04.361,18340470460
7be76d3548148a7b3bda363d6babbd63,2022-11-22 16:36:11.410,14318431803
0b75cab92b7afe8104d8d0b6924085a0,2022-11-22 06:12:12.388,14318431803
a5baf70f6372a2279f9431dd2ee542c8,2022-11-22 09:04:53.466,14318431803
d00f4be8b76fbf68c6ce627f7865089b,2022-11-22 11:30:44.032,14318431803
b448a5921b85d2bf2c9fac8d0631b805,2022-11-22 03:29:21.010,14318431803
0534f8bdba015bbd049f729040ecf334,2022-11-22 07:50:43.116,14318431803
ab1d02b83147925ad7eee7bf3082f394,2022-11-22 12:38:25.162,18529088791
3f64c99f3004072e16b42dd548b65c12,2022-11-22 08:33:31.814,14318431803
c33db80ad52a8feb8c030f17dc17f4f9,2022-11-22 01:42:56.105,18340470460
f31353b6b1097114a9b45201babef410,2022-11-22 05:18:02.821,14318431803
f5ff85700e6a34d8be266fae9b1d891d,2022-11-22 07:16:23.242,18529088791
a1161724093c45d96f8b4468658ce66f,2022-11-22 16:58:50.944,14318431803
2ac5e70d21511805285527183ba0c30a,2022-11-22 05:48:24.035,14318431803
8e22bfbae8788aa821fceaa943572f6b,2022-11-22 04:21:41.962,14318431803
21a27777abc10e9a10ed35a86c2f3e18,2022-11-22 09:49:56.961,18529088791
52c35dee24f51bed50d401397f6d23af,2022-11-22 13:21:12.485,18725479090
66a0a93ec323eacff3eb7585ff84d17c,2022-11-22 15:50:45.998,14318431803
e7b29fbdc9c083c8ea0e274f5556dc4a,2022-11-22 03:00:47.609,18725479090
d7b52f9617535f4e5e306389bf456b4e,2022-11-22 04:30:14.839,14318431803
b381f271616c17ef35c051b9fefcd55f,2022-11-22 05:29:03.812,14318431803
80df0eeb8ee1d4e388b2d9c45ce6b5c2,2022-11-22 06:17:20.718,14318431803
bf1133c0b12f0edb664119713cb7b94e,2022-11-22 16:47:35.168,14318431803
94fab13c14100cd2371a25eae28b0630,2022-11-22 11:56:17.615,14318431803
a1032f91537027f5302fbc828ef3682f,2022-11-22 05:18:34.692,18529088791
6d0dce4f868a3d00ccb8274cd96d3dc4,2022-11-22 09:49:00.677,14318431803
1ac99e2faed336b04e1f685d7d7738ae,2022-11-22 19:50:52.405,14318431803
ee97274dac49639c4489b8d809f52a45,2022-11-22 16:29:46.625,18725479090
f21c50fc3654bd2c0f058398ba1d4659,2022-11-22 03:24:12.774,14318431803
91a5c0c5f64b02594946a756524625b2,2022-11-22 05:45:16.731,14318431803
feee3d9aadd2129f53932ea59849b407,2022-11-22 09:20:14.206,18725479090
bdf3aa2491e95b56343dc3456bb5aa47,2022-11-22 04:16:54.749,14318431803
c6d16c804073565b5fcb75fa76b06c6c,2022-11-22 17:33:06.110,18725479090
12662323f160f021c8020f5276dec889,2022-11-22 19:32:13.451,14318431803
9b5a2d1dcf967207dbea99c61197c8d1,2022-11-22 05:52:47.780,14318431803
36195f6b2290306075fc8515cb79380b,2022-11-22 14:50:48.745,18725479090
a9737aace8c6ed09eb9b35e1c4599fc3,2022-11-22 16:08:31.068,18529088791
064f664307df43b46130156a72b1842f,2022-11-22 08:56:39.721,14318431803
401ccaca802ccfb434eaca7efc3e6c31,2022-11-22 07:48:28.122,18725479090
525e86ac8f0a8151834833ff344a1183,2022-11-22 19:43:48.305,18796908459
6f696dccd66d6b6054b8d25bc6a7fa13,2022-11-22 10:12:23.521,18529088791
0c3b7f5f83a66ed94b9f8cdee92c8717,2022-11-22 18:35:09.641,18725479090
d24694c3ec22731e48065dd0c9054c91,2022-11-22 16:46:50.191,14318431803
461543c5da4873be7f5948c7382b06f2,2022-11-22 08:06:53.804,14318431803
8b265907514279ee72e335e44d81dc1b,2022-11-22 19:09:57.024,14318431803
561d7e8a5d5f30253c1336c732ef2b7a,2022-11-22 12:12:16.160,18529088791
043aab1300999327384d1375ec8db833,2022-11-22 06:52:30.846,14318431803
b2476e5ef20c66c11196fe903d4cfa8b,2022-11-22 03:39:48.191,18340470460
1056d9ff3b64525bdcc7f3f5c621fbbe,2022-11-22 10:25:28.435,14318431803
c804b67bdb29c3ee25243877ac5683ea,2022-11-22 15:17:58.364,18529088791
11c00b8096ffaa52db35ae875454e307,2022-11-22 04:29:56.300,18725479090
e6da12d2b4faa831785384cdc6722b61,2022-11-22 00:15:18.725,14318431803
e4e81a65cb2234efb4eb48f99fa4d643,2022-11-22 21:29:53.751,14318431803
fc7d7c46155fbe418e0f399286ad9507,2022-11-22 04:38:38.519,18725479090
cbae3b61855aaff49b9c5363ca4b17a6,2022-11-22 18:21:13.356,14318431803
1458ded1d986bb40daa8fcfbfb909cb2,2022-11-22 01:46:48.626,18529088791
47b67aea51ffd157a232842fa2b8d46b,2022-11-22 16:19:32.029,14318431803
7384f766585963d5ca08e60799543018,2022-11-22 05:23:46.263,18725479090
e810b237955c60b600cfe3582e22870f,2022-11-22 11:06:43.834,14318431803
85d083878cc2b73053fcfee44279fff5,2022-11-22 19:24:39.707,14318431803
c8a5f213fed594b0f2d92b35cbc884e0,2022-11-22 11:29:32.975,18725479090
72d411f3dbf5bb19a3ebb764901dd057,2022-11-22 16:20:45.928,14318431803
4a912f7a1a1c699d4ad9db908d1e4b9a,2022-11-22 10:44:14.569,14318431803
d7f9b4754a3f98e3aee59538b7b7610c,2022-11-22 13:12:35.459,18725479090
ed8bcc01c3bcf4b4c8c4c6c2be7c43ac,2022-11-22 19:51:22.299,18529088791
622e6002564845ecd2b74a76c152644d,2022-11-22 18:25:46.184,14318431803
770de8c05f350269ce836c72def5c81b,2022-11-22 04:01:58.952,14318431803
d7b655a96a00ca7d7966273b643fcb70,2022-11-22 16:54:13.369,14318431803
192b9b822bcf6688e498d368d3c53fd7,2022-11-22 00:59:28.641,14318431803
8859109bce83340d0a755ee69c2d8710,2022-11-22 17:53:35.779,18725479090
8c3367df3c097e73d0bd86b7b9dd3a36,2022-11-22 16:31:29.853,14318431803
927f98db78c7f38a0609daaecf207627,2022-11-22 11:26:48.479,18340470460
2ad727cc8b2b689ac8739dd5e594d4ca,2022-11-22 12:44:11.672,18529088791
9a056b6accb1d357a542bb2e013d96bf,2022-11-22 19:39:52.799,18796908459
08c16bab1bb3f4267d902154a95895ef,2022-11-22 09:54:18.317,18725479090
c2f007e8b9ff6f0d3a5f71640fe066e6,2022-11-22 14:18:58.236,14318431803
baa9bf8167b7ab342b018b0693e7fa04,2022-11-22 17:55:25.121,18725479090
f6a3cb54395034c89f0675b12c7ef0fd,2022-11-22 02:42:44.041,14318431803
f315ae735bb1c73a73916b8268e091af,2022-11-22 07:24:40.561,14318431803
3d2a245f94efea129332a2658beaf93f,2022-11-22 12:44:46.076,18725479090
fc79f4432d1ec43199a7d90e499a4d89,2022-11-22 17:11:18.626,14318431803
86ea19ca6d6c41da7d90d142bab260f5,2022-11-22 17:31:22.402,14881642792
8827198741163edf800880dea866abf5,2022-11-22 18:46:21.277,14318431803
04c605b95c2e7d9e96fe620451d0b0c9,2022-11-22 18:59:52.365,14318431803
1ba20e0fe98da986b344564987886a41,2022-11-22 05:11:03.651,14318431803
f65033af546471e7ae6d2209e25c85b2,2022-11-22 17:16:57.494,14318431803
f5e6f45c52c333792aced300e7ced441,2022-11-22 16:12:41.623,18725479090
7be45f02065b43d1ccb5314a896090cd,2022-11-22 14:10:18.691,18725479090
66260eaabcc09a559fc3d49476b84567,2022-11-22 11:11:17.150,18725479090
f82fb300f1b0f7aea1dd5d008f025923,2022-11-22 20:46:59.741,14318431803
20a39616778ee64fab7d71e11b1e0737,2022-11-22 19:29:09.506,18725479090
e9b7732e61ecc074ebbf63a8fddf1431,2022-11-22 14:39:52.183,18529088791
f932082a79e13780f8504f4ccc2d4f2b,2022-11-22 16:49:24.781,14318431803
7a26dbb1ffdd3821d26b0b7a2a287a53,2022-11-22 03:14:58.609,18725479090
ddfd61d262714f403591a40b579b0bb0,2022-11-22 13:07:54.445,18529088791
b719ef98e8c45bff1ce5bd39d02470ab,2022-11-22 08:47:14.549,14318431803
4d3d61ffa7b31deee69609d84b9d538b,2022-11-22 14:48:53.895,18529088791
d7e2d2bff7e8ae717255a30ed6456c19,2022-11-22 05:08:03.292,14318431803
82e3cab16ff41aaa6007c69a5675ce59,2022-11-22 06:28:10.133,14318431803
d09f035fc88bca8b85ba9b7989f58588,2022-11-22 06:02:02.648,18725479090
781b8f2988d8611164c78fb914ee7cfa,2022-11-22 17:11:04.876,18725479090
afd1556af57e7fbcdc0183c77b02bb35,2022-11-22 08:07:37.228,14318431803
ba843d92a88e2b7f0c24052cb994559a,2022-11-22 18:34:50.886,14318431803
27a98957a1535df33bdcd637545bc4e8,2022-11-22 16:03:28.575,14318431803
61f6e8f0151029626b305709f751a8a8,2022-11-22 09:03:06.100,18725479090
d79e4257b2c6efd2061d91462cf19304,2022-11-22 16:10:01.489,18340470460
7bec9cee9a20dc7d7269828d907ff5e8,2022-11-22 03:41:04.120,18529088791
1ad30aea7601d395ff03fc689ad98aa7,2022-11-22 05:37:00.635,14318431803
f0a95b0b519e152bc266f8288501f99a,2022-11-22 08:20:18.516,18796908459
27b75633c2d8767591fa21b885920a82,2022-11-22 10:00:58.764,18725479090
66d8e080efdd52635c4bdbd3cc8ac6d7,2022-11-22 09:31:58.646,14318431803
6645fcf771e90cbe352d45f16fd477b4,2022-11-22 16:05:37.447,14318431803
66bfb8f39a4c9e3f277bcb24726214e7,2022-11-22 11:29:55.929,18725479090
1b9116c3a5151020e632c9828eb6f30b,2022-11-22 02:03:26.144,18725479090
11ecc2409aead525c1d0a65cd6b1dc56,2022-11-22 04:23:37.425,14318431803
1f6237313de34d1cc194ee984c8572b1,2022-11-22 13:43:59.145,18725479090
e9023606895a8b14f730786ea43e2a2c,2022-11-22 17:50:22.052,14318431803
04b87417a8a017f8f5616103f5c34d83,2022-11-22 07:07:20.127,18725479090
d28ab035fb8cd23f2d4aaf53886e5bed,2022-11-22 15:37:23.658,14318431803
6f7bb34f0729223f078f03cbd270fc55,2022-11-22 06:08:52.553,18725479090
158bd80d98647da7f491e720e805259e,2022-11-22 08:54:48.379,14318431803
e7968be66f3ad931b5f51820769331dc,2022-11-22 20:54:32.132,18725479090
c2f359b931fd60dbf857a8245d2bfbc7,2022-11-22 20:09:29.863,18796908459
cd10f5b6e13cb51b159b8e6bc37d3362,2022-11-22 10:31:23.808,18529088791
f8938778042dc6c681ac4824458309ac,2022-11-22 11:31:36.652,18529088791
53f96072b1097c71f9cbd0dbed12d12b,2022-11-22 13:40:22.205,18725479090
7c400150005a25cc4a3f3934f9751498,2022-11-22 14:15:50.731,18725479090
4b2ee1015902ac4cb01e558ae1e21c96,2022-11-22 09:56:43.758,14318431803
a57cade78829fcf6ae4808c670387e07,2022-11-22 04:55:56.158,14318431803
f854cd096489c52a65edb61c2087bd91,2022-11-22 02:49:41.343,14318431803
4847d5887cdfb82ce26305b8983bc148,2022-11-22 07:41:58.718,18796908459
648b8754954f332dadc43d7eae5b0c4e,2022-11-22 19:22:32.851,18529088791
4582d8dcedbdc916fbc4397eb9551490,2022-11-22 16:50:18.272,14318431803
67f8581b9fe13c880bc6356e4cf3b6db,2022-11-22 09:08:22.977,18340470460
a5a24abcd687c0468d97fd03d03f6342,2022-11-22 12:22:27.533,18725479090
0c83f7b5ef9c6f805cdfd77d3d291f8b,2022-11-22 17:16:57.597,18725479090
dc6c5cc22fb0f3ef4caae6552d6ee763,2022-11-22 09:10:44.734,14318431803
232b328cc7babf17778111548b598e1e,2022-11-22 09:34:12.583,14318431803
96e084ed45f615ffd0d688479e928b0d,2022-11-22 08:08:41.412,14318431803
94fee4479f90bfc6c7ce00fccf2d794b,2022-11-22 04:06:23.062,18529088791
c6010c8cd4ce2824e79f97fdc82fcb5f,2022-11-22 18:36:01.630,18340470460
679532dbc2b1545c50b79c17b1a0009c,2022-11-22 13:29:44.760,18725479090
7de08167db118f61178443fabb155047,2022-11-22 18:56:18.683,18340470460
1d223e6df804ecdb6b76b347fbe46b82,2022-11-22 18:39:23.246,18796908459
19151a0e9fe7f9d1816921c04b17235d,2022-11-22 17:41:56.279,14318431803
298a4548c5a4d08700a01afd3e2b9644,2022-11-22 07:02:52.539,18796908459
c6d9be24d730c7e8023246e03950cf4e,2022-11-22 18:53:50.766,18725479090
de11a70a95826cee3b40356e7d6cfbd1,2022-11-22 06:33:20.024,18725479090
06d4c07da5d12ff6edf2c39843e04e8f,2022-11-22 09:12:28.505,18725479090
7a8262c19bdcd54e4d95b85cec0ee168,2022-11-22 03:01:26.796,18725479090
51a4ba8a23b403b31d47958e4c00716d,2022-11-22 19:01:52.355,14318431803
86565df3ed1be91e7b6ad42daa1530d9,2022-11-22 09:49:32.479,18796908459
d5db578ba8b90231e3c1fd080f250732,2022-11-22 07:14:20.783,14318431803
7307a656e0910b71f95540dc19d2626f,2022-11-22 19:18:26.401,14318431803
48b9b740b195b2cd592e1095a1eaa546,2022-11-22 04:50:02.209,18725479090
d4c8c1d3bb78277f6452462ea9ee0f87,2022-11-22 16:52:45.016,18725479090
6505aca6d69adf31d34796a2cdb97e99,2022-11-22 16:45:48.243,14318431803
7b148f60a20d1a4661916de763417d66,2022-11-22 02:01:24.862,14318431803
79b68a109d8f81a82bbc86a1b960664e,2022-11-22 10:10:05.707,18529088791
917fb2eb27a6a2ca9292edc6d06b5afa,2022-11-22 07:45:32.734,18725479090
0abed6cb76f3998400ea02a71f4f09a8,2022-11-22 05:30:46.890,14318431803
e6a5a28fbbdedd7c037c9ca20516d030,2022-11-22 07:58:44.244,14318431803
e089ee8d12dd8145e8ccc71534a8f7a5,2022-11-22 00:15:21.125,14318431803
666d778bf63ee69fb83e80242b590393,2022-11-22 07:33:32.501,14318431803
6cd25718362578016896b9e663813361,2022-11-22 14:14:48.119,18725479090
a72161ecebe58b9aad832e58e56b1048,2022-11-22 18:04:06.828,14318431803
4824083bae15fc48554fa74e535f76af,2022-11-22 09:42:17.129,18529088791
a60414d1462c8564a8d93b75ccfd8774,2022-11-22 10:53:47.415,14318431803
26a33e033b14d540b3eca9b944fde69f,2022-11-22 10:17:04.869,18529088791
79c5a541ff36846b7de636ee860c10bb,2022-11-22 10:06:41.745,14318431803
d49a0c66d9736d0ae0e1ad4c001f165e,2022-11-22 09:22:50.705,14318431803
49f0659598aae8cf4ebbfdb2be94bdef,2022-11-22 05:47:21.651,18725479090
dd9026c2b37b8d3fe580bddef463d840,2022-11-22 11:14:51.739,18725479090
686cb6ae3a721de5e999795afb7f44ee,2022-11-22 17:04:18.442,14318431803
96ae16236a3061285da9cc0eff0ed605,2022-11-22 05:19:15.105,14318431803
e3371715c55fa8999ed79bba23c13b27,2022-11-22 17:48:32.458,18725479090
e273c56912b5cfaef836d28d06620c55,2022-11-22 05:58:36.282,18340470460
347739efa5f593733f9f31cba0d8098a,2022-11-19 17:37:33.250,18725479090
a495725a8b297a88ff0391cff5c9c44a,2022-11-19 09:59:14.109,18529088791
21e9352fb5807b5bb0acf5085ce1916b,2022-11-19 17:52:55.710,14318431803
81008d5e46a2af6f2ae3764e31e6b407,2022-11-19 04:37:18.078,14318431803
81743cc117ebe64119a46a503436bd67,2022-11-19 06:24:28.961,18340470460
614a7800eee901a2011569449b580a3c,2022-11-19 12:45:03.491,18529088791
a7e6639eb44e2622a3b849261a7e8fe8,2022-11-19 17:09:42.236,18529088791
f8cf5c98fa404a52481877f6beef836f,2022-11-19 07:44:12.207,14318431803
7e883c4799083ede8b1ac247363b2de4,2022-11-19 09:19:00.275,14318431803
1087c136bffdb5ccbbd212eeeac937f3,2022-11-19 16:32:03.978,14883589082
161ad73917e379c98411ebe93de044cd,2022-11-19 12:04:47.458,18340470460
30dbb380b353652693faad992d627013,2022-11-19 07:38:03.818,14318431803
b5f027bc5bf91e98953cd740d7772ade,2022-11-19 21:34:22.239,18796908459
e8846af2723b57f69666bd76a06608d1,2022-11-19 04:46:19.732,18725479090
ce86769ce46d1fd0e3a2892224c8f8e9,2022-11-19 08:29:09.230,18529088791
e7538405922025b7b036781ca8b8eaa3,2022-11-19 10:37:05.014,18725479090
12c8428261391ed855e32de3ad50b111,2022-11-19 13:56:36.543,14318431803
10d672183bf893a6a08a807d1230a2da,2022-11-19 21:01:01.054,14318431803
e114b3a97da5579f6d49d7d701cd0028,2022-11-19 18:03:34.844,14318431803
fee1c17428b7ffd48c066b099d0e17c1,2022-11-19 12:37:18.287,18340470460
6107ca187056cae2c5f3ddbe8f284269,2022-11-19 05:14:45.650,18529088791
9cc4a4690ca19ef96eabbeb50f181c36,2022-11-19 19:21:35.402,18529088791
a8e129f6e3f20110fdc5837039fc33c2,2022-11-19 12:10:19.245,14318431803
9ea8f195817ab9ad42a31cf4f53aff71,2022-11-19 18:10:09.163,14318431803
c55be213d01e7b562302b2d82c70ec9d,2022-11-19 06:12:35.461,14318431803
8166da2e56fb45861974ca8c0320d245,2022-11-19 07:10:45.267,14318431803
e65f723256a18da424b38dc2c0577772,2022-11-19 21:34:01.892,18725479090
57146dba1502418f2af13a03d97fde82,2022-11-19 05:52:30.889,18529088791
d38f800d32ba864cbd43ce383c604cb5,2022-11-19 06:14:14.343,18796908459
819f524cc641eed68f81a277fb4261cd,2022-11-19 07:54:47.852,14318431803
4f22dc94ecd855b4af3799dcb580af56,2022-11-19 12:05:40.330,14318431803
43e030b2199f7a5d33da4e93b88408d9,2022-11-19 08:21:59.252,18529088791
a834ad3e6c1f735c3bcd76ec4cc31f2b,2022-11-19 16:24:59.172,14318431803
c1987abe19f756c28121e533a4cf694e,2022-11-19 05:29:02.212,18725479090
57277b97acf934aaf73a2c386d7bfa5d,2022-11-19 16:44:12.693,14318431803
63effe49c04cf170def04b9175bd8430,2022-11-19 10:22:26.789,15692110281
09a5863905195046ba9c0eea82ccaa67,2022-11-19 20:34:36.340,18529088791
bc422ec957fdd5b4116bed3a593556fa,2022-11-19 18:23:54.237,14318431803
85ab540698ac4dcce5c8c06ee868a416,2022-11-19 04:44:04.549,18725479090
7a132a11b3e343749004178afefcb133,2022-11-19 23:51:43.258,18796908459
ca22991c3c0779dac1e9eba0e967b838,2022-11-19 07:13:31.935,18725479090
14b8cc92e546baea9314a06f7d368b94,2022-11-19 06:00:24.974,14318431803
ae8675f156548199ad854bd22a3e4e52,2022-11-19 05:08:38.328,14318431803
3db67b18089c4d5e184b01ee9eaecd20,2022-11-19 10:39:04.542,14318431803
45482653b0f55a6f5d5d62434d2dd3eb,2022-11-19 16:25:35.000,14318431803
0b8e46a540e6af8458a7e1e6b33ef2d3,2022-11-19 21:06:28.538,18796908459
800bfd24c8e50c17bd7c5f44c3aa778b,2022-11-19 03:01:17.085,18725479090
6deb7f6014aafd9627516fea4d77cca5,2022-11-19 02:37:29.848,18529088791
f6749eb9b1d6911f24c79e3b0477f640,2022-11-19 15:50:38.972,18529088791
7bcaa4a9d2311c218484ae90f9d78fec,2022-11-19 20:33:01.030,14318431803
0b82055b82719b7136f7e10e25710dd9,2022-11-19 11:23:19.152,14318431803
8e4e806d709a9b4255c1a6582f35bc92,2022-11-19 17:40:45.954,18725479090
9d0af42d512a52c59a65c668d440b3d3,2022-11-19 13:07:39.768,14318431803
4911505921813bef5207130c004035dd,2022-11-19 07:10:54.513,14318431803
1618360aab60ca33050b438fa127c8ab,2022-11-19 02:52:12.578,14318431803
449c63009b8e6292da397ac715faf735,2022-11-19 07:15:37.024,14318431803
373299994659612ec764539899608339,2022-11-19 17:40:01.911,14318431803
fdcf1a2f577c29684679b4e13d60c4c3,2022-11-19 10:45:12.887,18529088791
383e37a0f9d47ba6c5fa6589ff020127,2022-11-19 15:49:28.390,14318431803
a2c22c96ea9653f5a61ec4fcb5a97ec0,2022-11-19 16:09:32.245,18725479090
6419edd921982fbdc3031e34e96709d9,2022-11-19 09:51:52.777,14318431803
23d35de9ab49ebe77e999828a9a3ef28,2022-11-19 17:13:16.570,18796908459
94b5656a3028183ea6f6ff75c1d498f0,2022-11-19 06:25:18.004,14318431803
f5d68719d10390e5d375d0be88305960,2022-11-19 08:32:23.402,18725479090
bdb0cf920260f7ed9b851e5ee95a0888,2022-11-19 02:35:34.501,18725479090
92217f573f8a02357b10c2a1da0b6862,2022-11-19 16:41:59.332,14318431803
738b63b2c09536d189367149d60656b1,2022-11-19 17:24:13.130,18796908459
d377103ef935d7f69b91f4d20b275d68,2022-11-19 01:55:24.459,14318431803
532ec79388bb816e5b948423c9591bff,2022-11-19 05:41:47.393,14318431803
9af11e8da0bac0ff26c75f6f8c0e3261,2022-11-19 15:14:58.043,18529088791
78d8bf2ab5aeb123e64ed763270a50dc,2022-11-19 07:28:25.144,14318431803
0bc15f9595f146b8433890c2cd2258c3,2022-11-19 02:50:13.320,18340470460
6764ffc2f4f28f82339d0e0086774cc8,2022-11-19 06:25:55.939,14318431803
aded3ded8fd7874dfbd3a545e7d9ccff,2022-11-19 23:03:35.732,14318431803
86225a36f404f6b89728394103764d9b,2022-11-19 16:09:22.685,18529088791
6c27fa5ebe1a5d6f69595005d71d0983,2022-11-19 11:25:07.860,14318431803
0d0b4554a404268df01a443f482ade2b,2022-11-19 18:37:12.653,14318431803
c3ad61c3e281922cf01447bd12bb1759,2022-11-19 06:29:24.478,14318431803
c99076fe435d01a923dc6cae0acc66ea,2022-11-19 11:49:59.871,14318431803
35d330b3bd3777ee5630aa8dd1781c15,2022-11-19 04:33:26.314,18725479090
c93e51613e66147ade5c1878df0127d3,2022-11-19 20:57:02.247,18796908459
4b9ab87bc05d86f2279d54070a3b559a,2022-11-19 07:47:50.710,18725479090
0feb25e9ef74dba1668bc4d0d21da7de,2022-11-19 19:45:29.232,18796908459
e8e100e13dbe1964f0d0c0e0836f788f,2022-11-19 10:03:34.432,14318431803
916c99936d689ba516f5ff934986314d,2022-11-19 12:18:17.532,18529088791
75095c402ae2fdbc5b5218c5e1dcac12,2022-11-19 05:46:50.362,14318431803
b8b9a342efa730843cb442f035be440c,2022-11-19 09:41:41.301,14318431803
66a4c9cfdc5076bfb16da39d9e596b27,2022-11-19 14:06:22.849,18529088791
39add20094f3c35ebef7fe57e29c168f,2022-11-19 10:47:17.440,18529088791
19ed40b509c928d32ec4053a1bb0075b,2022-11-19 06:43:53.264,14318431803
e4455cf90cbfa25d927e7166e4e5528f,2022-11-19 08:30:49.599,18725479090
c13b6e48ea208ee894710d2c803ca229,2022-11-19 19:13:29.551,14318431803
d7a0740d2d47034043f5cf5daaf82737,2022-11-19 17:18:48.697,14318431803
7d63c31d8c24040e8a1795c6a834dd54,2022-11-19 15:18:27.568,14318431803
1df1a256c8d710595c623dbace55cbdb,2022-11-19 06:20:37.717,14318431803
3b8ee1be1152b96683cf73b9837ec5b6,2022-11-19 09:28:30.394,18725479090
3e0a5a4aa819f58ae5d841d1d51bda2d,2022-11-19 09:03:11.590,18529088791
16ddf6ca912ae5320b7dd013610b460b,2022-11-19 16:09:43.427,14318431803
33a11e9bfda9ee689d0302dd06f52ff7,2022-11-19 05:47:25.028,18529088791
6f30cc746ed110a6daaaf6800fcfb60e,2022-11-19 04:14:46.215,18725479090
b8bdcf18c531efa4f1ec88cb0325fb1a,2022-11-19 17:09:30.168,18796908459
72c156b6e9a89a54085ea7d106c93073,2022-11-19 00:42:58.327,14318431803
b73e9f18740a392063c69f191cfba4f7,2022-11-19 23:24:14.048,14318431803
d7a144abbc7d928801e3f927e07f5b8c,2022-11-19 04:56:22.797,18725479090
877ce5c4fd9b4b24e8d435f7026f02d4,2022-11-19 22:05:50.715,18725479090
e5de9fed2008e5e9f25f7606d785923d,2022-11-19 09:09:42.281,14318431803
ec64823618ea5fc1c6b1dd42b9037846,2022-11-19 10:17:51.629,14318431803
cd46574abe9426a8299c25de1cc2c654,2022-11-19 11:21:24.468,14318431803
7b390a24d44df320eec2c71747496064,2022-11-19 10:50:48.103,14318431803
1f36fa32d5f6cdf32702f0267ed77cf4,2022-11-19 12:09:24.909,18529088791
1381254f87820d88193f17a5f26c09bf,2022-11-19 14:32:43.037,14318431803
c9920dd51d5d2b30cec28f1d8914bade,2022-11-19 06:36:00.992,18725479090
3b9a96643a40a084c51f3d4d12f4cdf6,2022-11-19 13:19:03.537,14318431803
c0dcd5695e807134567e4ef49c3f2bde,2022-11-19 07:50:46.768,18796908459
3ee9eab21cf7f1b5776756717b0fda34,2022-11-19 03:10:53.286,18725479090
4bb2aaa4186622e3fa335438850eef00,2022-11-19 17:03:35.662,18529088791
114ac3eade4c7f2f1e55440e5ba3521a,2022-11-19 17:30:22.613,18725479090
0608bec48859eda7bac040cf2e6e7044,2022-11-19 02:15:29.923,14318431803
7076397585a7126a8319e9b682b2e554,2022-11-19 11:33:04.063,14318431803
e2c129f99149e96ee4e6fce8511265eb,2022-11-19 16:21:37.812,18340470460
d139565cef7c16e58a7f36bba4126809,2022-11-19 10:38:44.332,14318431803
fab73041db562cacaab57159b45b7daa,2022-11-19 00:08:53.705,14318431803
b2700227ea847a9e29e1580d237a46ad,2022-11-19 11:32:45.865,14318431803
dbe4e7f3f7cdc6cb344f66fd8d3e4f10,2022-11-19 11:37:21.968,14318431803
39ec8e4a121bc507af6da013ebf2c2c9,2022-11-19 08:45:38.046,14318431803
a7c33e9a58a2220a951b463534829fc8,2022-11-19 08:45:30.047,18725479090
75c97a055239130adf6e061dd5ca7ed4,2022-11-19 08:28:03.644,14318431803
305707ed454029509d5ac6395070aab6,2022-11-19 15:49:09.078,14318431803
bb2db04dc1326ab4e109618b9b2ec4a6,2022-11-19 16:57:30.600,18796908459
970aba5631c410c51e14343bac3a9928,2022-11-19 07:46:26.553,18529088791
a529d9b33ee917e033487f245874b44b,2022-11-19 04:08:15.114,14318431803
1e8d9c69b92aa0488a338e61f9de2378,2022-11-19 08:42:20.548,14883589082
cb831f1dd0ce5c3bba709ae5517b7b46,2022-11-19 07:37:23.795,14318431803
e98c2e8f9c046bf141b6d5205035667c,2022-11-19 13:01:35.068,14318431803
4a498810ce9baaf64bfaabd73a02b227,2022-11-19 10:47:00.082,14318431803
15a09a50cced548ac4c53b85c64a0427,2022-11-19 11:28:23.772,14318431803
7824a95bbd47061cff236530d278454d,2022-11-19 06:06:43.900,14318431803
4b0d77220078e19e2ee53b776a4a085a,2022-11-19 05:42:41.312,18725479090
cb7647c89a84b6cf168303bbd72c4643,2022-11-19 02:01:43.401,14318431803
c1cad9e43a65cd734e58357b2f61ded6,2022-11-19 17:33:03.344,18725479090
c23058108142c3e8bb32d0982ed870e5,2022-11-19 19:47:13.031,18529088791
5675707047a1567ee4249cf083662940,2022-11-19 06:20:44.561,18725479090
3e7968b236a5e43acc3ce0dc959d98d2,2022-11-19 05:06:11.996,14318431803
6c4f1e4490d327e713fd498a110ab2bf,2022-11-19 04:13:16.738,14318431803
4655aecf9c0be42c066efe00e752a8b2,2022-11-19 07:57:32.725,18725479090
809c7c9f6905db4f363a33463c44bb1e,2022-11-19 21:05:42.578,14318431803
a1482883514c9a2e487a29f52b462974,2022-11-19 09:18:48.003,14318431803
4fb0976a06122e1a74046a5500265ce0,2022-11-19 03:51:57.707,18529088791
07461878e75a744bd06b574fa64852da,2022-11-19 08:37:33.445,18725479090
51e509bbc797623dee27d8a6efd2b271,2022-11-19 12:49:34.553,14318431803
5b3d0ab169b196aed990de43c4bf0406,2022-11-19 01:59:24.353,18529088791
eb3b599c4a8c842fabb0fcab1c8c164e,2022-11-19 13:22:24.135,14318431803
6210edbb93b1605787a149b3a96df32d,2022-11-19 10:36:48.679,18725479090
d284dba4b8437ae3e50b1c7c4887a8ab,2022-11-19 22:52:05.729,18796908459
56096f0bb0a1940bae4e95b742b049f7,2022-11-19 18:40:13.574,18725479090
6f8272f69972f28d796bd30580b34fae,2022-11-19 07:23:02.285,14318431803
7855efddac9f6d7d9c1bbe2a8e93dc53,2022-11-19 09:53:34.494,14318431803
59d70b043b02fa7568c113e86d1c4936,2022-11-19 18:16:19.399,18725479090
daf4dfdd8ec6be195711312dbd5a2d18,2022-11-19 05:26:07.615,14318431803
f2a60b8b6e5f02b0f855dcf7a202e343,2022-11-19 20:59:52.200,14318431803
704305d2456f092d41d111c0ca42707c,2022-11-19 17:03:35.869,18725479090
66c66d8323a67c4a6a424a65706bbe2a,2022-11-19 17:11:32.778,14318431803
6d03b596355e2411aab3b055e34a82ff,2022-11-19 09:46:14.298,18529088791
4de10a23ec5243f31a265bdc230416e8,2022-11-19 18:31:48.159,18796908459
ec9ef388bd10fe266eb7f553f2a1fcee,2022-11-19 07:41:33.512,14318431803
a09c6e076df2d06de97947ddf9c3f0fc,2022-11-19 18:41:52.972,18725479090
17b59bc6ad297b031029c27c577b2fb0,2022-11-19 12:59:07.971,14318431803
09e38a89c21d550b60a10d4ce1f82d39,2022-11-19 09:24:20.328,14318431803
c35212e71f44933a1bcae2c2eeb30294,2022-11-19 07:25:30.739,18725479090
e342e5965cfaa1f5dc89c457b3b9f4b8,2022-11-19 17:14:37.923,14318431803
f20425555b9aa09037130d0b2506be40,2022-11-19 05:29:49.558,14318431803
d35301c1fa905ad87d15f5ffb13f7515,2022-11-19 10:05:46.072,14318431803
bdfc338ec5289e48ff9c91186cb4a4a9,2022-11-19 19:31:28.633,18796908459
f0a6887a570e66775ba81b3edc7f4b0b,2022-11-19 16:10:27.754,18340470460
0a3895e72b4431d5a4400e4c29b6d5c5,2022-11-19 06:58:41.424,18796908459
a403378f6539ba4b3df75f4c5d61d131,2022-11-19 12:23:18.214,14318431803
7f4ebe733e0865e02b83f8c359d25179,2022-11-19 03:49:30.415,14318431803
4faa9d2a224a156f0ab33f086d8eb700,2022-11-19 10:02:30.992,14318431803
47ba472bad22df57b108bc54b9aa052b,2022-11-19 15:33:51.899,18725479090
0693e1c42251a2a5b21fbaa530325e79,2022-11-19 09:10:45.826,14318431803
91ccc74d2aef9b77fc126f31e275eee9,2022-11-19 20:34:43.993,18725479090
591cd6d595555822beaad8773032f281,2022-11-19 10:39:03.259,14318431803
14c590c5434b5a0e501c842b6b2cedc9,2022-11-19 12:44:31.694,14318431803
3b49cd7e23a51426c6511360f704a1f3,2022-11-19 06:42:06.854,14318431803
741d2d1a40b7f4c04741d403c2eedbb2,2022-11-19 04:45:14.926,14318431803
1485b554991ab543655b6a280710c0ff,2022-11-19 06:01:58.753,14318431803
1e44c00b70031011cf2c694959ff1a48,2022-11-19 04:30:53.725,18725479090
e368c394fda0ad776240045465b0d9d4,2022-11-09 06:43:34.744,18725479090
45406a53c440c039c6eeed29b8205e5c,2022-11-09 22:40:18.624,14318431803
ddcdc077a1b0d443116c2d5ad09e80aa,2022-11-09 07:30:04.810,14318431803
3dc12fd0382dcda595c6c5400eff0324,2022-11-09 00:30:13.593,18725479090
e3e4735e7f821e4dba04c4aea25c2fa6,2022-11-09 17:16:20.595,14318431803
72f6095d97c3f177fe17127bbf71ed27,2022-11-09 10:40:27.212,18725479090
27d983af7d5b53954df5698b5e31c2b4,2022-11-09 15:04:41.094,18725479090
3a44c40f7e7ad8d27e1450ae9d1319fc,2022-11-09 10:58:06.416,14318431803
f47f8ad1ba2662db83bfbd9287a72965,2022-11-09 18:16:45.885,18725479090
feab41d8dff0cbacb6004861224ecd53,2022-11-09 05:56:02.820,14318431803
b1a2b90163963d8736f5370a7be52253,2022-11-09 15:51:03.391,18725479090
30edbbbdd54457915686efc6c59a72ec,2022-11-09 05:08:46.709,18796908459
917401401efe187976661c05289bda31,2022-11-09 16:08:56.233,18725479090
afc847c1bed51171d95c83eed682ddde,2022-11-09 21:10:13.009,18725479090
0dcd72043d874ec51bc7c45cd7034bc3,2022-11-09 10:47:47.294,18796908459
e4351fcedffa827d1978f87f950485f0,2022-11-09 21:06:02.225,18725479090
53e642c5def08819b15e53d087f67f8a,2022-11-09 11:49:01.582,14318431803
7ee6b3eaf8dce3472a51d9f56dd684af,2022-11-09 22:17:08.417,18725479090
3f0c1e5fc7a0c14686b3d11b71ca9ba7,2022-11-09 18:19:33.453,18725479090
3c3506c09ebac905d04611b9e415145e,2022-11-09 00:51:00.882,14318431803
c86cb3bd5d454cc79eb853b6086890f3,2022-11-09 04:25:40.856,14318431803
ef64d1953d04dc1285540f47107672a4,2022-11-09 08:38:07.545,18725479090
f1f1c0c4306429fad1d1412cbbc4e036,2022-11-09 13:47:36.563,18529088791
c7381dfc281c90bfe2ac96ca65d2d69d,2022-11-09 15:15:03.290,18725479090
5ebf7b0c2772bc878084e8d9b118f9cc,2022-11-09 05:15:53.551,14318431803
15c19b19b09e1962555b1a2a17caf000,2022-11-09 08:30:30.982,18725479090
0e39c8ecf2024c7985445e61002f5873,2022-11-09 20:21:57.727,14318431803
05910b03393b67e7a8f8d35928c2fb79,2022-11-09 05:11:32.935,14883589082
37876df851dba9a9b472262a14212080,2022-11-09 00:35:53.860,18725479090
e532c45892e7d983eda09b38bf176f11,2022-11-09 23:52:28.466,18725479090
5b544e7cc9258cd2d61f8c0056ff7e89,2022-11-09 07:53:00.096,14318431803
aba33c8a90b2783bd3eee853faf58132,2022-11-09 18:00:25.826,14318431803
eaddcf7a108682dfdea40c0b22dc8528,2022-11-09 10:45:22.510,14318431803
dcb34826ec107b57e67d5679593192c7,2022-11-09 03:13:02.328,14318431803
a53b4e3197cf45030a93a6bdc8f6bcfb,2022-11-09 17:03:24.840,14318431803
99613b1b0aa3453616dcc3a79cbb45e1,2022-11-09 15:26:49.297,18725479090
c2e4efea53679438b7a6b952329885b4,2022-11-09 09:19:21.990,14318431803
6705d4cf2293e5eae048381908e5daf4,2022-11-09 01:43:38.302,18725479090
90110ecd99adbcf2379c48a8cb9a8a1c,2022-11-09 23:00:03.981,14318431803
8dfe326ffd08bfa75a7aa366239bd5e7,2022-11-09 13:58:01.633,18725479090
0de4e4a6223ca578692d655c74facf1f,2022-11-09 16:15:29.986,18725479090
56f2f19cffb4a04280d79f97b8c8567b,2022-11-09 08:16:18.234,14318431803
011b846b973224470d3df8ced37eda6c,2022-11-09 16:08:19.133,18725479090
2a20629724bdd21dbe67cc3e3cd7d19a,2022-11-09 02:09:11.083,14318431803
b177a014771768ef58a76e6195b2739e,2022-11-09 09:30:31.235,14318431803
102ed45b3b8c30d42a523aa041f9da50,2022-11-09 09:15:35.008,14318431803
7f64e4195ea05318b071a1d617723923,2022-11-09 04:42:00.094,14318431803
eaec71047f42a5935d2ff50b4e27f182,2022-11-09 09:10:30.347,14318431803
2a25374dfaab067b186175e5552a2a65,2022-11-09 13:21:04.439,18725479090
9a51e649f53c5ab5befe68fee1e79ae1,2022-11-09 04:53:19.455,18725479090
f56deca67de6cae62f3d85ce652595f6,2022-11-09 05:13:35.952,14318431803
cfe095d2d18891cff6ba45579ce3f747,2022-11-09 08:30:34.898,14318431803
f0c1f2245f88448c760a116fa5e35922,2022-11-09 18:21:15.772,14318431803
fd09b7b46c53b6dfc031e47b73a69c71,2022-11-09 06:13:31.459,14318431803
e6119768d2b5b0f76280d35355bcb63c,2022-11-09 06:46:53.463,18725479090
ff50ab57a79e245fb7c14c03eb2b1088,2022-11-09 15:51:41.396,18725479090
699a570821d7ae57f9c489827b9f159b,2022-11-09 14:34:17.204,18529088791
bd37018f62c6be9ee8316803ae95f932,2022-11-09 14:51:29.288,18725479090
e1d27244f3e12af64912c8b23733b44c,2022-11-09 06:40:30.262,14318431803
e5f1ad0e56c2dfd0bce26b2858ca3a94,2022-11-09 16:32:42.500,18725479090
eaf44e133db42e830bd70fdb77e3ce99,2022-11-09 18:18:56.876,14318431803
8497c4405505f08876b1a81de425945f,2022-11-09 03:00:51.534,18529088791
d204b340727b3fc3e39918402dc51644,2022-11-09 05:56:11.643,14318431803
d9319fa0dc8216660c178dd33ee37f3e,2022-11-09 07:08:17.347,14318431803
f43abb31329e96d6cbcf8574f201ab30,2022-11-09 05:57:20.708,18725479090
301004000362c36e76df6c91bbffb5a5,2022-11-09 17:00:55.726,18725479090
de2ffdce5668e2be324b8111cb74c3e8,2022-11-09 09:02:00.447,14318431803
1232575c20873bb3eb94f277d15cd871,2022-11-09 14:01:23.282,18725479090
0954e015b18b2d4aee4497cd796527f9,2022-11-09 15:55:14.403,15010179776
f05de81113525ea14e76c7db1a01e236,2022-11-09 07:14:02.267,14318431803
a08c97378c9c9d2836639f2485a37bbd,2022-11-09 06:58:42.707,18725479090
ffc12dc604fe8b7adcff69d6913f6667,2022-11-09 17:22:28.615,18725479090
13fa9eca4ffd0acae53dabc855b71e3e,2022-11-09 05:55:36.310,14318431803
69cb7d20ef5bbff75c82a3ea0b0b602d,2022-11-09 17:57:10.814,14318431803
fc2f4c1afd7e86da76ac4451d6e6fc73,2022-11-09 17:40:20.943,14318431803
70f10efd6cca396e5774aba879e73f11,2022-11-09 05:10:57.155,18725479090
ce1d94cd2fd258161f68d40b57e851eb,2022-11-09 11:14:43.145,15010179776
95fe8361d98af9bf3f15da055017ca2b,2022-11-09 08:46:04.664,18725479090
6e3fdf81e8daaebb35aebc726f5218b9,2022-11-09 01:32:54.609,14318431803
ee787cccfa849b910de341879d80079c,2022-11-09 06:57:52.773,18796908459
0beda022f1e2dfed78c6af3c1d906eaa,2022-11-09 20:43:44.901,18796908459
ee7b8b13cf8ca02ed57128d9dbb0ef3f,2022-11-09 20:24:18.394,18725479090
5c45bc9cac2cb084ff75be261763e218,2022-11-09 14:35:35.643,18725479090
7925b147074e0872aacdc44cd3b945ed,2022-11-09 00:41:18.218,18796908459
95b574d3b4d21d884de7ab1512b158ce,2022-11-09 19:24:44.030,18725479090
a8674695ce15eab5001480b2d6259790,2022-11-09 03:39:43.014,18529088791
b7a84f9792111b02a5338755d9c8060e,2022-11-09 05:02:30.194,14318431803
2d903b8de424b0a1ca535e246dac6c0c,2022-11-09 07:11:32.768,14318431803
f848e4d0b2ff26a463036bed6d50906c,2022-11-09 04:07:33.160,18725479090
6aabd0a448cba3bf915b980304f9459e,2022-11-09 02:35:46.053,14318431803
6abafb6ce8ca181aaa982b3bf1bfa2d9,2022-11-09 08:49:05.249,18725479090
77be86f7a7ca2df5662f73ea0605d1ff,2022-11-09 12:18:41.843,18529088791
82bf6e0076425f2dda1acb72ac84cfe0,2022-11-09 09:23:54.842,18725479090
59e9ec2520fb90e48da069ecff474a4e,2022-11-09 09:01:36.743,18796908459
b1abd90b7fa5853b3f51f7bf10a7e348,2022-11-09 18:08:27.104,18529088791
a3b384b269c6253a605b92ec7ccfaa49,2022-11-09 07:04:03.175,14318431803
ce125af4a94103c2ea3eef8c62b7290a,2022-11-09 04:55:04.344,14318431803
b7c3842da25b5c1de3402169176b58ce,2022-11-09 07:01:24.009,18529088791
9f4bcbb3a22cb4fbc2ba734e2eecc54f,2022-11-09 21:19:48.818,14318431803
98db5ab8a0d8d78e7842e1293bbfb603,2022-11-09 13:51:44.194,14318431803
20424bff6bcec253988153f093431a6d,2022-11-09 06:02:50.515,14318431803
87f66eb8be37ed7721e1ae087fad08e5,2022-11-09 15:48:40.947,18725479090
0003efea8146649f0b2c7341d89fa104,2022-11-09 13:19:14.200,14318431803
d6fecc9e9bce8552f2069ce04db15e6c,2022-11-09 10:04:25.645,14318431803
96bf008e4cf6aef233fbf3b41b6567ff,2022-11-09 06:51:21.514,14318431803
e217ce4bd21cde82505568e4f060b2ec,2022-11-09 08:08:39.122,14318431803
31336429e6239f204188129765e81e51,2022-11-09 08:57:41.421,14318431803
83667139bc27b9051d468ef787a48b54,2022-11-09 16:27:51.993,18725479090
b6b16d6c588ee059a034af97e3a0e758,2022-11-09 21:37:25.636,18796908459
85a4063f5ccecd3405ffacddefc2a5da,2022-11-09 08:24:44.242,14318431803
e634d1f8392f8af6aa243bc833000934,2022-11-09 07:16:04.292,14318431803
035283facd0cc91565d6e7d3749273a6,2022-11-09 07:58:08.473,18529088791
779ceb21f6ad5b447a193eb7bd744736,2022-11-09 06:10:48.803,14318431803
3537f475c88ac3be6aba395f492e8408,2022-11-09 20:55:33.402,18529088791
a5b4ad03cce90aed3e89c129c107b48a,2022-11-09 04:16:21.471,18529088791
48d9e1e69353b154e155da9ec591bba9,2022-11-09 10:37:51.460,18529088791
60482212c03802f6e6d33448eb2f74c1,2022-11-09 06:11:22.115,18340470460
c2dfcbc8c2cd011fbe62fe13235d1875,2022-11-09 01:29:21.493,18529088791
f312e9e1133d1452b355e0c1dd34a020,2022-11-09 06:40:00.131,18529088791
595b9e53152b1fb07b53c2ac1822232e,2022-11-09 00:20:02.084,14318431803
d25dc51a701baadaea07249437ed14c8,2022-11-09 10:08:28.925,14318431803
31ede6eb6ed6cead8cdaf78cb9306af9,2022-11-09 15:37:15.634,18725479090
21c486d565e0f276b06c8ac079eafc29,2022-11-09 05:24:33.883,14318431803
42e1ee5b8a6cad4ba3fbf97ebaa89a3e,2022-11-09 03:02:57.990,14318431803
5a0a6730094da7b90c10859c766a0dcf,2022-11-09 14:56:00.175,18529088791
6b9732c53abe1b96efc6286892f4b24e,2022-11-09 11:02:12.448,14318431803
2ff5691f0de0a0797260719a562e7e28,2022-11-09 03:06:37.303,14318431803
0d1302fe582baa8aaabd00b1be191264,2022-11-09 04:51:15.150,14318431803
83f69aefa5c747e6716b1eb17b4519e0,2022-11-09 23:01:18.442,14318431803
7816b8b1daf7adc7cc1ba8f5a0357343,2022-11-09 19:12:12.310,18725479090
141f23829330b56fe21854833c4053a1,2022-11-09 09:29:42.989,14318431803
2b7dac23d6f34186b8959b5d122fd8cb,2022-11-09 01:19:52.990,18529088791
05c08463bac5cfc44beacefd54602afb,2022-11-09 09:16:09.833,14318431803
95ce29ccd04c43692ab6ca04b355bad1,2022-11-09 15:12:17.621,18725479090
5d3f8a056b7d381594fcf8bac47337d6,2022-11-09 11:52:30.453,14318431803
2912e551bb36054f44f684bfbe77c091,2022-11-09 16:08:24.030,14318431803
fa502bf4f842724df1d443f8b4e5d5eb,2022-11-09 02:37:53.569,14318431803
a0f8cfd1c9744f699d2b7167a3dff221,2022-11-09 23:44:31.742,14318431803
a4b840c1f44cfb0c7cc477004522b7f4,2022-11-09 11:14:55.262,18725479090
0555c797aaff8db00fe0f97f7878eb7f,2022-11-09 20:29:41.999,18796908459
85b7157bc53972291be88a670cf91baf,2022-11-09 03:52:41.613,18529088791
8821e8dd0716db7ce75fc4ade95a5634,2022-11-09 09:59:39.226,18725479090
7a77564b3b8a71574750e61e883aca1b,2022-11-09 09:36:16.504,14318431803
2d0dc9f6cee90d557a90bbaea0d5dd24,2022-11-09 04:26:31.227,18725479090
61e4c31233f24260bd4a32b256e8b2dc,2022-11-09 07:38:18.307,18796908459
b0b966617ce0d7d0e25e9b74076e1231,2022-11-09 10:03:51.690,14318431803
054ef74b611b6222ea4751d1ee2ef2d4,2022-11-09 01:32:18.987,14318431803
5d7499e4872a856ccb301df4079302bb,2022-11-09 06:19:40.658,18529088791
098ee04653d4b32b0bb092403072324c,2022-11-09 23:11:10.150,18529088791
52c90c1b3fed4690d8893951de6495cb,2022-11-09 12:08:08.377,18529088791
68c3b3cf8036a33d2e4cad64a9506b89,2022-11-09 18:48:00.284,14318431803
d1ab4f8729ad6863cb4fef44d47526ad,2022-11-09 19:41:24.407,18725479090
3f4adc0df8b8bd943135cf54c0e00b38,2022-11-09 16:27:45.948,18725479090
2678bc3894f097454ad5980cf58e5e3b,2022-11-09 07:24:26.495,14318431803
4d5f28d6116d6b7f75c00b4fbd3b8fe5,2022-11-09 05:22:29.596,14318431803
2a2d78b334393075d51bcf7250ff79b0,2022-11-09 14:30:10.822,18725479090
d4dfea8efa4092b4aee256330f154f19,2022-11-09 16:23:50.858,18725479090
6e1bf2fdc0d3207034422bee69c237b3,2022-11-09 03:46:58.308,18796908459
443c939116350e972dcffd93c3186c72,2022-11-09 16:59:21.095,18796908459
a7af8cbf998603b7fee47cbb01150676,2022-11-09 10:49:06.767,18725479090
322c9e61ce88f65bb2235281b2b7c767,2022-11-09 06:35:21.014,18529088791
fc07f1bed8b0eefdebbe42a3e799ebbe,2022-11-09 06:25:57.009,14318431803
57f6a5526f64d0fc3a0ac067693ecd9b,2022-11-09 05:35:38.606,18725479090
c0ba59faca7d92a3ff529ec71332721e,2022-11-09 04:31:04.629,18725479090
27b1cde77df0e53e08dfee45f8e41912,2022-11-09 18:20:10.720,18529088791
1ee8371cb25e6371335444ca28aee606,2022-11-09 17:23:03.048,14318431803
166317ebede9a841972c0c569956027c,2022-11-09 21:05:39.000,18529088791
342699c198c894fec965be8a79cc89ad,2022-11-09 05:23:32.644,14318431803
0784e5d0caff174ca89b4674d63c8734,2022-11-09 05:30:25.490,18725479090
590196658f2a816e19e5d203bd49cd99,2022-11-09 20:58:21.183,18796908459
c752e560e92b4e5c50659be67fae236a,2022-11-09 10:03:27.926,14318431803
3f2944151f0603b74a8bf5309116bf48,2022-11-09 19:10:45.323,14318431803
4e756de3aa2f6ab45a1ad0b796d1a3c0,2022-11-09 08:47:19.778,18529088791
4ff9aa953d93426c528ca70770736c8d,2022-11-09 07:10:31.189,14318431803
16bb2292c0ef0b0af3e378efd561c11f,2022-11-09 21:39:44.519,18340470460
a65a29586aac764c260fd5192b671a92,2022-11-09 11:52:37.682,14318431803
175bd56c222ff12a717322b0d7229f1e,2022-11-09 10:48:30.560,18725479090
9fa9423e236a6fdbb6833d5174cfa725,2022-11-09 17:12:55.745,18529088791
8fc18e2b1d37b7ee64e58bdf10c821ba,2022-11-09 07:07:29.474,18725479090
4a5b831e6c12b2dd3c410a9cc28e8187,2022-11-09 09:57:11.474,18725479090
9fd5c05a2f5a0cdeb3b6d08eaf7f8d52,2022-11-09 02:09:42.427,14318431803
39516056fb6a1d2d91a1e1ee7d00f29e,2022-11-09 08:54:47.659,18529088791
da43dc03f05e4ede5bd224ab047f5b55,2022-11-09 00:04:11.008,14318431803
bff0db5c7ff4b06b6773431709450a65,2022-11-09 16:49:59.573,14318431803
bf170a7b878e54e0ba58fd3004c098a4,2022-11-12 15:10:39.623,18725479090
bd3146e6ae6ac3cd7a8f3bddd967c81b,2022-11-12 18:12:49.183,18725479090
020fee8d6a77534ab4fd5691facd0099,2022-11-12 15:53:12.927,18725479090
26db1d2fe84de8ee2434b467b9c87cf7,2022-11-12 16:33:32.999,14318431803
54de36c8e2a82de4f2b1cb1005063805,2022-11-12 12:32:07.723,18725479090
c0724b0f08839a1f179bfd158cbae857,2022-11-12 18:28:50.350,14318431803
957e185ee762bb5e8ece0187e9d621a4,2022-11-12 17:54:27.030,14318431803
90c2fada438bee650bdad597f5c30e93,2022-11-12 03:54:13.181,18529088791
83467df8913eedaaa1065557dbc43c7c,2022-11-12 16:22:38.547,18725479090
b770a544c6e24b144969c2708ad85ae5,2022-11-12 04:40:30.256,14318431803
d24a21364353539c15c83d4ac4eb3aec,2022-11-12 15:05:07.059,18725479090
6c1fcd8db42e375c11e7ea0e9a7822ff,2022-11-12 10:24:59.478,18796908459
e3254ee3de58519561ae17adb440db98,2022-11-12 12:14:11.334,18529088791
a2731c8f7cd4fea9160c84542aeb40d9,2022-11-12 05:35:14.273,14318431803
166b1f8536db8b1e523a332e78b5b769,2022-11-12 06:33:38.280,14318431803
65c233a2067ede511babce64de29e624,2022-11-12 15:20:32.411,18529088791
3b640939ef4b15e31f6e708d3aa97750,2022-11-12 06:24:11.936,18796908459
4c678c89de65848ae7e2d422f5abbd27,2022-11-12 15:52:39.914,18725479090
01732cbc46de2a8affdde8de8e0767d8,2022-11-12 06:00:17.580,14318431803
a5c834c2967dba7ea53c57060baa0d32,2022-11-12 13:14:18.001,14318431803
f09b2474d1457bd0fdd4a0b3b23b841b,2022-11-12 19:50:42.876,18725479090
ce0e0e420443f426661e2608ae5bbf15,2022-11-12 04:52:31.470,14318431803
7fbdd4ac8db5fd96b47cc4dbde3d8c45,2022-11-12 07:52:08.594,18529088791
1d6671f4ca45d957468db9ea23b01ec1,2022-11-12 13:29:56.022,18529088791
721b08bc4f935cb93f88a7fce28f5c06,2022-11-12 18:13:10.460,14318431803
9a2ced8b3b680781c67d24237178aacb,2022-11-12 13:31:31.876,14318431803
2502579641ecece793334611c63a8894,2022-11-12 20:42:26.050,18725479090
b518022a032ee1deba0217323f73c6a6,2022-11-12 18:43:11.164,18725479090
1e2b30e5e4ba39f655b9ce08243d7895,2022-11-12 09:06:59.190,14318431803
953ca402ec7c71bbb4dcc2cbc8404ceb,2022-11-12 16:45:14.910,14318431803
e71f3882f4dee2504711aac4217a49fd,2022-11-12 18:46:11.529,18529088791
326bfa928379bfeea895d73e498ef907,2022-11-12 11:35:40.326,18725479090
86957bcd5cf4ba99d190ca5e2d004c8c,2022-11-12 17:50:49.825,18796908459
565de25d6703db3868e4749220e8baea,2022-11-12 03:34:26.780,18725479090
3779d3ae2b5e101ab79d47d6dc457e2c,2022-11-12 14:49:36.284,18725479090
8790fa6117ddbef44bbe58ec3ea5f5ff,2022-11-12 13:02:50.974,14318431803
0734f8bddc2b35cb9c55fed54488649c,2022-11-12 13:31:57.804,14318431803
aa22e28e1e5a82617aee9c75b7bc127d,2022-11-12 17:52:40.830,18725479090
63525c41af37209e3d11fcffe3dad137,2022-11-12 19:45:51.463,18340470460
e23bec9291f1fd583d23fb8e7f236d6e,2022-11-12 23:26:29.126,18725479090
6a8f2b346d93ab0d867732a92c963965,2022-11-12 19:52:12.212,18796908459
c359a8b6641580131eade9ef04f13526,2022-11-12 13:28:28.765,18725479090
2a5aa8905cafd30aca097fa9c2386d4f,2022-11-12 06:58:43.685,18725479090
690ef98f97d2e11e7f7e1ee5c1adb90a,2022-11-12 09:06:51.538,14318431803
9a2796b90cf87d106368e4bb3d7f5a6d,2022-11-12 09:55:33.779,14318431803
dfbea62dbf4e814f764d7de8c4ed9329,2022-11-12 13:14:57.464,14318431803
ef2b02837e8d756d21b0f62df095f5b5,2022-11-12 14:08:31.118,18340470460
1efa06494e551c770bdfaa42198e7c43,2022-11-12 10:23:45.375,18529088791
bc8a8cc3f474791e6bd07d625e8db513,2022-11-12 19:20:23.685,18725479090
49a23c60f99b49438db97f627d40793a,2022-11-12 13:52:12.185,18796908459
9e43ea4119b8f067997b7d458fd63abb,2022-11-12 04:06:51.442,14318431803
11c5e3df0c7b6966592087220325c637,2022-11-12 05:53:07.181,14318431803
2f25b6557651886880e4bce17068ea8c,2022-11-12 08:19:26.009,18725479090
ac92aae46906cb498e4f4868eb6c1772,2022-11-12 11:59:47.334,18725479090
72446bdae29a8fc5a96f826305133295,2022-11-12 17:42:14.394,14318431803
f93a94faba7052724261262ec20104e3,2022-11-12 03:48:55.511,18725479090
916780e7523ff47067c9179fd017848b,2022-11-12 09:56:37.391,18725479090
e70204b8424ebd4d811a67b4a8eb01ba,2022-11-12 10:22:48.915,18725479090
5762008fd9e0b5215a0e3c79cd5591d0,2022-11-12 16:18:45.672,14318431803
0ce45967c953065a510a4f139b872176,2022-11-12 08:20:37.348,14318431803
b9a88126ba12d980f091cc758df1995c,2022-11-12 10:07:55.538,18725479090
54264113524a8d90e0676ef19470ac21,2022-11-12 17:17:59.894,18725479090
09120ab81e529c5909fbd27f88a94b30,2022-11-12 08:42:02.478,18725479090
abf6a466e565e7f45330a091d66a644b,2022-11-12 06:39:53.980,18725479090
3de6c67b5f462e0def77b3b94c1f5bee,2022-11-12 17:34:55.489,14318431803
90e39ca70626fb69afe06797e0dc46ce,2022-11-12 04:35:09.602,14318431803
898c135b4a54260ebd09fd03e6f4a5e9,2022-11-12 16:56:40.141,18529088791
a903c1888002610b3eeab3f5eac93e74,2022-11-12 11:27:18.921,18725479090
1ca383f3537f8c761d6f91e016ff8931,2022-11-12 18:41:58.360,14318431803
7fd4e8a42f62eefe0b8cb818ac4dc5b2,2022-11-12 08:36:18.226,14318431803
bf8922ae5312935e30a991608fb486d2,2022-11-12 12:48:24.833,14318431803
7be9f269d6379564948a25b856b12ff2,2022-11-12 18:16:52.477,14318431803
feb54e23342775ae3c42fbfe08edcabf,2022-11-12 15:05:19.020,18725479090
cf22721ba64ea253820ce24866e7ba50,2022-11-12 12:27:17.862,18529088791
535ca4575d12519a4bf5829b762ce97c,2022-11-12 19:32:59.645,14318431803
c6db0849cb0f6e367b62583eedfb2cfa,2022-11-12 15:03:18.397,18725479090
d2ef6bab202a4ce7e6130a98388942ea,2022-11-12 09:24:10.088,14318431803
1a935da4f735eb8e483dc3caa128bae4,2022-11-12 07:52:33.640,18796908459
caeae01dddb8becdf860dd0fa3ee4484,2022-11-12 17:47:57.662,18796908459
f27e8f619a9f18e7cc923ab52e228df4,2022-11-12 08:41:42.686,18796908459
dc0a9c239bd7227e99f075b9914aa9c4,2022-11-12 02:53:34.741,18340470460
586936231e745985fcaae1a29e61ae2e,2022-11-12 19:00:53.481,18725479090
765cc4e14306e763a13d32f2db3dd409,2022-11-12 12:47:21.687,14318431803
060637d629cd9eb35d0fa53aa9a3bd8d,2022-11-12 13:59:44.404,18725479090
199eb3b094e526ff5cea330c49fc9b02,2022-11-12 08:20:14.200,18725479090
06081d36225b8fe08df985ae3ab6d2f1,2022-11-12 16:10:27.071,15692110275
ec06906edd430fe2f1c66079b093e8df,2022-11-12 07:45:49.060,18796908459
6aff515cc9aa798a6f3557dfa2f254f3,2022-11-12 14:00:15.966,14318431803
e021ee53fa3b842ddbffb4a5accd4168,2022-11-12 18:11:13.338,18725479090
e9c085420815acdd85ddd0bdeabbc6c9,2022-11-12 22:49:16.160,14318431803
ddc48d3d09e5b2e6a3989416f6999f7d,2022-11-12 11:29:49.990,14318431803
78a92f6a254a187e59041469198d17b7,2022-11-12 16:41:03.252,18725479090
6a6f212f591a5f12e13edda70ab47059,2022-11-12 12:42:09.164,18529088791
8ded4128720bef17f68d154143badc5e,2022-11-12 20:52:42.681,18725479090
18576754f69be6ca36dcbe6f886cd522,2022-11-12 06:13:47.414,18529088791
5de28adc379f0f1087947cbc73c869cd,2022-11-12 05:34:40.699,14318431803
b4a4b41f2e3b5795fa67487e2166d837,2022-11-12 11:19:05.780,18725479090
f4374a090bf413456031b30324d4c9df,2022-11-12 06:38:27.205,14318431803
248adcc913387f7559baace671195e5e,2022-11-12 09:34:12.862,18796908459
ddd86967ae2223e6b224198c2f9da4f3,2022-11-12 17:41:04.350,18725479090
ef159559bc124222d77a627fad1d38ca,2022-11-12 11:31:39.126,18725479090
b0084a63908411190ef17dec0fe4f82a,2022-11-12 07:20:21.452,18725479090
642bcfc3bceccbec430d4b09cc005377,2022-11-12 11:14:18.283,18796908459
788fc60dd7086cef1ba6893047c521d7,2022-11-12 18:15:28.614,14318431803
c447bf9cf57e9005aaf149c8f9b643eb,2022-11-12 13:03:31.664,14318431803
3d640bbd6e0dc8a00b95835de4444440,2022-11-12 02:30:13.397,14318431803
56ac98bf797e5f7c243475170a921a8e,2022-11-12 16:34:05.380,18725479090
67db4229efe6dc024137ba0d4623f7b1,2022-11-12 11:00:35.104,14318431803
418e142064e57ce9104c3769877c043e,2022-11-12 12:35:53.970,18725479090
3be2dd5d3d96fcd04bca63d0b2a9ded0,2022-11-12 07:30:56.752,14318431803
a0d7bddddb78f47c69f912ddc5f41e16,2022-11-12 08:23:20.706,14318431803
887a4ad8e477dfb7674775829875d8f1,2022-11-12 19:34:39.966,14883589082
61dd2aca3a9d730950291b84f9fb031c,2022-11-12 16:10:31.940,14318431803
c888da642dea235d97ab61bcaf948d6a,2022-11-12 13:00:57.077,18529088791
47c2093c197c0531a7adb6d46d905650,2022-11-12 18:50:44.843,18725479090
4997e61a9fba6c896c6565371f1f66a6,2022-11-12 03:51:14.586,14318431803
6fbdd905feb9ac8948381d0eab4edc11,2022-11-12 17:24:29.595,14318431803
1693bae27ee3e1f1c636bf1f78e5e7b8,2022-11-12 04:33:12.943,14318431803
3ad980d2252e03eaf4fa9038f11ab324,2022-11-12 08:22:11.856,14318431803
7353296e25a5e0ca08e9d5d25e390456,2022-11-12 14:26:43.551,14318431803
39ba34f0f6b2b416e90777a8766696db,2022-11-12 16:30:49.996,14318431803
61a7cad9c022d05bed1610f8d72cf709,2022-11-12 10:05:59.557,14318431803
8d180e083f0b193bcd6d58ea5b95a41a,2022-11-12 18:14:28.842,14318431803
a15498d1850a5fb6b7a92b992829b913,2022-11-12 10:31:47.783,18796908459
8770b762d9b248762405f6f72c2a620f,2022-11-12 06:36:44.402,18796908459
05d37c2c798f0d07ecd4e24d3141e8cf,2022-11-12 15:47:53.802,18725479090
b35c0433decddc27c9c289bec934c430,2022-11-12 16:58:32.561,14318431803
bb8a0870fc9ff15d06959632bc05881f,2022-11-12 09:49:04.775,18725479090
98562831b8b3557c8aebaa96e8313366,2022-11-12 07:18:05.744,14318431803
63ce83a90959011980a556d44de0cc9e,2022-11-12 17:42:59.712,18725479090
d35da3d7abafc30e773ddfa074449fe0,2022-11-12 18:25:27.188,18725479090
5eafdedbd728a59b2b67c0cc63a37904,2022-11-12 05:08:02.144,14318431803
3434ac51a3f3d2942b51bcf4d72eb6a1,2022-11-12 14:32:07.034,18796908459
b171d6d6f906d5d9a68031c18a281d39,2022-11-12 09:11:37.655,14318431803
46daff97e209a98b598f5182d193e11d,2022-11-12 03:17:20.523,18725479090
5d5ba01e39a559562fcecc0504cfb0b7,2022-11-12 14:35:27.803,18725479090
177c6e5e7e6ab176d1e69e59262cbece,2022-11-12 16:40:44.469,18725479090
81be02bbab4cec6cc8809a03d19f56c4,2022-11-12 16:31:07.123,18796908459
1a2367a1dc45df75b4880dc59c66a76c,2022-11-12 18:57:58.373,14318431803
a6e43f7fe4260f72fb67ea6fb4761f02,2022-11-12 17:06:00.064,18725479090
214650f3a15d2e9be64a552ee890819f,2022-11-12 17:09:46.998,14318431803
ec2fa17732fc63e7f49d75f4dcdf4ce4,2022-11-12 14:17:20.737,18725479090
94f6c9d3848a27aefab4dfef303c60b7,2022-11-12 16:53:01.042,18340470460
15fcd827db2c1a78781340886acfe7ce,2022-11-12 21:05:56.533,18725479090
da79fe59926a24895deb2e4ec711d1e0,2022-11-12 12:54:52.414,18725479090
53b35a7050a2944a1ee8963eb32113ab,2022-11-12 16:10:43.002,14318431803
c37f638b2d4594356dcd90d8dc79d06a,2022-11-12 16:29:52.919,14318431803
719277849d77fdedeaf0db6c8b168e37,2022-11-12 12:58:19.944,18725479090
650692e17250f3da9f0700d859e274e7,2022-11-12 16:45:18.724,14318431803
1386745f388bb1e6fbcd2fb184e35faa,2022-11-12 07:43:25.049,18725479090
ae63b9eeda4781cd2bc686afdf6e6792,2022-11-12 05:42:28.721,18340470460
4c336603a33602c63b4a0413d1e9bd6b,2022-11-12 15:00:13.204,18529088791
b6c967e0cc4d3f17cb0a0cc160ff4a24,2022-11-12 15:47:08.755,18725479090
44d9cdacb83fd5b4faa78e93d7c81cbf,2022-11-12 18:50:13.115,14318431803
0d073a2e4af5b78dce4cd4894fb306b5,2022-11-12 04:37:06.019,18725479090
1deaafb6d63557a74ae1b6fd50f5f392,2022-11-12 20:14:32.721,14318431803
f03b9ac2668d7d228ebf927d2cbca685,2022-11-12 16:26:12.623,18725479090
a8bb97ebc87af836b76b445f5c6501c9,2022-11-12 07:58:12.017,14318431803
3869b121a66aad67cfd63ffa08e6bc22,2022-11-12 10:56:16.586,18796908459
3dc19307c07304137064c460ac12fde4,2022-11-12 17:10:07.195,14318431803
9041e6826cb0d50a9ab6d22688045367,2022-11-12 07:44:04.124,14318431803
89c207bb0879776a7ed8baad793430b0,2022-11-12 18:10:57.181,18725479090
f241a78be2be2ede487c01bc380e9594,2022-11-12 06:10:57.775,14318431803
438881b42449364fd94a2f516d586587,2022-11-12 14:41:07.723,18725479090
8ba88aac00fc62215553984dcfa7147f,2022-11-12 08:40:30.733,18725479090
b70da693b19aeebee04d2b67ea9b4d22,2022-11-12 20:12:41.022,14318431803
35663683e403a60df46bb4eed3d8d6fc,2022-11-12 04:25:01.030,18725479090
4a799a5372e039a217334c2efcfae7db,2022-11-12 20:19:37.624,18725479090
b540809272a1cb8b5389539ef0ded8c6,2022-11-12 08:00:46.269,14883589082
ba323b9f7c6493587fd9a999f04b6cf2,2022-11-12 06:56:27.308,14318431803
4ec12dfe79535277efce2baa4f29ff75,2022-11-12 17:10:55.187,14318431803
c5f044e86d393667b1f48a5b3f6c2c31,2022-11-12 10:59:02.196,18725479090
9943ff526ec5c13af6f1aafdc06492f9,2022-11-12 16:19:16.373,14318431803
8ed37c9d087a64c2aec47254bea80d40,2022-11-12 14:06:29.075,18725479090
0e00cfd718749b40daed5da77c1deec4,2022-11-12 13:07:10.280,14318431803
66efc7d67e54d5b05270f6703e9b10ae,2022-11-12 07:37:51.097,14318431803
1e3dbd251e159ba2bf225a5e198413d6,2022-11-12 11:00:44.183,18529088791
f02e5fe253feeae5caf710588ea8a440,2022-11-12 05:07:39.261,14318431803
f129d4db82de41e5059817768a707c8c,2022-11-12 18:57:46.411,14318431803
f907325994985790b0340f62bd5ff074,2022-11-12 12:47:58.581,14318431803
befc496daffaf5e8d570e81e266405a2,2022-11-12 17:44:49.575,14318431803
7aaee6f2a6584e83c20c971d2b6c0ef3,2022-11-12 17:53:34.894,18725479090
11bdd67e008af261e5a5efd28a54bd03,2022-11-12 06:29:06.427,18529088791
6a44c4539c96feb35ced9b9ede3ceec3,2022-11-12 18:58:24.534,18529088791
54e7dd59dbe0661a58794c8cbb8b150d,2022-11-12 21:02:30.572,14318431803
c496da6cf8081e554c9ec6d87c6b54e0,2022-11-12 16:32:03.364,18725479090
77e1014d4f3796f09217e6048a0089af,2022-11-12 02:28:13.413,14318431803
03cf27967cd058198dc88f4ef3dfb720,2022-11-12 07:54:31.227,18725479090
62fc2390110e243abd9e64730c7ec531,2022-11-12 18:02:15.470,18725479090
53605e18b853a6a97c3da18cacd179d3,2022-11-12 04:27:45.580,14318431803
dc0ba1fc71c664705dd8e800e43954b5,2022-11-12 17:18:46.556,18725479090
5a20addc5842979af61df6c3b49a51c7,2022-11-12 08:54:39.225,14318431803
cb32523b78705e6cc12ef13d3b3b243f,2022-11-12 07:23:02.481,14318431803
e9c9d92975087955def37740235a3234,2022-11-12 11:13:42.124,18796908459
e98f567c7f31c904d4bde33accc38063,2022-11-12 17:47:20.417,18529088791
cb4f24eb1b10f729f1b0206c80416020,2022-11-12 16:52:34.650,18529088791
f87db434a8727ec40c2278859d702082,2022-11-12 08:05:00.309,14318431803
84be4a188c8b522efe89152abb2bb95b,2022-11-12 05:42:12.606,14318431803
fef398f8186a3753ce59669fcddcf174,2022-11-12 18:35:17.135,18725479090
09f0e5feb9b47c04b00f7b2412c1cea5,2022-11-12 13:22:06.748,14318431803
bb859fee4897a8516ae22acc144d4679,2022-11-12 15:42:14.763,18725479090
b9d76b4a1842c655267bf859e3a4e46c,2022-11-12 10:55:56.754,14318431803
7b4eefc04f11065a081f09e5fd86dc38,2022-11-12 23:18:10.289,18725479090
e7704a72a7a942a8f2a3223a4e7e26dc,2022-11-12 04:20:19.825,18725479090
9d0310bb815682cfe5e7fd5c2966aef5,2022-11-12 20:14:41.432,18725479090
a981cffa3fe35fe47ec826b4b14a2dbf,2022-11-12 07:32:46.014,14318431803
73ec8293ac0d4c1f4ba02c65c8e03396,2022-11-12 03:11:18.883,14318431803
28da83b75ccdc16d67fa08039fc542f2,2022-11-12 14:32:58.129,18725479090
99bac945c3979ce51f512104a155f5b1,2022-11-12 11:29:10.592,14318431803
cc0702de2632aeaab223775b85cdfd0d,2022-11-12 05:15:21.879,14881642792
c8ac2b29ea1e4cbe872efaa1e8bc6493,2022-11-12 13:08:13.894,18725479090
a6955570d429a89a0012b1a36123367c,2022-11-12 07:38:08.697,14318431803
ed3e414f6439a81111c0cb84cde29942,2022-11-12 17:36:28.585,18796908459
dd91a0d589143392aa074f1788f93533,2022-11-12 14:19:45.626,14318431803
118613eea9b94e04ed4347612ba48515,2022-11-12 12:48:59.484,14318431803
ca84f2d56836e047d71489f28c61f727,2022-11-12 04:46:32.563,14318431803
0f3225d47941e90849ad30786ea96a50,2022-11-13 06:41:15.946,14318431803
ce22e62ed1664ca17adddaf948863093,2022-11-13 08:20:10.392,18725479090
87189d363b0eace056d2efc2a6a0771c,2022-11-13 11:58:21.075,18725479090
9f82d1838c0efa71070c5414f0c22183,2022-11-13 13:08:25.376,14318431803
1546383cd8a2ab1d58b498f4f6c6b0bd,2022-11-13 13:51:49.143,14318431803
1a55a629c05f99ba582200b25153f9b7,2022-11-13 09:39:09.541,18725479090
7610bdc715370ba4743735e06295e6d6,2022-11-13 06:29:09.758,18529088791
b09d3f7b05952b9bb8ec4165f3d6a626,2022-11-13 19:20:06.639,18340470460
30befaff60a4121ff86d3904ecc34b3b,2022-11-13 05:22:10.901,18725479090
313fda7a019d7f91e43ef1b85d0239db,2022-11-13 05:06:49.592,18725479090
bd04c759530dfb5b13492191b6b7faa5,2022-11-13 15:56:48.977,18725479090
d578840d6c7c23129621054c581a2752,2022-11-13 14:47:43.047,18529088791
0bdb3b3f4efd0899bde840a3934ab8e1,2022-11-13 06:11:01.356,14318431803
7ca3f4fe51a11d4af1692e835ec7a7f6,2022-11-13 06:49:06.624,18725479090
ac544a9dd076269eb636e1a11d6869e5,2022-11-13 14:25:38.887,14318431803
75ff80caa09831696898b0b0ce29a046,2022-11-13 09:39:09.610,18725479090
46fd55bed64f8d7392cdc9df274e29b2,2022-11-13 18:46:40.677,14318431803
e73f59ddd38c8317b29cdf9a721f1522,2022-11-13 16:46:20.881,18725479090
0bf7b856ec1a915c1228662800bd403e,2022-11-13 05:14:01.892,18725479090
d07ea92750a733bb7c46b68c6a2a9f6e,2022-11-13 17:29:27.028,14318431803
c0a23ad7cbd5683e2621c5d514fa9585,2022-11-13 16:54:25.149,18340470460
bf8155808d8508179a335a3b7153f896,2022-11-13 19:35:04.170,18725479090
ebca8036fb6246d17105b30bad51d563,2022-11-13 09:48:12.025,14318431803
def5d8e5754379099ec0735e6d731f28,2022-11-13 17:25:43.540,18725479090
50155de1b964d6b040706f5eb35f3154,2022-11-13 18:14:20.440,18529088791
369f27f80a5191c8ae148d42f9b630c3,2022-11-13 19:49:43.912,18340470460
10bf9774cc7ab7d9c1d1f6d6b9c984fc,2022-11-13 03:10:07.469,14318431803
2b4e7896d034e3de438c37098a829246,2022-11-13 19:51:12.133,18796908459
9cb0ffbe496e5a0b67a4da2e0d98eaed,2022-11-13 12:48:28.357,14318431803
2ac8dcff702f6dbc813bb5c6c76c1eaf,2022-11-13 15:06:56.236,18725479090
3698228cf11dc3dccef0abc7ad70a335,2022-11-13 18:10:49.910,18725479090
f0f44d0c3f846ce7bac421d5e5c44838,2022-11-13 09:12:20.715,18725479090
8e40168a03f981c94abd34887d254e4f,2022-11-13 13:21:16.433,18725479090
2cda8219d9e0b91c1153d33e037b8193,2022-11-13 11:46:50.057,18725479090
c0c5ced6cc4cb1f661797df7696331d1,2022-11-13 19:35:18.518,14318431803
b6fa4a2edafecc92ad7536c1cbc6558d,2022-11-13 02:58:44.178,14318431803
960c67dc4c449813da710832d8de6521,2022-11-13 09:17:12.097,18725479090
a1eb8e7dfd6ad2a2bb3e255fbbc9937d,2022-11-13 15:47:07.266,18725479090
bd112ceb6b55e982bc82df7f3308c294,2022-11-13 17:07:18.943,14318431803
7da2e66ff2ed0d3c29e5a104e7d8733f,2022-11-13 01:20:25.286,18725479090
60bcbc91985fac1f6773ff403ac7bc69,2022-11-13 05:39:31.751,14318431803
0b8cb55ccd4a686ddde506442b0c4d0a,2022-11-13 07:46:38.796,18725479090
1f7aa8e90f098cbd262cbd9571c1ad6b,2022-11-13 02:25:09.200,14318431803
f606213af329f39ed9594c4a6e7e46ca,2022-11-13 20:21:47.022,14318431803
2aaaf69c872635e6432af0c24a86a71b,2022-11-13 04:49:21.924,18529088791
a96753b6d6ffa4a1262fb144af4cae9c,2022-11-13 14:07:28.974,14318431803
87539ff04bcf6ff8505b45e10485c317,2022-11-13 05:57:36.345,18725479090
7054ba02fd4194ffb06a7ceb39ce5509,2022-11-13 20:10:35.437,14318431803
1194e467f6e6f23fb391670c4fd06109,2022-11-13 12:05:56.437,14318431803
d5e2a2ded90db7cbeb4b79c53ba465b9,2022-11-13 02:02:46.304,18725479090
4f37e70b441b598befa75881fa84ae37,2022-11-13 07:11:08.799,14318431803
f599a2def89ef22b5c7d3a32adf15448,2022-11-13 23:50:30.845,18725479090
784008cea957f446b71e5db4f441660f,2022-11-13 13:34:54.380,14318431803
f4acbe9b94bb90f3cfee3885fb4c89c6,2022-11-13 17:12:01.207,18725479090
45f7c7a9886845d99a7838a1f52ec81f,2022-11-13 06:40:57.422,18529088791
b923324a5d05bf3e5e80a92caaaaf622,2022-11-13 14:59:16.767,14318431803
b261adff3de89cec118e5429c0b7b457,2022-11-13 05:26:29.430,14318431803
5b85a5618162dece612f0f5ded00034b,2022-11-13 13:36:30.452,18725479090
35aec858e8d4b8b7240d745ddbcd6ef9,2022-11-13 05:46:10.019,18725479090
fef5e9e0e4e9b79bc4ac970a49468b68,2022-11-13 05:19:49.409,18725479090
27e4c7d3eadb3510cb34b47f556d6b5d,2022-11-13 05:26:12.641,18529088791
9106e336084447197ca60b65964331db,2022-11-13 11:38:55.102,14318431803
f635a0a9a17d37f2b45c313c8381f730,2022-11-13 12:18:07.042,14318431803
cd94818dd340285d279a41e0f108bc95,2022-11-13 15:19:48.759,18725479090
6e8b9531a99a6985c1a86b43abc03d10,2022-11-13 14:08:45.073,18725479090
452322349adfda01bafd940821772975,2022-11-13 08:13:05.223,18725479090
43b60aa87c8ab87a731eb6bd1795d67f,2022-11-13 06:56:40.485,18725479090
bdccf6289eb12ab6913b5f877e79d67c,2022-11-13 10:49:18.731,18725479090
8a8c3dc629d7c83a8344b62acc5d4b25,2022-11-13 06:27:26.115,14318431803
fb6d6bfc3d3b5537c4bdb1e9dc987d79,2022-11-13 16:50:36.288,14318431803
726ef311be7d8ad07f8607cd2eee6150,2022-11-13 08:53:44.236,14318431803
59da07bfc05a13a320def81006e162c6,2022-11-13 16:30:32.246,14318431803
e7bed26601a0ba1934a774bea1d71d41,2022-11-13 04:40:40.922,14318431803
2249c81dd2e4e640a7e2577acf8341d1,2022-11-13 07:43:22.662,18529088791
d266c17ac1e584101faf54f8f836b1de,2022-11-13 12:31:15.024,18725479090
e2fcf792c8cdf54d1bba954559a91808,2022-11-13 18:10:44.370,14318431803
017f7753fb46baf70a56f15ac62fbe52,2022-11-13 17:06:08.436,14318431803
f5386162d930f3402cd8e4b29f0a259e,2022-11-13 22:36:34.688,14318431803
13400b6a6c2b63b58127d9dd5d5035cb,2022-11-13 13:08:14.663,18725479090
5cb8a81dcd87cdddf5b3c0da703ef85d,2022-11-13 10:51:16.261,18529088791
841d362684b793849add2ee6901690d6,2022-11-13 17:09:35.784,14318431803
935ffc04e35a096500b67b21ef4fca8d,2022-11-13 08:55:58.493,14318431803
d9a53abbb0cf9cc18646102d64d6b4cf,2022-11-13 19:33:12.493,14318431803
0abd0951a39d268da8435add48c6e5d2,2022-11-13 17:57:39.001,14318431803
a0eb50210f7fa727690b23c29e45b28c,2022-11-13 10:12:24.836,18725479090
3fe296cc23f35cb744fb438c3c8cdf97,2022-11-13 17:23:20.378,18725479090
41cf5d6ce406c15861b4ab014071d974,2022-11-13 16:18:01.036,14318431803
813f76f274b6e1215032de7f701ecfeb,2022-11-13 14:25:58.596,18725479090
b0bcf881b930a72e4469e20a0a567c7a,2022-11-13 12:44:03.570,18725479090
c3964e67c4b3b252eb76d6600519ff9f,2022-11-13 06:34:10.703,14318431803
a4f924efc2691512d6963d1aa81d6d8c,2022-11-13 03:22:12.047,18725479090
5e62248b191ae61718420fa4be3302fa,2022-11-13 15:55:43.644,14318431803
898a432b2adab245aef883c5edee8a7c,2022-11-13 12:01:10.460,18725479090
c43f05b379d06b52706161281fdb9fdf,2022-11-13 10:44:09.300,18725479090
25ce73110a2721b944edd04022b9b92c,2022-11-13 18:07:49.196,14318431803
f6c70b73f67b629297a9d3ab894840b5,2022-11-13 08:54:58.127,18725479090
722e6a2088be6aa088d085046985632b,2022-11-13 07:00:04.534,14318431803
bf346eaadeba0b78fb2033ab5608fe0a,2022-11-13 12:28:27.574,14318431803
26a3c68e9f556a24d717272b6cf86406,2022-11-13 17:06:30.571,14318431803
c5b151fdd9d0e70ec271720b5cfd3bb9,2022-11-13 19:21:12.789,18725479090
378708c19e99ed52b7c2917e760f24f7,2022-11-13 07:15:11.305,18725479090
13420857311fbf4936c962afd523b0d2,2022-11-13 09:32:15.100,14318431803
003c58c8f907051710f1e45fac9a3a2b,2022-11-13 07:08:53.252,14318431803
9a46668319f44932ef793d0164fe2ce5,2022-11-13 17:15:30.368,18725479090
ad87e115fb27b5a1af992092d775679b,2022-11-13 17:03:01.479,18529088791
5badd237dd69fc8e57123ed0efec02b3,2022-11-13 13:58:06.927,18529088791
d83d08af935e482a935ab79f9b904bc4,2022-11-13 10:08:10.860,18725479090
d6dcf75e00560df381fc9444606b64a2,2022-11-13 07:02:04.186,18725479090
ffa064e68614aa73b56abc8039c0b05b,2022-11-13 17:27:19.115,18725479090
d7c203ea33173ddaa510568a5af0a9a9,2022-11-13 00:21:23.766,18725479090
dba7a1023658a708834ab1bfe2c60abb,2022-11-13 16:07:01.103,14318431803
030ee9f751f8f0c58fd5ce7b5d2e4601,2022-11-13 07:59:58.390,14318431803
eee287637f9befe1fec1e3a7f2c667eb,2022-11-13 18:32:50.628,14318431803
8b04e10d2a900e31991b25ff2475dba3,2022-11-13 07:32:45.256,14318431803
b69f4a20a7a5e507fdfeaf1d8ed6faba,2022-11-13 17:27:01.561,14318431803
aaa59217fa7f919c027717c2eda96f7e,2022-11-13 02:12:33.574,18529088791
2c4b97f361053d3ef050eaf08604b909,2022-11-13 16:38:38.656,18725479090
52b7f4fcd5cbaf15f290b164d2ffe9a4,2022-11-13 04:22:10.829,18725479090
16fae50e2b35c2b9949de6e25afe9b99,2022-11-13 15:00:46.689,18725479090
aab300edb5b9ea41cd232a54637aba5e,2022-11-13 15:21:09.753,18725479090
c17b3a4b1e6df12cc7abe7d23a7a6027,2022-11-13 14:48:30.187,18725479090
0795ef6d4687312b20421722d8fa6656,2022-11-13 11:03:04.767,14318431803
72155ea8dd7b405d2d6d1e5fb6f0b97c,2022-11-13 10:01:49.314,14318431803
c370b096ef60e7fd95614d342848bee0,2022-11-13 06:13:24.865,14318431803
bfe9d3d71d9e98a25c0d6cb3d5ec19f4,2022-11-13 09:14:48.116,18725479090
2faaf225755ffacd45c3d7e17fb09b68,2022-11-13 10:12:46.902,18725479090
3c6fdf7377374ba26146da5598d83396,2022-11-13 08:37:34.351,18725479090
ff087c2dcf22a135debc82519799e085,2022-11-13 14:25:36.388,14318431803
e0dac7e7c24d2246896dd56786c8e8e6,2022-11-13 14:31:18.375,18725479090
ecc4eea303a1f3dc5943eb1f73e12321,2022-11-13 12:21:25.499,14318431803
d13870c7c129ae487ac9e9c9d5719f13,2022-11-13 16:12:32.999,18725479090
3659863c9548f86875b94efd08d4322a,2022-11-13 20:06:27.075,14318431803
4c382883f10cf27727861c3e5cc5699e,2022-11-13 17:13:26.595,18725479090
680683992e65d4393496cefc8b6b3406,2022-11-13 13:14:28.807,18529088791
0596ea368f80f0fb2fa294a591bef92d,2022-11-13 04:53:37.018,14318431803
603c08ef0e79c43b9e51025ad0c27bef,2022-11-13 22:32:58.910,18725479090
78120e3de74b18a690393751a822f5b1,2022-11-13 06:52:13.283,18340470460
2eca88b5907b0078a0915a689b2be687,2022-11-13 18:51:25.815,18725479090
de681a309bb6915cf784a13514d2208a,2022-11-13 03:24:25.694,18529088791
cf3378b9019b5c087100a8cb3239af31,2022-11-13 10:42:40.757,14318431803
2e50492c753dd8744786906fadf0cf27,2022-11-13 18:29:51.166,14318431803
a2d48762f166ab0e72c0a79aafd39714,2022-11-13 14:33:02.297,18340470460
98fa0279ce43b6f3aaf7887594f08660,2022-11-13 16:14:54.601,18725479090
5bbbdf0b52adbe8892bc8e35a6183d12,2022-11-13 10:47:07.207,18529088791
e9e90ebebba9dee57e4913a14f3d8f3e,2022-11-13 06:32:06.402,14318431803
16d54d9f3e70ed7ed18b676b2eff22e0,2022-11-13 18:25:47.866,14318431803
8e905e266458fe4a22a4311ddb1a87e6,2022-11-13 06:17:03.963,14318431803
6c0e2eb08d0d7b21f109769220f94447,2022-11-13 16:44:46.923,14318431803
6ab9810ebd0e12370775cdd75e43949c,2022-11-13 13:52:50.366,18725479090
b3a8af7e82210e2608bd8bd108c07393,2022-11-13 22:22:48.086,18796908459
1b5b681d13b03f1d156683c0c71f1896,2022-11-13 15:28:32.183,18725479090
75418ecbe2890b57052ac31732d320b0,2022-11-13 04:00:42.684,18725479090
d1331d8b0833fcbca60c49ffbcbd07cb,2022-11-13 10:35:47.993,14318431803
94f525e354608c79034c9244fb85acbc,2022-11-13 19:58:17.132,14883589082
f49ee830cb11f980762ee65555149ff6,2022-11-13 12:42:28.254,18725479090
e29183eebb545ee1e555ef4e01587984,2022-11-13 03:19:38.681,18725479090
ac873d194e2316d0bf90ed7a15f22950,2022-11-13 07:09:24.481,18725479090
bb30e231a48d048a8c415def499ba5d7,2022-11-13 19:36:15.651,14318431803
93d0eb59bc1833f8e4c050c4a46747f2,2022-11-13 07:10:10.613,14318431803
1fade20cc04ca4d268f359b9e4b67c4b,2022-11-13 03:32:46.104,18725479090
4e19fb3fc041f85a4e8426353276cf85,2022-11-13 12:33:37.784,14318431803
2dbbd346938b6f1369bebfe60b144409,2022-11-13 12:44:08.571,18725479090
0507d470dd34d20ecafabdb0ac9916fe,2022-11-13 11:02:26.403,18725479090
ca1376e1417109f2e3faba1cbec04069,2022-11-13 05:47:45.945,14318431803
6cca21fe291a2996e5b9b4999f32f481,2022-11-13 11:20:22.199,18725479090
9e5f450f12a760a976d74e5e442d965a,2022-11-13 15:20:12.881,18725479090
bb52a6be8d8e3bee4820038e75a19f3f,2022-11-13 07:32:57.793,18725479090
230ffe1ef18b08b71e96056d94492f9b,2022-11-13 13:00:38.990,18725479090
731ad9ead21ea3bff3dabd7cabc5acbb,2022-11-13 22:11:39.778,18725479090
53cc7415edbb3173c0cd82213bc7d35d,2022-11-13 14:55:20.386,18725479090
654bf32201cc2f59c954fb724a7fad7f,2022-11-13 18:45:50.381,14318431803
a1a78ba6eff991b9bdc2cf7202948af9,2022-11-13 18:01:01.202,18725479090
4c65b4bac792243df93691cc31621089,2022-11-13 18:04:08.608,14318431803
c97c765c226ef48a2e724ee699efb658,2022-11-13 10:14:37.139,14318431803
e7b260dfc6be57e607c9a040b95fe6d4,2022-11-13 13:17:02.087,18529088791
3384b690cd03e846fc3a925075ab8fad,2022-11-13 19:19:02.861,14318431803
c3487e69557201f77bd35ffe5fddc9c9,2022-11-13 18:02:59.428,18725479090
9378fb59d10570997121330c0320e3cc,2022-11-13 15:13:50.415,18796908459
c06f0b4032b85a38218ccd8216682ea4,2022-11-13 15:28:36.470,18725479090
34ec5fd48adedd4299ff6fc097a45bb3,2022-11-13 16:12:54.188,14318431803
7b1556fd66f3e971ad0561053bd4fbdf,2022-11-13 17:54:16.800,18725479090
db9feb14dc15bcf67de0b076e528c7ad,2022-11-13 04:24:05.905,14318431803
e562c7f979315f93d81fbf30a1d7f20b,2022-11-13 08:44:20.682,18796908459
b3c003ad04ca434aa4bea1de98853fd8,2022-11-13 17:39:24.531,18725479090
761b0ca2cab18f36c58fe8aa5bf36e1d,2022-11-13 11:52:35.730,18796908459
3a82fc707e7e2e27e26ec19d0ecdf564,2022-11-13 16:40:55.638,18529088791
73590b41e8d12ef2ae527415609d3e08,2022-11-13 19:55:32.446,18725479090
580aec9d28e2e18f183d03af7785a621,2022-11-13 13:06:38.177,18529088791
aff64ff4ee4e830c2e01b12d91da506e,2022-11-13 17:27:38.384,18529088791
8852c3c8248f9a5cbbc03a9e1bdf3228,2022-11-13 21:25:22.100,14318431803
f7da450d1f9f2d6a1c69449697d93144,2022-11-13 15:08:35.549,18725479090
c43d3b913597579e3b352bcfbf6448a6,2022-11-13 04:21:27.186,18725479090
8e27c41feea4f7716878b8d081ff6bd7,2022-11-13 10:16:42.901,14318431803
1f84023740d1b06c813e54ccfce5c412,2022-11-13 03:29:19.552,18529088791
73428a01919175f343a615005a142a61,2022-11-13 12:56:39.344,14318431803
86da8adb6ff08b712a4c9dc45750f155,2022-11-13 17:31:58.810,18725479090
d18a65e0525bf5257a766ad4e0835b7d,2022-11-13 11:41:35.917,14318431803
9d3ef605f951c117bef877e911eeccef,2022-11-13 13:37:51.761,18725479090
4c067fa53d947067a9b941941250c356,2022-11-13 07:40:44.787,14318431803
2d7f7b839cc7fdec8aa9f6cda4a28b4a,2022-11-13 17:43:33.579,14318431803
3e5d1bfeb1e5135161dfb61430721a6f,2022-11-13 16:13:53.186,18725479090
7f3ff972d78aee838807ef52256873b9,2022-11-13 17:26:00.464,18725479090
74a0bee96c1481445fc7043613c459cc,2022-11-13 13:25:19.470,14318431803
b5ceda622a254f7cfcf6c8b135feeb43,2022-11-13 15:49:46.955,18725479090
1e17eee959feaf35a205fabad73659fb,2022-11-13 12:32:09.341,18796908459
b978fcf179a4a829961d8531adc3a3d8,2022-11-13 18:27:56.905,18725479090
0b2016746812eaa79fd23779fb3acc02,2022-11-13 09:28:04.635,18725479090
b5b2481c4df07a334a812d0476b2c750,2022-11-13 17:02:16.375,18725479090
34dd18578889719f8e2a33dacfc55adc,2022-11-13 17:17:18.851,18529088791
231a3be30dbab759866db67cfbeefc2e,2022-11-13 07:14:01.096,18725479090
1cee55589d0560d9b0995f7efd91f235,2022-11-13 03:31:03.040,14318431803
78072470a31e4214b1dabdeca6b90533,2022-11-13 11:34:11.662,14318431803
00a197b43f8cd5ddb0ad6147187b9225,2022-11-13 07:27:52.460,18796908459
46f6771df1c9df9ec4a202514bb98db4,2022-11-06 11:33:26.971,18529088791
227984bb099cba3734796e77c7e7885b,2022-11-06 01:08:40.919,18725479090
8071f685eb5a14e4c860b557700b8e6d,2022-11-06 17:28:28.055,18725479090
18f4ae81d874ab9b4e0d171cb54aa7ad,2022-11-06 11:20:56.252,18796908459
f4cb78ee0b73698872ba56efba2fb6f3,2022-11-06 08:48:44.010,18725479090
89431a6041d0b501b515de5e3aca1009,2022-11-06 14:50:54.771,18725479090
e78165547fdabd223bc17af90181546e,2022-11-06 09:12:01.985,14318431803
22ed6b35127f4a462ba44473bd32fecb,2022-11-06 09:18:29.729,14318431803
01edb08ca29eae56cff12f930672c997,2022-11-06 09:51:45.757,14318431803
3950a7b87fee505756b6b39893f895f8,2022-11-06 12:10:29.473,14318431803
bb6e4b1e351fb41e31d4a919e5677231,2022-11-06 14:10:43.589,14318431803
92d6729974619975002e808dae2e7a0e,2022-11-06 12:14:08.619,18796908459
ddf3be0aa13ad477900070c2a8042d98,2022-11-06 16:41:17.426,18725479090
2f9ed69d5d06746efad2e7e3d9321b44,2022-11-06 02:38:42.180,18725479090
79d0a80ff3c0725c61f5c81f721c5260,2022-11-06 09:25:05.845,18725479090
2f44c4b86fd66fda21de40cdf82c939c,2022-11-06 04:06:21.009,18725479090
04e32939a9a16aeea59db9af3abc269c,2022-11-06 09:57:29.508,14318431803
5ad8697528379afdf34cb22c3a1ce964,2022-11-06 19:15:20.235,18725479090
c87ec4e4484e891e711554fd1ba52f7a,2022-11-06 16:59:12.207,14318431803
413df945acbf69df14486784cf1faf43,2022-11-06 18:58:42.369,18796908459
0760cbf90464b77d5408f7fc205e9837,2022-11-06 20:28:28.765,14318431803
d81b81575a87230a1ce01d7edf7382c3,2022-11-06 06:21:21.761,14318431803
3f78c6625096199aac0c691efa21fa26,2022-11-06 08:41:26.465,18725479090
a7e8784f8716db92785ff12971d0e249,2022-11-06 11:10:44.676,18529088791
d52850bd4049a033ad85ede90fd2ae0a,2022-11-06 11:48:13.278,18725479090
061a279aceb5af34a20dc812948eef1d,2022-11-06 09:37:59.292,18725479090
780f0a9b31700f10a4168a25c7db16ee,2022-11-06 11:04:53.637,18529088791
5e02a2d61846ccd3fe701f9d90f53865,2022-11-06 17:29:05.196,18529088791
a2f380f7e8dbef336f2b81b392a42be7,2022-11-06 00:55:18.942,18725479090
ba298234476b41b76bce354c11ee2575,2022-11-06 02:38:33.926,14318431803
7918d6ea69c8ef22ae5932a68ee19b98,2022-11-06 01:49:52.259,18529088791
3127e7127e72633236c6b40fbc52ff9a,2022-11-06 06:09:55.829,18529088791
693e9119c78c8e49688d31079a5a05fb,2022-11-06 11:13:02.366,14318431803
f988feed59215e4ebabca5df87407d01,2022-11-06 16:54:45.068,14318431803
a52fa6c276c5eac45c05da304e3dfadb,2022-11-06 15:38:17.273,18725479090
f0b85f1a1a198c3e371c8d45a360d0d2,2022-11-06 18:54:05.386,14318431803
64ea1c167e510478b9fb0413f8cec89d,2022-11-06 05:47:16.804,14318431803
f7533ac7d40da25f382dfe1d6c09c1c1,2022-11-06 18:21:28.994,14318431803
831be6180f4755f216299bc3dd5b061c,2022-11-06 06:47:27.349,14318431803
b2059c0a60c35379d9dd96fc84a0a68f,2022-11-06 18:35:09.613,18725479090
3ac856ebd4edf7c4999cbba583723efb,2022-11-06 15:34:58.627,18725479090
d909d822ac94c70dadcfc9633a87c82d,2022-11-06 03:16:11.935,18529088791
deb1112d75d10ddf40c4436f5641bfe2,2022-11-06 17:09:09.203,14318431803
a7d8b003749e155cd189a96e149eb046,2022-11-06 15:54:58.354,18529088791
1994c79ff29a2a1cd35e46c029a0c786,2022-11-06 08:46:03.244,18725479090
802ce7642f1cc8d92ccf890f3742415b,2022-11-06 23:24:17.534,18725479090
7fefe08538a79b2e73240063f058a34e,2022-11-06 02:58:29.095,14318431803
af624318bd551a3ff38bc0588a18ad6e,2022-11-06 06:26:01.691,14318431803
955ed3232405373d65394c8189022627,2022-11-06 20:31:34.385,14318431803
f5f31a89eab94dd6fef9f3db0e1e7d62,2022-11-06 14:44:23.151,14318431803
312b999fcf238035a71ab76d9f78c229,2022-11-06 15:02:36.967,18725479090
8b36dcba84e434209b33a5fff61fb05e,2022-11-06 15:43:45.438,18529088791
f25b87709180fc6e5161bfd5ca51cda4,2022-11-06 19:42:51.555,18725479090
e60a51a33d0f1d50e79f3fcde63f2453,2022-11-06 07:59:19.538,14318431803
a4906ee3c28a7bdf0649101eb1c5c763,2022-11-06 10:17:51.730,18725479090
23b98b543922fb28a5ea41bf7eb2fdda,2022-11-06 18:15:11.427,14318431803
6e8490bde7244a7ebc481c6253f69993,2022-11-06 15:10:19.619,18725479090
ef7a43f1cc597bd30156b027250e46cf,2022-11-06 17:11:09.040,14318431803
d21f9fd5176828ebebebcabe651eb0be,2022-11-06 06:23:11.425,14318431803
3be142b46639d89508a01826ab57c6dd,2022-11-06 10:19:50.775,18725479090
549446d24fb2c06378f445d641ed4a42,2022-11-06 20:47:14.058,18796908459
760daa88ec26ec9070e1a3510ccdc409,2022-11-06 12:22:21.647,18725479090
644b4902e28148da8188d94fd814e043,2022-11-06 21:39:31.526,14318431803
05ef398a730c392b04e85d958f07a794,2022-11-06 04:37:38.436,18725479090
bc1251af61b9108e03ab8d67c8d889d2,2022-11-06 09:22:59.621,18796908459
f62f07967d366b0d0486424a24d36d73,2022-11-06 15:18:58.733,18725479090
ab85651be211a9d067857b6dd455e983,2022-11-06 17:21:53.769,18340470460
1afb78cec89bd68c751b5f034133e881,2022-11-06 17:35:43.324,18725479090
d00b19bac1cd0f9de96351a9cf5b492b,2022-11-06 09:57:09.004,14318431803
0410430b4af43af0186eadac376d446e,2022-11-06 12:13:53.890,14318431803
51992e7879a9ff93475c88fbab1220cf,2022-11-06 08:49:31.267,14318431803
714b66333b52c1201c7b6719558c37c6,2022-11-06 03:19:35.704,18529088791
ac05395a792b1ad848b1b503b2c7372a,2022-11-06 15:06:58.370,14318431803
c0c324eb86dcc20429165631d7cb8fb1,2022-11-06 10:34:19.038,18725479090
2f0d0519f1ff1d69e0d2172d5a4aad27,2022-11-06 07:01:54.443,18529088791
192dd4c97cf3345626090e02d61524bc,2022-11-06 14:38:09.109,18725479090
d366b1f0ababd663a972e2e1eaeef5e7,2022-11-06 11:50:19.940,14318431803
7b8b3708a211fa5eb94c974c389fe066,2022-11-06 10:49:26.346,14318431803
255994e3323d3d9a237e1693e4d8a552,2022-11-06 04:35:36.000,14318431803
a42e2bce2916a7f758d75ceaacf1a458,2022-11-06 17:31:32.269,14318431803
592687d8bdc310bda6cb161c648cb3a2,2022-11-06 09:04:47.359,18725479090
b447c11114d2d5fc5598571dae54f608,2022-11-06 05:07:04.467,14318431803
2a096c8e05959b8d4f91b83358b722fc,2022-11-06 04:59:24.147,18725479090
a14fd33d03c53dae63f3b03b8cc4772c,2022-11-06 00:09:32.315,14318431803
4a262ac1618e2115ae93a5aa87f0a082,2022-11-06 18:16:43.143,14318431803
9f9a13b97f5f0ea6770b1006b223f55a,2022-11-06 03:45:07.976,14318431803
5135cb8767e66fdb03d10623ccd26517,2022-11-06 06:07:51.902,18725479090
5f86809d6da963f7fe1519ee8c39aeda,2022-11-06 19:22:41.520,14318431803
3866cec8d20e0d16d4a4660d73b98c13,2022-11-06 18:16:56.774,14318431803
3c60e16d9c3d0d5d869fcd636b62af9a,2022-11-06 16:26:14.653,14318431803
d9c96086bb2d705b882a8e80c8e67257,2022-11-06 11:39:29.121,14318431803
ba304b69deb526b61e4ac65e62d38cb6,2022-11-06 12:23:01.141,14318431803
67aa77fc8bdfdfe4b8176f3a39b65fb4,2022-11-06 14:48:59.760,17480926698
9e0ce28abc4bc7323d10c18b6b632115,2022-11-06 10:40:54.581,14318431803
b3d6067044298c5873d6cb246b5e3b21,2022-11-06 16:16:18.575,18725479090
a4f7503adbd6f62ebe32536705f9806f,2022-11-06 07:50:31.106,18725479090
64455cb65da6301c43e6246545d0b05b,2022-11-06 11:49:54.212,14318431803
255573fb564fa69bf85e0d93d9c4e8be,2022-11-06 03:11:56.232,14318431803
f9ef0a11f2fb8f7f76504c3493fdd291,2022-11-06 20:35:25.123,18725479090
4c5adac6418d00344930069cee5fdd2f,2022-11-06 20:29:34.844,18796908459
d718dec75929eb9fa9d04a6d21ac432b,2022-11-06 04:51:21.150,18529088791
9e527b35b329761c654b826ada8100cb,2022-11-06 18:57:54.072,18725479090
4dde329964bccae54fc0bec25c21eeff,2022-11-06 21:10:59.916,18796908459
b8b6af6ccc41a26ea6c9da28a4125e42,2022-11-06 07:03:25.286,14318431803
0ca8b44184643517ba7979707f619403,2022-11-06 21:35:36.687,14318431803
820c33a4f54ab0fb685fad7fbaff3e44,2022-11-06 18:08:05.271,14318431803
be57c89f9c24b12df0d0dfc5b80ff825,2022-11-06 11:54:12.954,14318431803
beec902900c276a2c5d249c9890e3845,2022-11-06 09:40:48.072,18529088791
4805ee1a9c7c79305f5a3fa63b30ac00,2022-11-06 13:51:44.957,18796908459
f6c72297a336b5674a7c896d3c835e62,2022-11-06 19:29:25.487,14318431803
adab997d83e5c570bd868744375ce4a0,2022-11-06 18:43:24.521,18725479090
08b6395cd658f484bc9a263d5b80e628,2022-11-06 06:05:11.723,18725479090
8fca4995cbf489c2ee11654691914282,2022-11-06 17:22:03.208,14318431803
d2137e80117a78e4a2661e804a4bce3d,2022-11-06 18:22:18.374,14318431803
86f774e00ccb8d26e2746665745b2b46,2022-11-06 09:26:05.562,18796908459
7aff8604453a42b1aa3068d1fcff9bea,2022-11-06 19:06:46.297,18796908459
be2cc75e60b51d99bb24b8f3fbc03502,2022-11-06 16:08:52.374,18796908459
a7f92b86d72d2a09b2b3bd5c90a67124,2022-11-06 06:57:59.773,18796908459
9fd15a02ce90ec42d6f991563e26bbe3,2022-11-06 17:22:39.413,18725479090
4fe8ff2f59e56a41057cc9d4a31a442c,2022-11-06 19:15:24.104,18725479090
4adde6ed0b7f55cb489d3946079ccbf4,2022-11-06 23:16:09.271,14318431803
e68cfb868a6b21a60bf4cd60fe48bb76,2022-11-06 02:16:32.717,14318431803
41e2ce3621773d23ce967018315c50fa,2022-11-06 03:09:04.482,14318431803
dc30d8732306430bbeb6f20db7bb4730,2022-11-06 04:33:12.252,14318431803
fcc931a04af79dda27d5bddcbbcc0cbb,2022-11-06 13:59:30.422,14318431803
2d9a9a44b92ecdf839ab07f372dd4cfb,2022-11-06 09:18:43.472,18725479090
4605272cdd6a0967d2e387c58f00bd13,2022-11-06 08:59:42.610,14318431803
d524b50eff475a78361b20df8b4e7411,2022-11-06 15:53:05.216,18725479090
614309867883276ed3a6a7d0d3abc2fb,2022-11-06 18:01:47.766,18725479090
a9a05f5920369b69718bcf3f02d584b7,2022-11-06 20:25:10.086,14318431803
d163391b7da55ea3d5ad561cb4d89e68,2022-11-06 20:25:08.357,18796908459
f12c4765e17f41149dde4a5e3d33dc01,2022-11-06 20:31:49.279,18529088791
6bb40e7734d4e06b91bec9fb6aac0312,2022-11-06 15:04:12.834,14318431803
1af4a0e3e1ca55784954896465d909d3,2022-11-06 15:11:14.958,18725479090
eb013b3ecf6517674734d6999518dc7c,2022-11-06 19:44:51.143,18725479090
7090a380a2dd88cc835b4ec6d9361a1d,2022-11-06 05:55:46.630,18725479090
56be95f9c38441ff4bf4667e12d478ff,2022-11-06 08:05:42.941,18725479090
ede8029aefac4cca04095f0eec394151,2022-11-06 04:12:18.302,18725479090
53de2544de547f0fe35f67f956eb8cbd,2022-11-06 17:27:35.858,18529088791
df241278182679caddcb726be217ef67,2022-11-06 18:06:10.590,14318431803
6df970dd47f0b6e1e9fa37cfc35d60ee,2022-11-06 17:46:08.511,14318431803
782975b9c91c1a420c7213ea996ebf10,2022-11-06 17:06:24.775,14318431803
c2068d60f270e2df44b903911a4b3438,2022-11-06 09:19:20.574,14318431803
61ba67773d5d409b88049e15925a9ea7,2022-11-06 17:16:14.332,18725479090
e5f9a71e2e9e79c35c573f9e7372b34a,2022-11-06 09:32:13.758,18725479090
70dacf6fd0e2cb1950c0dc37a67257e1,2022-11-06 03:22:53.210,18725479090
4077120074b8acb1521e9ab7ce288199,2022-11-06 17:09:31.714,18529088791
ee9f1b927712d5484dd3a185c2fed09e,2022-11-06 08:47:02.117,14318431803
655fccb6784a61ba080e8360fd3002a3,2022-11-06 05:31:18.385,14318431803
c920b6bbee0bda36a0c3cc798c1bd0f1,2022-11-06 14:57:08.743,18529088791
671a511c175caeab824e02853681a860,2022-11-06 16:57:24.600,14318431803
79ca45406c8b752446434ddc2f6dc437,2022-11-06 09:26:09.351,14318431803
e2c73e8bd3bd59e871582f6f2ad2cfc5,2022-11-06 16:45:28.546,18796908459
f6dbe84a05ef6ad3613a798508c15f2d,2022-11-06 20:15:18.516,18725479090
cd06c452683e06f7fbef93ecbe54885b,2022-11-06 16:35:59.662,14318431803
baa1f325307b1a80b3940741e915bde9,2022-11-06 04:39:39.943,14318431803
353c1b88d6347b15287769b0c9b3c9b6,2022-11-06 08:21:53.382,14318431803
e07f0b7228899dbc4d87fa2abd070b9b,2022-11-06 20:00:42.504,18725479090
bcd2e233fb1b46b655e7fb61636cf6ef,2022-11-06 09:18:39.635,14318431803
24ce2b9576f3139ed3111cb3a4977549,2022-11-06 04:18:04.772,14318431803
1acf0acaac8afe9846c2d97651eefa3c,2022-11-06 16:09:47.986,18796908459
02aabb80a38570d684f80df304c44068,2022-11-06 01:50:16.723,14318431803
2f4a90df48f762a2636d393547455703,2022-11-06 04:24:36.493,18725479090
35ce81beea6485df13636d889725debc,2022-11-06 13:22:41.741,18725479090
f055e559ce341d5874abb781e96ff168,2022-11-06 02:27:23.191,14318431803
d2c6766e3374aef65db376093660919f,2022-11-06 19:09:46.991,14318431803
e73751a21763f2093b799a3b4008e649,2022-11-06 18:11:47.479,14318431803
67beb6dbcfe767129854818b6f9662bb,2022-11-06 17:14:34.460,18725479090
b32d1d7d92fc192dcee7050a3d7a117c,2022-11-06 02:49:27.463,18725479090
7f8b8b164ebd771e493075567b17eee4,2022-11-06 09:32:42.275,18725479090
ef23516f7cf3f647312f8545f5c28996,2022-11-06 13:44:01.155,18725479090
7cf2cb065ce01289fd7897cc38128109,2022-11-06 06:55:16.284,18725479090
b704714e79d227529e519f2eff17b1f2,2022-11-06 13:35:43.528,14318431803
8bbd4f08e0594fae5d31e4deb3237b20,2022-11-06 20:45:18.499,18725479090
76887cb92ca7853222e368fb392b0053,2022-11-06 06:33:30.255,14318431803
89789e84a5249c85ed1f147cd8d10056,2022-11-06 15:43:26.838,18529088791
0140b52e076d644a5d2da681b0b7513e,2022-11-06 19:06:24.070,18725479090
0e1ef837e7e97a71ef7ebf578054bc53,2022-11-06 00:41:03.465,14318431803
68a5afbd22226755d2c1aae4d48f9719,2022-11-06 13:10:35.857,14318431803
0a99d7713d211df420d047782a33bf1e,2022-11-06 11:32:23.131,18725479090
7a59cb07c0bf7f7b7a5215c0e3e8f6b5,2022-11-06 18:49:53.998,18725479090
b5b872d9816e771a8926bf0bb6ce617c,2022-11-06 04:28:14.301,14318431803
5160b5d7e80ab52ee06f3a3931325a41,2022-11-06 02:41:01.672,14318431803
81106ec6ebf731d521db31ca825fff65,2022-11-06 09:53:49.003,14318431803
fcb4395f5d1f6224a727bba9ce61789f,2022-11-06 07:09:26.460,14318431803
fcc96703fe225e97bed3d7906bb93e23,2022-11-06 15:47:26.740,18725479090
4d8eaac8e602a85eaf80eaccb5b83366,2022-11-06 18:51:02.569,18725479090
8d7277848af91c75c1f7800d5b2b42b8,2022-11-06 12:14:27.281,14318431803
d49550a58e0f42007300529104c88340,2022-11-06 06:11:54.247,18725479090
1789a9ca46f947294cbbbc2e15cdb39b,2022-11-06 13:20:49.354,14318431803
dee7bb12b5161173b1f02f15b901cbe2,2022-11-06 16:53:50.321,14318431803
69add047efc4cb74ed04f03eb1cf2a24,2022-11-06 17:32:30.638,14318431803
1379570a2ae23c5f1a479f91a31885c3,2022-11-06 15:43:11.824,18725479090
e228922e548537c0d39d68937864d65d,2022-11-06 17:15:30.850,14318431803
bfe74341d991f9631fbdc9fac0160316,2022-11-06 18:38:21.958,18725479090
f2f3a6afb3c7b1fb888cd7c15067e499,2022-11-06 11:27:55.830,18725479090
8e937fe3902e4fa4f177e93ba8217d74,2022-11-06 13:39:45.053,18725479090
d9c648b84b231ab681f99ced68196bbe,2022-11-06 07:46:16.379,14318431803
3b3a65a9e032b72b6be0ad50af937879,2022-11-06 17:12:26.161,18725479090
0b14df940f656d8e86f5f670a0abdb88,2022-11-06 04:22:43.659,14318431803
c37a1bda3aacf8a13c6e59b72a62a2c3,2022-11-06 14:29:38.822,18529088791
0a2105aca79ebafaabfa769e2cb1fc49,2022-11-06 05:11:32.429,18725479090
dab6aa5385d072cde8e16dd551ed98a2,2022-11-06 18:05:50.068,18725479090
0090c4befe650e88d7c6af5b2db514e9,2022-11-06 17:35:17.096,18725479090
94042d9e4d56bed5af1fca13c2c692b9,2022-11-06 20:05:59.735,18796908459
b0e5e5500e830b4c8029d430921eedbf,2022-11-06 17:11:02.174,18725479090
8c3eea5b541abbfbe2b2e5df4314094d,2022-11-06 16:25:50.009,18725479090
472f638125302e776986a6bb9d74f24d,2022-11-06 17:03:07.627,18725479090
e0aafce4f3ef2b4584699080e310addb,2022-11-06 19:25:28.703,14318431803
b0faac5f6da563b73db8a86dfbf32b3e,2022-11-06 05:44:20.080,14318431803
655b1b6501b53304c94fcbe132e8f26d,2022-11-06 17:25:10.424,18725479090
974fb52d3dacb6615f321e366ae1887a,2022-11-06 06:18:32.957,18725479090
daff670fc085678e4f91459465e1479d,2022-11-06 20:19:11.410,18725479090
43b8be36666d4104344be8da52e66bc8,2022-11-06 06:56:01.689,18725479090
e476bbb997ce49cd37e8dd4f5aa6202e,2022-11-06 14:12:48.824,18725479090
2cb4c4548668ec2a71d1db655e4bc748,2022-11-06 06:36:08.555,18796908459
228f6ca643835531cf34fa0a96587a42,2022-11-06 08:52:10.713,14318431803
119f3f6744b0cd9c4566f3672d2ba6d6,2022-11-06 09:39:20.137,18725479090
ad6c5ba8f6f715cf5f2038777ccfc4ce,2022-11-06 15:53:15.623,18529088791
e453920d3c613d2db1f3d8b53a37225b,2022-11-06 11:45:51.955,18529088791
16acece0762c1142989058f85f81bf1d,2022-11-06 17:19:42.239,18725479090
24c4b03af85c02befb4d9b37240e8022,2022-11-06 05:18:25.722,18796908459
2979226bd5e937bf7af1fa329241c503,2022-11-06 07:52:41.100,14318431803
eb86a160da5cb330d9379b3699c0bc2d,2022-11-06 17:26:10.701,18725479090
26d047f606982fa436035c7984f0d08e,2022-11-06 16:34:00.929,18725479090
ea9000856f208aa505d1a2586c1ea4e1,2022-11-06 01:45:59.117,18725479090
66c8cf937d648e8a8af4caf83153d0b3,2022-11-06 04:49:27.946,18725479090
b61811d1d9320ca52f0863db95f24f12,2022-11-17 09:44:23.993,14318431803
d4d8ea149218e1db19870bcf974fcf12,2022-11-17 08:53:13.595,14318431803
bc1daf44241d0328e7a2bcab97686479,2022-11-17 17:07:13.124,14318431803
6dc31e14781e9b2b69bf503cee496d8a,2022-11-17 18:35:19.288,18725479090
2fe1b5201f5a5a2506f1872a9867a85e,2022-11-17 09:31:07.003,18529088791
5fb1c94cf98af68d0bbcbe14969e0519,2022-11-17 16:29:09.010,14318431803
47c53736f250dbbe8622b2a92af8c22d,2022-11-17 05:46:58.125,18529088791
baf2b3e7c926931914af426c9250c50a,2022-11-17 16:44:17.250,14318431803
4bd4592bf2056ec52a9def777ccca587,2022-11-17 08:32:32.832,14318431803
6925eb0df5dbe2d50a815e651f8d2862,2022-11-17 16:54:47.949,14318431803
ce4c9d38eb6df434dcf0c60c5aeb957a,2022-11-17 12:22:09.278,18725479090
ef745c34bc78b763993cd135520c4477,2022-11-17 16:27:39.469,14318431803
b5dc0d5a8e13ed4198af7dec5eb03f78,2022-11-17 15:14:06.417,18725479090
20cf371578a80aa7017da6bd3fa3cd9c,2022-11-17 09:41:41.652,14318431803
fd7dbae24556ff87eecb3552ce29631e,2022-11-17 07:22:06.203,18796908459
ae3e25e877ea7b98364745ace10ced90,2022-11-17 14:38:17.546,14318431803
3f7e7c14df5e3ebd7e3afb3c0796c6b7,2022-11-17 19:14:18.631,14318431803
f8e887e7ec11dba1da263fb0510526c6,2022-11-17 02:42:15.739,14318431803
e13717f29bf5687eadbfdb7393ea7ff2,2022-11-17 08:23:14.809,18725479090
46cf8c3967dc5495079a3868411733be,2022-11-17 12:33:29.729,18725479090
1e6e178210c56ca7091e210e7a626b13,2022-11-17 18:58:23.955,14318431803
2e8255e6f2184585b476c1196decbcae,2022-11-17 07:45:11.867,14883589082
4c2793a3e19f7984f8dff66f95ef7d68,2022-11-17 11:31:29.925,18725479090
e37fcb78e7fab828c2a373ea8a0d3aaa,2022-11-17 18:39:55.822,14318431803
5f3b25526093a2b312fa813972b5642f,2022-11-17 10:26:18.873,14318431803
bef6b297fc8a64087c50fbabded3accf,2022-11-17 17:43:45.178,18725479090
60da88cab8e5510939086df50318374c,2022-11-17 08:46:28.025,14318431803
6ce4711f6a58fc6a8ae15450b0d2f5c9,2022-11-17 14:17:43.225,14318431803
762ca08e00ac36c7e95f5dd96abcf478,2022-11-17 18:25:13.439,14318431803
5c5f404a235d79d1bfc994563eb11c1e,2022-11-17 16:56:17.105,18725479090
9d1dd0bcdcc8d15fb2dfec7569d2bb51,2022-11-17 17:06:53.400,14318431803
abfcdd1fd8948f4c78fb21fd7815b2fc,2022-11-17 16:24:37.754,14318431803
022ad14e1cbcc5c705848bba1ab1c088,2022-11-17 17:04:14.979,14318431803
dbd4d81b9cfd9b0497a8d1e594b6c99a,2022-11-17 21:28:21.752,14318431803
1af171f359adcef3a3a23021019081f3,2022-11-17 13:12:24.657,18725479090
78a78f323ba8afb50698b02176991d17,2022-11-17 13:32:50.563,14318431803
6590fa5fb239ae3f9cbd4e2666e8c9fb,2022-11-17 17:03:35.168,14318431803
1b6140c4aa199503bb0b99b3659c8548,2022-11-17 03:23:32.180,18725479090
b7181d047508662d66c6da01476dbeb5,2022-11-17 03:03:11.944,14318431803
31eb752c3beb5b2ca77f7183f9e528da,2022-11-17 05:34:57.477,14318431803
33066e3a7b8470cb7c43569cdc1c808d,2022-11-17 16:44:24.931,14318431803
6e9537d4f03a7bd578c300cd6769d21c,2022-11-17 16:22:53.579,14318431803
eeced45cb5f042dab380ec5feea09917,2022-11-17 15:21:15.298,14318431803
a7e5c7cdc98e3a48a9b701bbd69e02b2,2022-11-17 16:48:11.092,18725479090
45b3819de986bd7a78fbf860d9ed2972,2022-11-17 23:32:17.216,18529088791
85d6bfe8a3fb54a117b203fd55479079,2022-11-17 21:08:40.845,14318431803
0110dcf4f6ed01b37ad96c127201777e,2022-11-17 03:21:47.035,18725479090
3247bdfaa433a9add38ea4d242e7329e,2022-11-17 11:03:13.313,14318431803
73c40bab6d538a954c77852a344a00d0,2022-11-17 06:14:31.970,18725479090
6522d6c35e19552e2581d3288833f1a9,2022-11-17 03:47:09.720,18725479090
d94d817e08714f27a05d7f18e1ceb8a2,2022-11-17 18:29:39.626,18725479090
878f4332fd26404bc2d000c90ff46d79,2022-11-17 04:54:08.373,18725479090
1bdc1cc5f5f43f8f475dd204d191c8be,2022-11-17 03:59:23.140,18725479090
39fd2d16108dd261ca0b79bc4f819ca4,2022-11-17 05:30:23.859,14318431803
543aec1e6314398d19ab39d2096ba068,2022-11-17 17:31:13.397,18529088791
e7e9e349fbec46af5a10a2965e07ca75,2022-11-17 14:34:47.990,14318431803
d62099c797f710659a530a5c6d60cfc2,2022-11-17 17:20:42.456,14318431803
46919d981543a69c48c13d75fdef6790,2022-11-17 03:17:09.117,14318431803
c93009fddd10a565f5ccf3f85524b6b9,2022-11-17 16:17:31.835,18529088791
cc5ed21fe277cd6e98074265660de822,2022-11-17 23:09:47.847,18796908459
42724af7d28cc44cb7681a22510078c4,2022-11-17 11:43:47.170,18725479090
cdb909b483aa6657bdf693f03295e48c,2022-11-17 13:35:18.444,18340470460
e8520c4030f561ab24a88b44d55cb6a9,2022-11-17 10:42:53.919,14318431803
e56fc0b4b18c8a40c00611f7000673b4,2022-11-17 15:39:48.154,14318431803
94eb2fd849f78249c07c217c821ea097,2022-11-17 16:07:14.232,14318431803
48044187bdcb2b3ef2f391be6aaddd88,2022-11-17 05:55:17.814,18796908459
512a8448d759e8ae06bdbd773bbace90,2022-11-17 10:05:24.038,14318431803
d598e0004a75865db050ad888bcc2b7c,2022-11-17 18:53:12.729,18796908459
84edaa55c9c0a8693a0cd82438fecfb7,2022-11-17 21:03:51.619,14318431803
c54187e2161108974486a1a56278f1ab,2022-11-17 15:44:42.187,14318431803
fe34ea8ed921ecd5d6ad2da333994375,2022-11-17 20:58:42.196,14318431803
b3c4fdb22001bb6bb110cb7b32abdbd7,2022-11-17 10:17:26.881,14318431803
6c42bc4ce62a81e879580cfa81ea61c9,2022-11-17 06:07:35.453,14318431803
660fec21ed63f50ec009ac254eb61b77,2022-11-17 16:09:00.548,18725479090
4cd9984ea7e96ea64cfcf41c89b7af8e,2022-11-17 17:20:14.308,14318431803
83eca48cf2a1599986d84479baadb1cc,2022-11-17 16:24:51.106,14318431803
ddef26f9d2f63037e3580edd719bb19e,2022-11-17 06:41:23.022,18725479090
fef58a29bee89c16d2bb951bc7e25a88,2022-11-17 17:24:22.793,14318431803
3da6c1d7fae7883ccd5d3987bbcd300f,2022-11-17 17:17:44.643,14318431803
23253428cecf806716f4a1c57ebeff2c,2022-11-17 19:13:37.698,18796908459
6ae07096dc26239ac73c8b72069a6680,2022-11-17 12:39:55.216,18725479090
7013ce8b1ef4cc75fe73a119e41ab5d2,2022-11-17 07:48:52.812,14318431803
b386433ad48c10b7aadff1cdd5c98911,2022-11-17 05:22:28.048,14318431803
2085cb54dc9b69c53d97ea570f8be91d,2022-11-17 18:40:11.258,14318431803
aeb85389b4cb5b731c674234a74e8157,2022-11-17 20:31:08.524,14318431803
a6e7a9b4e06ba0b27a4bbd27e93aa2e3,2022-11-17 23:07:18.080,14318431803
4e08afc0adf9ffd0819a5e4b413c28dc,2022-11-17 18:54:51.214,14318431803
06e6d3f11a63adddbda3a1b9d4ff6110,2022-11-17 03:43:56.894,18725479090
1160df7c5a669859e10d21b62c3d1ab7,2022-11-17 14:50:25.734,18725479090
bb044685471b748bba10c809f283cc3f,2022-11-17 15:40:14.197,14318431803
5a8562093538bc11ab1fc7c94fa9927a,2022-11-17 07:09:46.951,18529088791
1771ac779c030a963128cb279ca58eb4,2022-11-17 16:51:29.051,14318431803
5dbe4b0bf681e9a210cfbb2f6ffbfb17,2022-11-17 18:28:58.497,18725479090
0eab08b51a54771eb7bee52cb53e4222,2022-11-17 13:45:21.527,18725479090
2f9d5f88d0959698eccd24e697c1224a,2022-11-17 04:51:12.481,14318431803
49963c02ab08bd501143d1b0df2b3a38,2022-11-17 16:20:33.801,18725479090
885dc5adfe8fbc8217e80133c027737f,2022-11-17 07:50:38.774,18725479090
572531e0602e6473b16363bc6229475d,2022-11-17 14:23:41.351,18529088791
a24040121411d3f2567bce6f8848ecad,2022-11-17 12:18:36.434,14318431803
74e2699112839c003a68bdcdb4cd80c9,2022-11-17 06:17:52.468,14318431803
b7e7215f479017a2a226d09f1f90a42a,2022-11-17 20:42:53.599,18340470460
83243c7503a45b23e6219cb544340f58,2022-11-17 04:14:30.841,14318431803
6b303bb260f62706c9124cda593a7b96,2022-11-17 18:00:49.953,14318431803
e89c0c73bc93f9899c69e604dba94065,2022-11-17 12:31:48.284,18725479090
540509aa774acf21522e453b562c8c24,2022-11-17 08:35:45.469,18725479090
a3738ee915f6fa0b19a694e5cbcc9ca3,2022-11-17 07:50:44.343,18340470460
043612952d4d78ef4014698f8d7059ab,2022-11-17 14:42:55.542,14318431803
0dc9c435aa138545325c28b57ced4b09,2022-11-17 07:15:05.928,14318431803
2a5bcbd35cdb44652d78e65ac2068523,2022-11-17 15:50:43.784,14318431803
f6eff11dab7b6093e3c1ee638a4e0c67,2022-11-17 19:53:31.180,18725479090
9442dcba26690412d3946f4a82f150ea,2022-11-17 13:45:15.376,14318431803
a337fc388906eba87cce27c3cd0e6bcc,2022-11-17 15:57:26.539,14318431803
30f5b326c9adee0166648de8af442179,2022-11-17 19:53:24.570,14318431803
a5b8515d8a6f4545313d60813526993e,2022-11-17 15:36:51.306,14318431803
54fa0e69cb2226e35826943238d511ac,2022-11-17 16:10:46.113,14318431803
6361a58d96fec4174cfe346d3ec35f2d,2022-11-17 20:34:12.350,14318431803
c8c8dbb3b30da3ace38590377337316b,2022-11-17 17:41:54.371,14318431803
c9cbaabe7fd3e90b7d8bb27f0757e6d5,2022-11-17 08:31:18.707,18529088791
8b99d4d2d88bc17d0e25b1f4e99431a6,2022-11-17 07:16:54.531,18725479090
9dcb6c0e8c8b884e3e7c5e97ef3a9394,2022-11-17 16:40:56.092,14318431803
66e4765eff4980bb772fdaaa31df9030,2022-11-17 13:41:24.161,14318431803
3c9f3e753aec5ca2bb1145a36ac8a039,2022-11-17 20:06:00.321,18725479090
1f6d550d2e2cbbafcc223fce361930d1,2022-11-17 08:30:33.570,14318431803
8991ad05763b5c86ae5042cc83ef54bb,2022-11-17 16:00:25.275,14318431803
3527ccf278787243eb6bc720c5e0f932,2022-11-17 17:42:58.683,18725479090
ae11150e77f7086da35a7d2b7871c83e,2022-11-17 11:18:49.085,18725479090
32e75a9b369f175667d2b2064464495e,2022-11-17 16:13:12.584,14318431803
fa443d8aa8a65e37c617a8d6ee2c743a,2022-11-17 10:16:26.133,18725479090
2937d4a44b93d2d18e4000ba29410a75,2022-11-17 05:26:36.301,14318431803
d2d4b9dd18af2f728cd328083874d19a,2022-11-17 03:03:32.823,18725479090
f68007f6a2b21916ad3c1686a6e20e81,2022-11-17 12:26:36.273,18725479090
071958f4478a5135d9e89b220831ea20,2022-11-17 12:38:42.396,15010179776
5f6291153c5333d45eb8681dceb608c1,2022-11-17 07:04:45.176,14318431803
97ea68056371f95191c976917822db81,2022-11-17 03:20:40.359,18725479090
5ab24de1cecea1b33e450c15928c16e3,2022-11-17 01:32:57.077,14318431803
63a16df37b17aba55c2dcdbfcb0b543a,2022-11-17 19:13:17.560,18725479090
87fd55afb2917ed9b7d0fb50274fac04,2022-11-17 15:59:13.361,14318431803
08216f2839274fe4a085621fb275c8df,2022-11-17 12:24:44.014,18340470460
9eb6d5444d765362573e8c31def179b8,2022-11-17 20:27:39.195,14318431803
83b3098e176e078c117979f47fbf60b1,2022-11-17 15:35:08.764,18725479090
392886bc2c8ab74a0c17c79649306b39,2022-11-17 16:03:25.565,14318431803
5c339c869acecc14b0e944171c27dec3,2022-11-17 18:08:35.616,14883589082
337dae699985547e80e6556f1939a914,2022-11-17 09:24:38.466,18529088791
bce6d24d4e4341ac6a7f24ca08f5f5da,2022-11-17 04:02:19.809,18796908459
a5a40ce2764975092e5018e394889a42,2022-11-17 16:15:20.741,18529088791
93ea3962d2f48f1459142932cb9902f4,2022-11-17 14:50:04.837,14318431803
e5542c2df46eb98142082f88a058fbfe,2022-11-17 21:00:37.042,14318431803
7b09975b985a94890dc466a095dfd01d,2022-11-17 19:59:58.402,18340470460
50d8ba0f12b25cc8358be63294934e66,2022-11-17 16:19:53.434,14318431803
bee24e08ebc916a5fade19a2f08e7ea2,2022-11-17 11:25:57.014,14318431803
7cabb39f690fcea2d2cce08fb7eac65b,2022-11-17 18:50:12.785,14318431803
dd17ee9fa05fdf7c5ff6de7e4a8c8aba,2022-11-17 16:41:58.951,14318431803
78b0af7f9c2eb649324aebac26accce1,2022-11-17 18:15:11.413,14318431803
4c008a2ac74381cc602e589e7f829eaf,2022-11-17 02:41:17.124,14318431803
388b6f2f0032d789c2743fcb57995adb,2022-11-17 17:55:24.875,18725479090
beabc236d58ffe5355799af09a4097a2,2022-11-17 17:40:14.726,18725479090
5f081d540ac2526ba927e0f162dc2cb9,2022-11-17 13:02:03.871,14318431803
f74ddf546536b18dba05ec0e81df328a,2022-11-17 15:21:34.599,14318431803
2f44860410645e04fe8813958ed0cb5c,2022-11-17 16:20:06.187,14318431803
55b17f3d5a04512fa380cb158240c6c5,2022-11-17 12:54:38.810,14318431803
2be90dafb36a1751fe85593c30db0313,2022-11-17 07:28:32.312,14883589082
45e8175b25c49eb7ef7e54c13b47a49a,2022-11-17 16:07:06.841,14318431803
205a97ff71006cf1d3b0aa1a2df2af68,2022-11-17 19:15:08.468,14318431803
e99050f0f5aefbc50e5da143964cb5a2,2022-11-17 02:01:52.083,14318431803
58457f9cafe1f9f728adea52502ef520,2022-11-17 15:06:29.082,18725479090
7eced2bc406ac10bec82f3f6284baf51,2022-11-17 15:26:41.982,14318431803
958c62a54361a14b2f7c3e8654bd1dd2,2022-11-17 23:51:37.954,14318431803
68764288aeaf41de7aa64f8e312d5550,2022-11-17 11:21:13.401,14318431803
4827c5d7dfb17f5477a93571297dac04,2022-11-17 19:15:18.635,18725479090
d75d4e23b29d60468c96e3651d94bf32,2022-11-17 06:45:15.960,18725479090
5f2fd9dd7a4ad4f2a8edbb670a971d4f,2022-11-17 06:16:41.945,18725479090
7fe2423de449d040ae501c3d4ca9fe29,2022-11-17 13:20:14.938,14883589082
f334ac3f9b97a7dc001d688deb4123d8,2022-11-17 17:47:11.635,14318431803
8015a708e296295bd639df864d6331cd,2022-11-17 13:38:15.835,14318431803
a02abbebde41117ae9846cf66b3ce96b,2022-11-17 17:34:43.309,14318431803
30f3b53945bdec2cd42ff9ada11276a5,2022-11-17 13:18:19.118,18529088791
f8840f76de67224c8926975ab49d5012,2022-11-17 06:39:21.650,18529088791
9dab7c9743fb8f4b45749c24e5121b4b,2022-11-17 03:03:08.480,18529088791
fa4ec8d5834b53f1c29e23e674fc3fbb,2022-11-17 14:42:28.534,18725479090
55b777624de8087179f42d9d49b3d35d,2022-11-17 08:21:26.298,18869995641
ef3d50307a977a9d5e839e1a2ff4144a,2022-11-17 03:39:29.538,18529088791
1630f9e60081968a955cc993db82e06f,2022-11-17 04:26:05.443,18529088791
dbf3233609d2291a265f89cb2be0e499,2022-11-17 04:40:35.957,18725479090
cc84bd8663b8642f4dab7e7dc54145bd,2022-11-17 06:07:40.802,18529088791
76fb4f7f7f3bab1af5ca710f9d426451,2022-11-17 12:57:56.074,14318431803
b21a2821ccd998ec87b369359f5fd046,2022-11-17 08:57:04.273,18725479090
a5e66d8f697fdb4aeb5e13906e0e37b7,2022-11-17 08:41:06.649,18725479090
aba959e10ac6d43c0aa9a40d8b5e2030,2022-11-17 18:45:06.186,14318431803
6816f0d6cfeabd002a280b2cb4c972d3,2022-11-17 15:10:48.260,14318431803
a12ebb52ba6cb77df250666174d3041e,2022-11-17 07:07:57.212,18529088791
01f89b0f9b9000494a446f02694152cd,2022-11-17 18:51:26.200,18725479090
070c198332ac5f2cf409150e4ef3b110,2022-11-17 14:47:18.968,14318431803
8fcee2374dc692d453a4eb5be1cec4d8,2022-11-17 08:42:43.816,14318431803
96f1cc0ba3de116ad7545a450438d1bf,2022-11-17 08:35:07.817,14318431803
94461686d824f81b528cd0eaab1b34fe,2022-11-17 18:11:22.323,14318431803
fd55722c55a0dfeba28002a70c0f0dde,2022-11-17 12:53:42.326,14318431803
6d2485085aa1a4aefccade3427db87c2,2022-11-17 05:57:29.296,14318431803
69f3de5ded183c1e834a231b00f028c6,2022-11-17 17:14:55.196,14318431803
67735881583bd383d3e6dfa1e0c6cd36,2022-11-17 12:43:55.387,14318431803
51e83b7a225ab4c148b2af383a1b8744,2022-11-17 10:56:19.337,14318431803
025072c740bbae6b8d9f1b59fea5d66c,2022-11-17 14:49:49.357,18725479090
6b175af827fa463676bff14ba6758e5e,2022-11-17 14:40:44.728,14318431803
c41da76894e8b5744061adf064798cec,2022-11-17 15:20:33.835,14318431803
3e26799581db1e18f00a34318bb28b3a,2022-11-17 08:47:58.315,18796908459
bec68a13c665f3835057a58cd28dc857,2022-11-17 04:04:18.440,18529088791
2390f7d7d29587496cc19172710fa5fd,2022-11-17 06:58:18.311,14318431803
26e73dda96c549a66093dfb203682ea7,2022-11-17 17:29:28.874,14318431803
1a2c34a1481628bdf3827a58485e1507,2022-11-17 14:47:45.393,18725479090
395c25d8ede5dfb416a08b156833e442,2022-11-17 16:46:45.960,14318431803
7b9d79f19ec0805b90beeb5b91aa38d2,2022-11-17 10:05:34.772,14318431803
e4ff31ed7a7589472282a85c1cbfefe6,2022-11-17 05:07:15.224,14318431803
957fdfe205f6e5ae193527feb93cec12,2022-11-17 03:08:29.171,18725479090
f21018c503ae6932ff5b2109831fd663,2022-11-17 19:20:52.818,18796908459
13ad872638fa26808421f79b8f8a730e,2022-11-17 17:41:41.170,14318431803
56e0bde82eedcf34c9d0da0b12826aad,2022-11-17 10:13:57.462,14318431803
783755894d822a5e629d63b0fd015e91,2022-11-17 16:02:34.357,14318431803
517d30889ed37d11503a34d201299c2a,2022-11-17 16:29:06.382,18529088791
e1b0f1459005d5f1291cfd90bfc74a08,2022-11-17 05:10:51.606,14318431803
f34e8053eb2661186ab825753ff27073,2022-11-17 17:34:33.013,14318431803
e3cd48e48cd52ee61904ac8417028ee8,2022-11-30 17:28:15.225,14318431803
c74149cbcc4186586907cf9e4907e314,2022-11-30 13:53:32.660,18340470460
58266f4fc0bc1cf4d239be5d153a8731,2022-11-30 13:09:51.654,14318431803
85c6b1a14a6086809b8c933cf5611e39,2022-11-30 06:20:22.673,18529088791
d49df9bfceb2c1320efa5058b569ebfa,2022-11-30 13:25:26.770,18725479090
866e52eff89eef0cafa1c4a2b1b48d4a,2022-11-30 14:16:11.146,14318431803
5722ec6c6c7f3e6ac8b1effdae81f000,2022-11-30 15:35:21.664,14318431803
99661a010bba33250cc19c88e6a5752a,2022-11-30 09:21:32.824,14318431803
77f337d182dcdd0c033d1da82e88d4db,2022-11-30 11:47:51.850,18725479090
b2387401a92d753acb0d0d5687885cb1,2022-11-30 05:37:13.205,14318431803
8843ba9f0f363c6f49ccfc72d9c03c63,2022-11-30 16:52:39.878,14318431803
4dc693b75d06f5f933ba686198cce641,2022-11-30 13:57:51.114,18725479090
798955e844f82ca0a24d23ad610518f4,2022-11-30 19:36:23.546,14318431803
2e00a6911e8e2b816999efcbacac9366,2022-11-30 06:31:12.625,14318431803
179ec9a259354cb0fb862f434876c789,2022-11-30 06:33:41.504,14318431803
36d11efbd63ef8523b72e1f85d666e5d,2022-11-30 08:54:10.179,14318431803
093c9a34c62a724030a083a84cd4b5bd,2022-11-30 23:20:04.113,14318431803
55147d45f7b5b065e769ec2921dbc91b,2022-11-30 13:57:31.818,18725479090
231b3001591e20fceb62dbca5f720ac1,2022-11-30 07:48:09.610,14318431803
a3fae50b2b959954e2148db8c6dde937,2022-11-30 10:45:11.784,14318431803
a92a0bb770b87f8871b99beea4e417b9,2022-11-30 18:04:12.024,14318431803
6dc9900b61208698e4ce5e0194abd7d4,2022-11-30 04:34:08.881,14318431803
3d4cf6cff7cf9e5f8add9a24b05b4cef,2022-11-30 13:21:29.326,14318431803
a7c1f5d5198bcb779964480009f76a9e,2022-11-30 14:46:12.111,18725479090
b56e8a46485fbbb6d02277d7225f3ddf,2022-11-30 12:19:15.460,14318431803
1e491cf885855b45b017370eddf3c3b2,2022-11-30 01:31:31.657,18340470460
4494fdf6e409d4e33e6fa309c2a3d487,2022-11-30 15:09:10.574,18796908459
29c5ef3fbcaf491897a8d3d678f26bb1,2022-11-30 13:56:09.659,14883589082
0ace797fa5bad49eb5d5b2c59219d885,2022-11-30 12:23:45.013,18725479090
d2af20119373061da9780daf27608b82,2022-11-30 12:24:54.061,14318431803
035a5089d1a97b39761f3880f9dac306,2022-11-30 03:16:08.696,14318431803
1ff052e1c5906cb36ae53e98c1c33b06,2022-11-30 02:55:38.997,14318431803
75d2b1ab59877f2e8bd920a2d39e0bf9,2022-11-30 08:03:58.400,14318431803
16b950be108ec92a44664d013be28683,2022-11-30 07:05:35.058,18529088791
1217261738ebb19cdc964c4b0b288b10,2022-11-30 08:13:30.041,14318431803
ab491deafdec4b85631ae2f4544f28ab,2022-11-30 12:38:54.229,18529088791
ba6977790b7059309bcdbed78530defb,2022-11-30 20:46:11.249,18796908459
5a830dbd2ab70abec83f0ee776e14699,2022-11-30 15:38:14.105,14318431803
a7852316331f8a106aad47eca1d5427c,2022-11-30 07:33:10.703,14318431803
52b35a994f293d6476363ce15da47db0,2022-11-30 16:05:58.747,14318431803
89df3db3b969ba823db95df47dd13f00,2022-11-30 12:10:40.941,14318431803
cd7ff54024c469c65f624b4473412768,2022-11-30 12:15:33.749,18529088791
091ee73e53c0a73cc441ecbe9e9877cb,2022-11-30 09:17:26.996,14318431803
c2d23adb60f5e59bfc577df0a5b4636e,2022-11-30 08:32:30.875,14318431803
ef5808f1d9bd75311871a3ee00d4f88c,2022-11-30 04:23:47.605,14318431803
0028d7431a11f8ab7e240b013520aa7d,2022-11-30 12:58:03.732,18725479090
3af708c88e9fe0ea2a37bcf7469da86d,2022-11-30 16:13:26.447,18796908459
d7b6c6214e3dc4f8dfa4f8f17aa96db9,2022-11-30 06:18:26.743,14318431803
7909a6ca353e995fe9710f30bbe5ccb3,2022-11-30 08:09:14.708,18340470460
ce5e0720f225ffe7a78436ff90466af6,2022-11-30 13:08:26.124,18725479090
67c695b77c37d770f2e9c77ef7abfddb,2022-11-30 17:50:28.986,14318431803
8798afd52fe2cdce5034407d5991b71c,2022-11-30 07:11:13.559,14318431803
0c8d4698f289ff98b045df0726e3b5d6,2022-11-30 02:22:44.964,14318431803
4c36a7bc53960331a6641a2682433470,2022-11-30 18:43:26.741,14318431803
eb3bf7a0d07d0c219e7a84a40b9f01e6,2022-11-30 16:13:39.246,14318431803
4189d6cf74132fc29e25bd5972dc9c61,2022-11-30 05:40:25.798,14318431803
8c700eabfa14a3c8b3b994b049f04e47,2022-11-30 07:34:04.520,14318431803
aa9f6fb4dbc871324b38ab0dc2e39ce7,2022-11-30 06:08:05.782,14318431803
8422a5e50d361b8083cdb15cae919ac0,2022-11-30 12:46:16.290,14318431803
a732dcee6009936326e8e2467486c28a,2022-11-30 18:11:25.616,18725479090
f436929a017e0df2a82a3b446f4386be,2022-11-30 16:55:27.486,18725479090
7f130cf2c0a2688fa840b082d2739b5f,2022-11-30 06:02:16.337,18529088791
57ab0e5d9342de26979e2d5ab178690e,2022-11-30 17:39:39.001,14318431803
5aa19f9f62115c36dfae23fe6fe2d18f,2022-11-30 19:03:27.583,14318431803
87720559c22b779d2d653b48173d6fc4,2022-11-30 12:20:52.565,18725479090
51ae0e2b057b70441e165b78a24fec94,2022-11-30 09:57:34.676,18529088791
3433d55a0c0461de3993204d71201d1b,2022-11-30 15:55:29.623,18725479090
eb6591d9618511c1aa07c9b846cbfeec,2022-11-30 07:24:31.039,14318431803
dc4ea17cc9237daf86c8f67f15a2794e,2022-11-30 03:12:44.004,18529088791
a56ec6999d600d293e20cbc381b73bab,2022-11-30 03:42:45.222,14318431803
91b2631c30ccd0b4f08b688bba36234d,2022-11-30 17:25:00.439,18340470460
08d4ee071757c1637f1079fafdd2a2cf,2022-11-30 16:29:26.684,14318431803
f88d4c5c23612d41b21210e9feb4f145,2022-11-30 04:22:38.288,14318431803
b0f6f0cc761cfaaa959a9375979751bd,2022-11-30 07:25:29.454,18725479090
a905b14540325160c618d116388f9631,2022-11-30 13:26:03.389,14883589082
bb0bcec34bfa8ee63e1ab30cb4c2a7d5,2022-11-30 05:50:24.321,18725479090
cebbf7b4e3c2e8bd39621ef95f81d840,2022-11-30 06:01:18.718,14318431803
99751f74088f874e6af0fa7394963ca7,2022-11-30 07:22:33.080,14318431803
3a22387eb5e7fcf329c8b9f7b076cac3,2022-11-30 11:33:13.640,14318431803
592bb1366561e741bbd977d9598eef0e,2022-11-30 16:53:29.516,14318431803
049b9c01205986b82f362994b50e9f3a,2022-11-30 13:07:41.349,14318431803
ac2c9b23b25e7889ffe4a5ac5f6e2258,2022-11-30 05:35:50.617,14318431803
57f0b9db4e3558171d0fe4bae3f74bed,2022-11-30 20:53:05.073,14318431803
3de073fe541894d32bea26c86bdd95fe,2022-11-30 12:45:26.061,14318431803
e01e8057d419279d6ad1cbc9f8eaf1c5,2022-11-30 14:28:59.190,14318431803
f96b441ea65e6230400239d8da8eb167,2022-11-30 14:03:43.636,14318431803
99947c70cf73bb396303fd24c1705f54,2022-11-30 12:29:00.583,18529088791
989f9d6a1efb1bea3dfd6a068024717c,2022-11-30 09:35:02.762,18529088791
a27551b760dbfd15b11427f991708143,2022-11-30 07:57:03.975,14318431803
cea6fb37b62144b6b2c1cab644579774,2022-11-30 15:16:50.632,14318431803
8a02cf3ede3ab1ce165b79658cd57ec8,2022-11-30 17:49:06.808,18725479090
d0de61149f683289b4aafcf96e36154b,2022-11-30 12:22:32.010,14318431803
c3811124f1766a99dd25aec22a6c5de8,2022-11-30 08:23:51.390,18725479090
b8f69647615e2ca63c5b7f6d671ff7f4,2022-11-30 19:45:26.072,18725479090
437737a63ee4c2bad027f67d447e7815,2022-11-30 06:58:30.597,14318431803
53f639bd3eda4c833ff769863a8f41a5,2022-11-30 13:58:27.781,14318431803
8854441d33740201c69175ce98503f3e,2022-11-30 13:59:45.516,18725479090
ab2f022d4c5f19e3ccdb63ac2bff10eb,2022-11-30 05:38:38.753,14318431803
c00f4c0f8735a36f8e57712fe5385244,2022-11-30 16:18:59.570,14318431803
1be75a612f8ec530cd8670f3c0a51da7,2022-11-30 18:16:31.552,18796908459
5c39f6b2e2fbab686646bb547a42b922,2022-11-30 04:29:06.690,18796908459
7141d5ce43803fe65bf5f06a07abd99e,2022-11-30 18:35:07.743,14318431803
cb31c6605892ae8f4e39b254b724582d,2022-11-30 13:27:35.731,18340470460
70e5f991717f4743e8ade1d7cc9f1783,2022-11-30 17:49:06.940,14318431803
5db90fb4a8af579ff9b372e21ea6718c,2022-11-30 04:45:57.248,14318431803
82cde9bf8d9d742117112f9499009732,2022-11-30 12:53:39.531,18725479090
51fbe5fe338235f38f32ce3fbeb597c8,2022-11-30 17:34:18.728,14318431803
44b0a701a1123bba65e3aef5791b40c1,2022-11-30 10:12:05.455,14318431803
3050c05e5bd12057486935603240eb36,2022-11-30 06:32:02.217,14318431803
771880741316aa0f5020ec2b7bb69356,2022-11-30 10:58:10.365,14318431803
071c3247a7913ee0630224fdfe75069d,2022-11-30 06:32:27.601,18725479090
c3065f5732efab10e0370fab8505b984,2022-11-30 13:46:56.942,14318431803
02f55c06331db4d99d0f8554aed27c11,2022-11-30 19:36:05.498,18725479090
26ecba2c2310c30fb3e806ef52daadbd,2022-11-30 14:04:09.713,14318431803
b91167e71d0a9c6c9f2f6a7f9b92827c,2022-11-30 19:26:00.233,14318431803
3c127a8fe9997c1293a898dfbe917285,2022-11-30 16:10:06.487,14318431803
b12e4a6c734d181df16de653dcab8d84,2022-11-30 05:15:33.306,14318431803
734b4f0fda80c4de57258ab7e631bdcb,2022-11-30 15:05:02.578,14318431803
e9f3a77dfdfd930ccca1f8b84b9c79fd,2022-11-30 07:13:03.702,14318431803
c0b9fb30843096973b592012c2c9c26b,2022-11-30 08:56:13.253,18340470460
1ba88eeabfc4265fa8adb0d955fa2a57,2022-11-30 19:41:41.538,18725479090
c27400d63dea53f55ef623400f1a49a9,2022-11-30 04:08:08.429,14318431803
1bfd043e7478e85a447e16cbc376289b,2022-11-30 13:03:40.403,14318431803
9a7699f8fdfab0f5204a98a4e1d1252f,2022-11-30 16:23:51.983,14318431803
2aa25da6b2ac36f7b281b471937e27c0,2022-11-30 10:27:19.144,14318431803
fb624f9b6b730596941259fc4f125006,2022-11-30 03:05:50.646,14318431803
5e70f5804e0eca891993137d4a514695,2022-11-30 14:38:40.995,14318431803
a9fafd8a24a7d980786d00bc3eab6434,2022-11-30 11:29:46.845,18340470460
d7a95864a4407d8c56c50b11866bba7f,2022-11-30 18:53:29.389,14318431803
7ca99595625943257091f97848a367cb,2022-11-30 03:10:23.908,14318431803
f867fc35f0068c89f165a56c8e4d3bd1,2022-11-30 06:52:29.903,14318431803
a23636c52d7b29aaf4f7dd3181676406,2022-11-30 13:21:46.972,18529088791
30bfc5cd34d97b87d085923da8408bdc,2022-11-30 07:34:59.648,14318431803
c8327a43ba7f3f1cde68187fcbad8fe6,2022-11-30 17:58:46.462,14318431803
45c88fba5efb05f1c58f39b9354021c2,2022-11-30 06:03:52.089,14318431803
4a4781b5873f015ed50610d753c65890,2022-11-30 15:38:34.949,14318431803
5d8af2e3fbeb4c0221545b999b4e12ef,2022-11-30 15:11:06.944,18529088791
5d2588d367f576dcb98de22d69e20845,2022-11-30 17:33:15.088,14318431803
92a576c308bec570282ab9709555a147,2022-11-30 04:32:44.075,18725479090
43ec76f0526ba3f2cd9e46d331f1ae6e,2022-11-30 10:01:25.927,14318431803
d5535cfd28eac11a368d7ed02ba8c52a,2022-11-30 15:42:43.989,14318431803
eaff82211b7a5c2385f51c1e7d343880,2022-11-30 04:50:38.468,14318431803
056424c5bc9758feafc174daf636623b,2022-11-30 13:32:57.753,14318431803
68c08b88d1f6ff929e6736f16a0cc398,2022-11-30 10:31:15.264,18529088791
00f864c52c03524fe4b4a7fdf5458347,2022-11-30 17:41:50.007,14318431803
d4e39feb9ed463f628d358fd63f81166,2022-11-30 17:13:50.993,14318431803
9e6ad50252e1f77dc57307b94b237ced,2022-11-30 16:04:24.556,14318431803
4e54608d34e8b54f7ec998e746d54030,2022-11-30 10:26:24.529,14318431803
2f3b6603a33ab33b68e31202b8905d08,2022-11-30 04:46:12.981,14318431803
d9b16fcf04c4ddbc05a2ef8b369ada21,2022-11-30 14:21:00.787,18725479090
02dd4ca97eee95b4765ae387f4740df8,2022-11-30 09:33:19.509,14318431803
f56b4f8a2f7a35c711bb3aedefed78a6,2022-11-30 02:49:27.747,14318431803
1ed012ff3206ad479ffb267a3e72f0c9,2022-11-30 15:32:22.629,14318431803
d117154629b8310f195a56547168432a,2022-11-30 07:47:24.471,14318431803
3abc92eee3c6e0574e77c4ee4e6450e2,2022-11-30 17:42:22.251,14318431803
02e29ab11ff76420a66c97f25b7fd04f,2022-11-30 22:44:47.326,14318431803
8d321330d7958d62f54f813b15632ab3,2022-11-30 08:30:27.301,14318431803
3091ebb07f04a8c42883a19dada0ec3c,2022-11-30 01:06:21.095,18340470460
88204fe8bfb1114f4bc6beedbeee8bc5,2022-11-30 13:30:00.317,14318431803
6baab8a66e5195778d86e70eaca4bdc2,2022-11-30 15:09:44.290,18725479090
9c542df9c2e881ff7c9b9a714b6f6306,2022-11-30 07:25:37.049,14318431803
35db9dedb17c8ac85abe904ad93a6381,2022-11-30 07:56:47.948,14318431803
1e85089e88ca883c8dacd43998c8edf8,2022-11-30 08:25:02.275,18725479090
393c0cb78b53464cc7dbbcdf61b5f160,2022-11-30 10:50:12.089,14318431803
2c88569ed90c8b4069abe432e0f4baa4,2022-11-30 12:50:33.671,14318431803
0b28d3dbd0f4ddab00c765f123c49dd1,2022-11-30 19:45:49.111,14318431803
3858620c7065060377c4ec27d9bc2505,2022-11-30 07:49:06.420,14318431803
013e82e5588d7672c24c53f606a94eca,2022-11-30 03:21:39.597,14318431803
216c112556154d6b3280673370cf52bd,2022-11-30 16:32:51.835,14318431803
77c075573c571bfa4fe25761f2138d38,2022-11-30 14:29:20.919,18529088791
32dd9cd49827b89729bc6f6c73a07820,2022-11-30 07:22:57.678,18529088791
92c34b4b12b9d82b5e4d9499ed6d4d33,2022-11-30 06:55:09.401,14318431803
5fe43f921ad6f71882490af6669383f6,2022-11-30 20:23:10.544,14318431803
fb944de1251036def0a0c96d7480c065,2022-11-30 02:51:06.928,18725479090
49edb6c307b738238ec65b5198c4afbd,2022-11-30 08:46:14.505,14318431803
cb634266ad6e7c07878911bfe091a499,2022-11-30 12:22:50.911,14318431803
5fb300650f1f4c786796ed49f1ffe079,2022-11-30 01:58:14.372,14318431803
8f0b7c0547713d30c157a13c8bd185e0,2022-11-30 13:58:53.323,14318431803
d4d0b68f44d229a4dbc1c901f05b6377,2022-11-30 05:48:52.590,14318431803
dcf3b88d61e4e9dabd4a0fa0b663f7f1,2022-11-30 09:11:58.098,14318431803
3be24d714aa7ff6787d29b2f56f7c9f7,2022-11-30 18:27:34.925,14318431803
24cad82d2cb346a3f7a3831d238a5d9e,2022-11-30 12:39:23.584,14318431803
be0685e9d481024c5374a69780387975,2022-11-30 15:00:18.734,14318431803
9fbea1a94f15351d3cb61f1e8b0b8701,2022-11-30 13:37:05.173,14318431803
9db8128ac2e48954c117b5deb7a9e638,2022-11-30 08:16:55.953,14318431803
004732410a2615afc5002360f7873887,2022-11-30 07:07:34.010,14318431803
5a963e572c4c52e6196551e2efd5974c,2022-11-30 16:10:25.096,14318431803
c553457a70c92a619c49959eea699071,2022-11-30 12:54:12.024,14318431803
d0bff9a1c4ac6b2d22e99010ea10ccb3,2022-11-30 10:06:59.547,14318431803
3434a15433d504c4785c4ba2a9d50ca0,2022-11-30 06:22:37.566,14318431803
765ce327646373324f28c2845f7a332f,2022-11-30 12:35:59.715,14318431803
852cb52b17cf6aeaa4a54b39d1ef3e58,2022-11-30 01:45:07.863,18725479090
05d9028315f163f680e61d13e0cdbb47,2022-11-30 05:58:06.146,14318431803
b4c19a7c695dd6bb8c97a067189f3a4d,2022-11-30 15:08:33.372,14318431803
721b8d0551e3e4308a653f3ae3a7b5d4,2022-11-30 04:00:39.970,14318431803
8d0132f7a316e5df4a0eba0448a6b4c6,2022-11-30 17:47:41.057,14318431803
cc13d2dbad40009e1e02d3a89cfdecc8,2022-11-30 06:39:47.899,18725479090
8bd6154ba49881b546f0ab28ade4ad4f,2022-11-30 14:09:42.631,14318431803
da8ec517935b3d495d299fc3fbbe22d7,2022-11-30 17:14:06.801,14318431803
b40eb830b2c941755767f16e8117eaad,2022-11-30 19:24:22.664,18796908459
0a71870e6ba4ff963746005535b4ca91,2022-11-30 10:01:31.991,14318431803
d626f6474fc018c793cbcd271cddda36,2022-11-30 12:44:52.574,14318431803
f1ed4430857b07742d600281045c66c4,2022-11-30 09:20:11.985,18725479090
172411a953399c7d4f303c7f66297403,2022-11-30 14:17:23.771,14318431803
11c79da7f9830afa7190e95bc22d03f4,2022-11-30 14:54:23.309,18529088791
15f7c77cb087b579a49e57a691311b12,2022-11-30 04:30:06.961,14318431803
130086d34189a1cc5a504b1f6ec1f3a8,2022-11-30 10:47:42.680,14318431803
413a3f0d09343f157913b05d3f20f7c0,2022-11-30 05:50:19.594,14318431803
a7e68bfbfbbe094a9310b81704ae76af,2022-11-30 05:02:05.662,14318431803
3858e7b8859c47f9d51bac2bddd54760,2022-11-30 04:50:18.449,14318431803
7f38735ec233d3f6ce46ba93b7c55665,2022-11-30 15:42:03.988,14318431803
cf8c7d79296974e253963fe5a78d4362,2022-11-30 06:29:21.486,18529088791
4e7b946e80719ea3e2c5c9013464caa0,2022-11-30 11:20:41.916,18725479090
3869c11cca9528666d5dcea82f61f24c,2022-11-30 21:05:51.559,14318431803
80192af357a32875e3d4815872c15743,2022-11-30 08:08:39.870,14318431803
eb07a3216aa3f0fb42ad482197adc34a,2022-11-30 16:53:17.176,18529088791
02afa57b5018ddce00ac7047cee87485,2022-11-30 16:28:36.182,14318431803
66f06ef8cf9e2651737ba9a02a0e8f1c,2022-11-30 09:54:11.949,14318431803
964bade2238a5609c2f254ddeb4fb567,2022-11-30 12:33:18.615,14318431803
8d9618627a6311dfdbe636afe6f5c922,2022-11-30 20:27:30.222,14318431803
f11f8616eba44572a5831e34d80915b0,2022-11-30 14:38:45.395,14318431803
56ea870605d670f0a35674db966c2d78,2022-11-30 14:39:47.241,14318431803
f3717e19a1ec020b5e0cfdd5e0cc2785,2022-11-30 17:06:01.825,14318431803
ce735020fde6ab04b2cc2b0d999631a7,2022-11-30 17:53:27.448,14318431803
72363751a44bc92bac709d0a83ed4260,2022-11-30 09:49:14.755,18725479090
b324825dddeaee8aa1cb8e6d4d28f2a1,2022-11-30 18:23:44.764,14318431803
4df22296fd9217c99313a0d85ec5bdd3,2022-11-30 18:55:49.967,14318431803
156d978965f3ce67d3ed40218620990d,2022-11-30 12:52:24.237,14318431803
8d8b094aab3058c73ecdbd04cbfb1fef,2022-11-30 15:20:44.329,14318431803
5113f59e76c87aa1942f514d4e46c006,2022-11-30 02:50:51.591,14318431803
1c3f9355f2cfb94b521088eaefd3b670,2022-11-30 02:27:38.685,14318431803
3f91424d1c39d5e83d729c14a44266a4,2022-11-30 12:31:25.577,14318431803
56dd1852dcec8d56f6d9c75fb43c9a0d,2022-11-30 14:35:37.476,18725479090
f2e93724e44072ba11203ed4b9b4df03,2022-11-30 15:16:39.992,14318431803
288aa060c7fa59024ae3e2ff182cccde,2022-11-30 14:50:53.486,14318431803
a387207237bf203212e56257a71b330a,2022-11-30 17:37:25.053,18725479090
0090381d3bb277f80b5afddf47790064,2022-11-30 12:40:34.110,14318431803
08be7dd87869e40d56f05a5dbcf62783,2022-11-30 21:16:28.222,14318431803
c09e811619682f9b41271c8d49962624,2022-11-30 04:27:26.681,18529088791
bf9aa935d4b176ac4a376502213a95e3,2022-11-30 14:37:42.914,14318431803
8e5d5331713926625b136a27cf63832c,2022-11-30 10:51:12.875,18529088791
c7661154bcb9486c45ace9665143ad3c,2022-11-21 16:06:46.034,14318431803
d3ce7e44fa5f2b693b83c5cc78930128,2022-11-21 09:03:18.306,14318431803
cf9cea55ed676986caaade44e294a607,2022-11-21 18:00:21.893,14318431803
41381b24d297a1f998d823c78f6681f4,2022-11-21 17:47:45.573,14318431803
3dc66645697ab86b433dc960901e4aaa,2022-11-21 06:47:54.698,18529088791
8cc5b576212d777de3f1ab7b92f69701,2022-11-21 18:05:09.245,18796908459
a68ffe5fda9687860645c94a11310802,2022-11-21 10:52:51.765,18796908459
75706fcfac9f6874e0ec67560b273903,2022-11-21 22:01:54.078,14318431803
577b608091d3444e8a4cb7571726a20b,2022-11-21 20:20:17.204,14318431803
8d523ca0d6c06187baf20d36219ad923,2022-11-21 20:29:50.604,14318431803
c845aa53a9132f7701505d5972e08c67,2022-11-21 12:17:25.465,18529088791
e82a7f28ab2eda4c6fcbfff12d287243,2022-11-21 17:53:31.392,18725479090
a87673a83e7075d0052ce6fcc9ec2be1,2022-11-21 20:05:55.488,18725479090
4d6077b1e477978ae19ac64550e251df,2022-11-21 07:15:04.293,14318431803
6f47480223a90772414e3c00acd5ee63,2022-11-21 02:40:08.305,14318431803
8b788b96bc194a1789c7a38fd0f916b9,2022-11-21 11:51:09.344,18725479090
03244f7e65765d49469ecd069f385e9e,2022-11-21 19:19:55.137,18529088791
cb7842d3b12b74dc495483e2e82df1d6,2022-11-21 11:21:35.855,14318431803
a5ed4c9a35efefc2288d4c401cb35289,2022-11-21 11:38:57.991,14318431803
ba5dc0be10cbe7b37f7afb6fb7719f2c,2022-11-21 09:14:33.981,18725479090
7791ed1d015361ccc1a5f1d4b2df71e2,2022-11-21 09:26:36.309,14318431803
55d124e56cf5718a18c37b9a0a6d64c2,2022-11-21 08:26:16.668,14318431803
5f4eeab37a13713c65c6441b437f68b6,2022-11-21 04:16:00.569,14318431803
c5f55c3dbacfa322e35ec6e32d60f69c,2022-11-21 00:31:09.731,14318431803
aad267b335cbd7119d5be5753a785ef9,2022-11-21 05:35:43.055,14318431803
d4416798fc90209d0ff398436944f1db,2022-11-21 07:30:28.211,18725479090
64cd682289eb2fd994ef6dc46f45aa98,2022-11-21 07:29:06.038,18725479090
709c0948520eb53fbdace611ae8b9b8c,2022-11-21 18:12:57.935,14318431803
19cee863ec09a831154ee4682fb593de,2022-11-21 16:16:12.542,14318431803
3060ae81668d2944f5b53f06707aae5f,2022-11-21 03:31:55.870,14318431803
7cfa95b7292cf0c30538b7ef7514b3da,2022-11-21 08:50:33.603,18796908459
9825f6fd04a02fa169baf4367a45719a,2022-11-21 14:09:14.197,18340470460
21b8fed3f9d3c37fb943db6c19cb7a07,2022-11-21 13:31:36.495,18725479090
84cff9adbfed8f5460ca7f438f12e097,2022-11-21 03:21:32.813,18725479090
a6e685233c2a2975966a0a5cb79328d7,2022-11-21 11:31:37.235,14318431803
7f9cfeaae474ff2ff257189f738e7264,2022-11-21 14:05:11.157,18725479090
1bab94b89b19bddbe957b41ba37d5e8f,2022-11-21 08:13:22.841,18529088791
d7a47dc34fe9a1117fdccc953b54d553,2022-11-21 20:22:07.002,18796908459
be08f5428a33159e6e1bdca6715853e6,2022-11-21 17:25:40.260,18725479090
721057aca23f8a0030115d0ab76c303d,2022-11-21 14:05:39.895,18725479090
2929a2430ec54252ac0abb99b76ff81d,2022-11-21 20:05:37.214,18529088791
bf741d9007bc48998eaf2e598a6e068a,2022-11-21 01:48:21.024,18725479090
a284dc768eca9ac503c1965ad123748c,2022-11-21 12:54:22.099,18796908459
f3995e3fe8bc5dd75cc26f5a29388762,2022-11-21 10:45:20.808,14318431803
d19f32a1653e3b9d3978200c6448dcfb,2022-11-21 13:58:14.751,18725479090
3077d52dec5666abc8421ce7f6f03ae2,2022-11-21 16:13:36.459,14318431803
3b4ff14dce34fc1d6be6484c224c42cd,2022-11-21 02:30:50.106,18725479090
4b3361e416ca509b94b8e05ecd97b788,2022-11-21 16:23:44.536,14318431803
5a1ca96f9f31d1f81b057752a80ffbb9,2022-11-21 14:26:26.712,18725479090
fa380abe0574e2c967559a9f67e41a87,2022-11-21 02:35:37.435,14318431803
90b7bf015eee996c96b7df3ea9bb325e,2022-11-21 04:46:26.169,18725479090
2038f3c313fe5d7c254632b967b55bec,2022-11-21 10:28:24.377,14318431803
4b74cb9d2a143a887d72296f0dd49104,2022-11-21 18:53:16.144,14318431803
c38b9f84301767b47bc1d74c775eaf44,2022-11-21 06:59:49.949,14318431803
00e4285b216e5ed210f7e3c6c5332ff8,2022-11-21 20:51:46.249,18725479090
8f5b1e3e4adae9e660eb22d870211516,2022-11-21 07:59:48.371,18529088791
067dcbd7d74c41c5b0296225bebc5981,2022-11-21 22:41:26.170,18796908459
6990477e0c4fb96ae8a07bcd58afe058,2022-11-21 22:38:54.487,18725479090
072d490b6da3e25be62e15ca1802e901,2022-11-21 04:29:37.078,18725479090
8d33f4fe26e2ae3e4966ce4e2e321280,2022-11-21 02:12:22.142,18725479090
6a7cba2a91004dffa3807b62ab245d17,2022-11-21 06:44:31.533,18529088791
8006123ff6964d8997a7c4b6a28cd57d,2022-11-21 21:23:24.326,18725479090
af80a8def00745b01018e54eb8c55118,2022-11-21 05:41:27.384,14318431803
fa4757fbeea434ccda6565bb58b31729,2022-11-21 05:10:59.069,17497274587
9ae9888f09d21333db637f51f014b4c7,2022-11-21 12:28:51.553,18725479090
42506bc2519a985c70713b22d6cfd3a4,2022-11-21 14:54:23.893,18529088791
a4f62b5e66b3cbefb43f0177907eb57a,2022-11-21 08:57:39.016,14318431803
b36ab85b87d0ecb2fed33fd365d8f08b,2022-11-21 12:54:43.482,18725479090
2aff3d64d480ca808f05a8c9124d8317,2022-11-21 19:16:00.301,14318431803
df72cc9f5b5fae31700235ca6cd34d94,2022-11-21 09:39:20.838,18340470460
cf66ebd2c84f41152ff9aeb14b402f93,2022-11-21 19:24:35.654,14318431803
640f791853ea259d34711ce86c96ae35,2022-11-21 06:38:27.694,18725479090
ab225dd5f59c6562b810b911841e918d,2022-11-21 05:38:38.401,14318431803
bc0e8f5ed756b5decdc35808dd3a70f1,2022-11-21 14:11:40.278,18725479090
8333baedf2b230a21389aa055501abd7,2022-11-21 16:36:21.414,14318431803
25c5648353d4b7ef4c3e9a51c4365253,2022-11-21 07:34:14.026,18725479090
4f0c457440e5bf4e9959b30c57446a36,2022-11-21 09:08:02.843,14318431803
1ba1a745830a6256c5d84a75907492dc,2022-11-21 11:53:23.679,18529088791
c52e7e2c122cc394bb5360cd1aaf4db0,2022-11-21 08:02:53.346,18529088791
1cbb214382b577e7b152767f7465d185,2022-11-21 03:08:42.428,14318431803
41172d1a0aa46b53db0fe6a63e29fb9e,2022-11-21 13:18:09.109,18529088791
09179211173aa19c017306676ca4bdf8,2022-11-21 11:45:27.818,14318431803
6df2ab1257affd548ed8ed07ed1b040b,2022-11-21 01:54:42.488,18725479090
bc41af9b6a7fafd80e8610e9493a7df5,2022-11-21 19:39:56.470,14318431803
d9800daf1a19c7b73dafbf35597b0c42,2022-11-21 17:01:21.378,18725479090
814fb5d3e835924c17438e041754a1cc,2022-11-21 05:22:11.803,18725479090
d08cf659e760e99e4dfebf2917a2cb95,2022-11-21 08:35:34.319,14318431803
bba8cd0dda795a94109fedb1f880dfbf,2022-11-21 05:54:15.678,14318431803
db3d587112439ded78f999bbe086b479,2022-11-21 06:49:17.256,14318431803
f7be04579312f679cb59b16e28c8b295,2022-11-21 11:01:00.496,14318431803
bbab5b0ea85b50669dc4e40cd9b6f34c,2022-11-21 13:40:05.046,18725479090
b8e363bf4b701fcf2fc0662ef87baf2b,2022-11-21 17:37:07.528,18529088791
b6f4638123a764c03e82aaf35b486198,2022-11-21 07:16:10.630,18529088791
8cf02a3e1e074d91a74d4652984e075d,2022-11-21 10:49:29.814,18725479090
2738c8cb2cbd0653968900485c82e273,2022-11-21 05:11:30.464,18725479090
2fff60588a6b5aad2e1b96292857f279,2022-11-21 20:13:24.204,14318431803
4a607a2fd3e2a7af11096d0f9c671ae1,2022-11-21 11:42:20.479,18725479090
91b0378d7e1a3efa680e32b3e29edf7b,2022-11-21 00:21:08.622,14318431803
336323efd9c2abd16656c9272e9510d7,2022-11-21 18:52:16.218,18529088791
5c80b5807bf324bb49ec2e3c014f9466,2022-11-21 09:17:02.052,14318431803
e71d915713295d9fec9880232a2e3589,2022-11-21 03:52:42.882,18725479090
2949604921feb765e6685c28d07d4e3b,2022-11-21 09:16:24.774,18529088791
1ba651f19367707d036df43f3287e7e1,2022-11-21 16:44:41.164,14318431803
23f01180f3106d1444a0357bf932a7f7,2022-11-21 11:23:20.528,14318431803
4563340a30164cdb5c33e60c648bdbe8,2022-11-21 23:22:03.088,18725479090
d9cad50ffd77f77a975e86a49ef66b01,2022-11-21 10:34:05.875,18725479090
5ef83d106fbfb07b828bce9727d1a350,2022-11-21 09:26:08.814,14318431803
07e42ce7adcc905c51cb7a40d2eacf37,2022-11-21 05:34:36.539,18725479090
4b6f77cef39e4b8c6435168e88eada41,2022-11-21 02:02:47.516,14318431803
46dd430ecd96ea7f39318dfa8acc35cc,2022-11-21 20:14:19.635,14318431803
7494079109a22945c6cf42720feeeeb9,2022-11-21 14:58:26.783,18796908459
4675ab98754907a2b62a395fcdb913e0,2022-11-21 11:11:11.227,18725479090
af9a9697efe0e350f322b4b8d8890c28,2022-11-21 18:19:11.297,14318431803
99c128ac0e3689ad7fa2408d5152042d,2022-11-21 02:28:19.073,18725479090
1c04f103e9873abfd45b8a42990f3a9c,2022-11-21 08:11:02.618,14318431803
e79f6b9d8d224d52409b506aac6ddc9a,2022-11-21 16:11:36.115,14318431803
96c03a7e425b8a9c62752116164c6eb7,2022-11-21 07:28:19.112,18725479090
fe2594e4106c1561ea03dafededcf59f,2022-11-21 20:23:31.085,18340470460
a0a7d1b33baae5e5fa4d0c950e2ee39c,2022-11-21 10:03:17.560,18725479090
29b70eaca8a9f8edab1f5b90df0f62dd,2022-11-21 10:41:29.753,18529088791
b8f3b34fa9d7654f519df86e9c8af32e,2022-11-21 05:13:32.886,14318431803
d8a215e8d035a2fdff9db5d7b656b0c1,2022-11-21 07:59:27.503,18725479090
bea53dba0519d01de6845b6c18d54469,2022-11-21 17:44:48.338,14318431803
6ee3eda2e3e9d9fc7353568cc60b8ae8,2022-11-21 02:26:33.591,14318431803
8f6b90279d4b4b7a9e12e76b8f0ecc64,2022-11-21 06:19:22.987,14318431803
b31cb81b58f5374548a9bfeced743be9,2022-11-21 15:15:57.646,18529088791
da381a128f89faa84e3d8d72136ee1b7,2022-11-21 08:39:35.956,14318431803
f29d29543055b5813baac1ef87b9f464,2022-11-21 04:18:31.263,18725479090
a47c947992613b57f42608a7ce8324a2,2022-11-21 14:13:45.558,18529088791
fd6414f356a3b2e96a6462634f6142da,2022-11-21 11:09:26.388,14318431803
74f7f21b0b74db3bb5b373deccd2a357,2022-11-21 13:14:14.153,18725479090
bc49f19491cf7746df8b0b161faea63b,2022-11-21 11:53:01.348,14318431803
8ff4e3fdad70017c0b66f826d1065233,2022-11-21 10:54:25.805,17497274587
8d5558d5a32fec39a39374fb064edd2e,2022-11-21 13:45:29.943,18529088791
eed7df89dc2816c79fb9da607a401c93,2022-11-21 10:16:02.759,18725479090
21b63eb80d17607cfcfd06ca2673981d,2022-11-21 09:35:23.951,18796908459
3f5faede8eaa85af5f7a9a01bb545fdf,2022-11-21 07:43:14.901,14318431803
872d51cf98a91a0436198fcee7abba76,2022-11-21 20:37:38.698,14318431803
86d922aad8781b893a9d2a4d37d5ebdf,2022-11-21 18:07:43.724,14318431803
e0c3539c8ff45863b349e263849888c6,2022-11-21 19:36:04.626,14318431803
ec67fcd6813188b12e0f9be76cc376f3,2022-11-21 14:41:03.464,18725479090
22b97acb45a54633d739e4fbb457625a,2022-11-21 14:36:46.954,18796908459
e13723520c70a211994003d5f3fb1a0a,2022-11-21 05:11:14.755,14318431803
fa85fb76a5fab1f275f40584712131ce,2022-11-21 07:34:51.792,14318431803
b0193708bcfe378c1ebcade61f003608,2022-11-21 08:25:30.403,14318431803
b302bf4acdc85c1cd16f2f9c25eb2aa7,2022-11-21 09:34:30.332,18796908459
b1e9428ca85cc821f3ef0d420a2298ca,2022-11-21 05:33:52.002,14318431803
e88bd84713e903e27e0f1eb1d9f0de73,2022-11-21 12:51:14.882,18796908459
7a1c1f2a4db02b25a618524676dd589a,2022-11-21 13:45:29.410,18796908459
f20605198e89599bdc45a02c8c280a4e,2022-11-21 05:22:52.751,14318431803
5c3f3a8214f22c828e7af7a7e4ec20c6,2022-11-21 20:05:23.051,14883589082
0dd00852622748150048e487a7f5f012,2022-11-21 06:27:15.823,14318431803
ed35a69c162c6d45132e570f36e1bee6,2022-11-21 12:10:25.158,18529088791
c300386ac40293a8159aec4065ff878b,2022-11-21 17:21:52.983,14318431803
ee13c41f650807c650bec07afd813763,2022-11-21 08:12:28.788,14318431803
9cf13c0bf0d42dced72e4eecf70df09b,2022-11-21 18:27:00.705,14318431803
219337f1e34b80cf1a927db78938d9bd,2022-11-21 17:21:07.687,14318431803
7d9c46bd5b6826bf5dd1ade9e9e553e9,2022-11-21 03:42:24.396,18529088791
ddcd948be8aae9d6f90484f952ed2402,2022-11-21 17:58:39.870,18529088791
cdf6d4bc44482cb6136cfea8107458da,2022-11-21 09:48:21.745,14318431803
f81390160dfaf7027b754778506572d1,2022-11-21 07:20:08.360,14318431803
676965c3a601aa6ab4ef30cbf7a48ef7,2022-11-21 05:33:40.638,18725479090
b0fa64ab53e82cf1327973150fb9d9f8,2022-11-21 16:59:57.807,18340470460
76dd263dc7918dd1edc30bc5bb1a3154,2022-11-21 08:05:18.417,18725479090
b54289fe34bba4e5b490748a601e68d1,2022-11-21 06:45:47.938,18340470460
cfc49ed07a1a945974cbba5c21212ce4,2022-11-21 19:43:00.142,14318431803
3cfed732653ca565825f65e0d6f03133,2022-11-21 11:13:50.733,18725479090
f8becc3b8db05fa2fbcdb3a48794e6ef,2022-11-21 05:11:34.023,14318431803
147638245b2924cea22a578b4b4f99b3,2022-11-21 03:06:38.966,18725479090
ac72fb974aaa3336e56302f6b169d8ac,2022-11-21 02:34:11.615,14318431803
d131e468d666fa1cce3b2d3941218211,2022-11-21 12:47:38.007,18725479090
a7ecb3acdeb3607f6b6113d52c3bb08a,2022-11-21 20:15:24.766,14318431803
22ff7f631b5597929d0f497d59e97a71,2022-11-21 18:04:22.557,14318431803
7e4f19f494dd138449ac5c7a74e3c5b5,2022-11-21 09:39:05.264,14318431803
5574ae3d06467e9c92789bda6f726584,2022-11-21 13:34:14.451,18529088791
1e93f8eb425cb52a0693174553db0e50,2022-11-21 09:00:29.320,18725479090
1b970f503c9d870ee4ffb07d7d2e5362,2022-11-21 18:33:37.011,14318431803
ba78a1711c80706025b1b939a656d236,2022-11-21 07:13:33.114,14318431803
a38283f0813adde4ef9ba0f9c6df135c,2022-11-21 03:16:08.118,14318431803
2b0daf6862056d039e79bba57a8e004a,2022-11-21 09:02:04.179,14318431803
88d2ffd9e40c9080a4a549f50b2622be,2022-11-21 17:24:37.902,18529088791
c0dd182ddff68b4d9a2779d41407c268,2022-11-21 05:51:52.973,14318431803
d7cb33b816841bfdcf25a198272ee6a7,2022-11-21 06:07:33.147,14318431803
239f394f56bb771d599fa64f94ae8b91,2022-11-21 10:58:31.518,14318431803
25410406cd6d7cad7e87d32ce0187d8c,2022-11-21 07:35:07.544,14318431803
61c027d91cf2d0c63b9f5174c5d833eb,2022-11-21 19:46:51.424,18796908459
f95d452054161dff8c2a9ad3f075e168,2022-11-21 08:30:59.879,18725479090
e03048083e32ab51110ce619ae01644b,2022-11-21 17:23:12.552,14318431803
9d3eea918b10adf48f29c0b7594f9cb2,2022-11-21 12:48:13.342,18725479090
89c63f4dbb706b0f1d96edb23ac15362,2022-11-21 13:19:07.936,18529088791
8580ba4e612ec41441c9db0d23c576a6,2022-11-21 16:06:29.234,18529088791
1a5979cdcdf07f4bcb7a929fde547a67,2022-11-16 02:17:19.611,18529088791
19efb1ad8012c1a8725e8c706228d043,2022-11-16 09:38:38.459,18796908459
a7ff7484c3226adb4c8d6c42650af5db,2022-11-16 09:56:27.270,14318431803
70435f3acbde9f8aeb4076702c109c96,2022-11-16 04:28:37.607,18529088791
8f1479fe03c39fe320c423d74cbdaece,2022-11-16 07:06:15.571,18340470460
702626945f266098976042eac0e6f491,2022-11-16 11:35:23.852,14318431803
87d49f8307ed3defbd4b9c98f246f693,2022-11-16 14:15:17.309,18340470460
c09930bd1ee6afe614ecdac3b398e561,2022-11-16 07:39:27.956,14318431803
1e094e60b95e31bfa573746e289c40c2,2022-11-16 18:28:31.308,14318431803
8063528654f0217ae1c9c64fdd252301,2022-11-16 03:54:34.700,14318431803
55a91d22383b8e049b1dab0c09b91c0b,2022-11-16 15:12:47.009,18725479090
854d5d4046e506584e2a248f71d86f68,2022-11-16 14:21:13.731,18725479090
dde9e3d3a44f7abb20840a735cdc933f,2022-11-16 09:44:00.164,14318431803
073b1c24e4cca0a40830b8cc4210174e,2022-11-16 18:16:05.869,18725479090
bc5534451faf355b0f609771792e18e1,2022-11-16 08:19:36.402,14318431803
0f3a4f1de61d69363245c00c1962605a,2022-11-16 23:36:04.608,14318431803
bdaa49d77a6e0c266849b3f5768cad51,2022-11-16 01:04:58.417,18529088791
55b2f341992612aa3bf3b5757065bd85,2022-11-16 12:36:48.565,18340470460
c9428f6e1b0aacf24c440cdaeb92f223,2022-11-16 18:36:50.137,14318431803
4c0fa3c11305304799b83013bd5cccd6,2022-11-16 16:07:35.320,18725479090
bd085832f36ad42d84fdf0afac0deadf,2022-11-16 17:48:33.315,14318431803
7cea787dcd0baca9913411316f1c4fb3,2022-11-16 07:24:51.662,14318431803
3f6ed2e61ea052f774c06ea19e35ce10,2022-11-16 02:31:02.514,18725479090
63409b6511aecc9e7aeb7de185bc18b1,2022-11-16 21:15:49.256,18796908459
34dd87288e3faed4c8118c7775496575,2022-11-16 06:36:28.497,14318431803
ade4615f2a821cf4885650cd210b80f2,2022-11-16 12:00:53.784,14318431803
bbf7ec615a91e5ac97fcba4426b2a589,2022-11-16 14:37:21.358,14318431803
abf56b8c211b0df202cb0e6738bec2f6,2022-11-16 17:36:11.046,18725479090
d3239652bcc03cb0f2b675288e81a1fa,2022-11-16 05:22:00.477,18796908459
de48941defe44c918811ebdc78ef2048,2022-11-16 02:45:37.433,18529088791
5609b3b18ae1d66fc35fb1617e0e7bef,2022-11-16 06:56:25.041,18529088791
452417db3d1fb9603338cf6ab71bb307,2022-11-16 16:34:58.598,18725479090
bffedd90d041333deff2811925a14df7,2022-11-16 05:24:20.379,14318431803
ca0cf7a2ebdf10d9e6d18bc717f8ac54,2022-11-16 07:37:59.202,14318431803
1b50a347f0cb4f5d9324ea97295477ca,2022-11-16 15:17:32.090,18725479090
0b04fdd28ead1c364d4d0d967b92e81d,2022-11-16 10:10:36.332,14318431803
3f131a546638a86b528c2f857c24e9ef,2022-11-16 14:38:26.020,18725479090
01638b91c1d4ee856f5bb0bb8eb4d18f,2022-11-16 03:49:41.230,18725479090
3d74f4fdb5f85f39690ed5b157ce753d,2022-11-16 05:08:55.629,14318431803
49200da125389b0031d7f0e84434712b,2022-11-16 05:24:44.822,14318431803
fb3e7b0e90fadb70b0859958d9c5fb76,2022-11-16 16:41:17.867,18529088791
002d7a8881fc114846e19372c24e5399,2022-11-16 12:44:28.471,18725479090
d6ce1f49059f620a36995c6b440f26b4,2022-11-16 11:41:41.325,14318431803
fe6d42dc824a5d7dac532cccdc4104fd,2022-11-16 08:32:55.374,14318431803
1bcf2ed70a4977b958b8be7816452910,2022-11-16 15:48:46.768,18725479090
81012262a0b24bfd6c4fccf60b8dea74,2022-11-16 03:39:30.013,14318431803
77798e52855839c7b1b43540ae75b4ef,2022-11-16 10:55:00.786,18529088791
49990292eb533a7ef40c789fbafab085,2022-11-16 10:37:39.217,14318431803
7040e79f302b27e592b63fa835228c8b,2022-11-16 16:39:54.014,18725479090
4ccccb23795da7124fae3bac0eee39d2,2022-11-16 13:10:02.253,14318431803
9e0cd84945340fb22d9331fcfcd80f8c,2022-11-16 13:32:03.574,14318431803
b1bf2e9dbfc32d9d27fa4cef89a650bd,2022-11-16 17:25:10.984,14318431803
fa58644692fa2c31ae8f9ca77534bba1,2022-11-16 01:59:04.563,18725479090
3a6fc3c03df36a3a7fa58b85566834f5,2022-11-16 17:53:38.256,18529088791
5591c3075cb6c6bdeef35b88e574fcc0,2022-11-16 10:38:53.634,18725479090
1ca0911d7f1ca29e75b3b73c80baed21,2022-11-16 05:54:40.478,14318431803
d067bda7dd21d74c10246ea2f5abf72a,2022-11-16 10:21:49.739,18796908459
eb9bff0ccbad888d46798dd3d3387e37,2022-11-16 12:32:15.284,18725479090
98baa1b1ddf29a9e98afae7f46236231,2022-11-16 11:39:57.527,14318431803
2c97e697bf44326fb42aa1cfc00535e0,2022-11-16 07:02:11.019,14883589082
56591beccbd1b2e80a8418eaec2903fe,2022-11-16 05:51:21.967,14318431803
a4cea6cb51e39808da79e1cdfb0a2b2b,2022-11-16 04:51:14.868,18725479090
3231ce078f1c8347f2acebc9e4c113e7,2022-11-16 19:52:04.576,18725479090
525c495fb1119301583e563662fa988b,2022-11-16 06:47:43.992,14318431803
84382834f6a2896890d901bcc1043480,2022-11-16 11:00:07.175,14318431803
9d1cdf0b78c8eef8dfde16daba4e9832,2022-11-16 01:11:57.822,14318431803
d889bf67eb4d29cb1d7b295b5e54ea94,2022-11-16 18:54:07.824,18725479090
ecc07f625b1586c79fa8e9bc209623ae,2022-11-16 21:01:26.878,18796908459
0589f7bf8fdb3808e6309208b0745d57,2022-11-16 10:04:18.703,18725479090
a1cd6173db9bfdf794ac11ad121296a6,2022-11-16 12:29:37.559,18529088791
418ff58ee9005c275d5194729a23e8c2,2022-11-16 04:18:38.798,18725479090
551e0d33d132e072d95dd602b0c75ba7,2022-11-16 06:29:25.703,14318431803
106723cba33bc139e2c506ea0c923aa0,2022-11-16 14:29:30.920,14318431803
ea52a2700bd98172b1e55f984a02c0c6,2022-11-16 12:04:27.392,14318431803
039b80299681cca82fe6d5ebbc0ea704,2022-11-16 12:32:28.571,14318431803
78e0c309b9083f1aeae123430badd88a,2022-11-16 12:57:06.955,14318431803
91abe363450ec19e11aadb0464eb2aea,2022-11-16 03:16:45.124,18725479090
decae1e60c225100d789f9c0c15f99f7,2022-11-16 17:39:50.849,18725479090
ec171979ff87375fc806d1b6039ed083,2022-11-16 16:21:47.496,14318431803
474a04e09774bd98acf1fa0ef14a9699,2022-11-16 04:18:16.777,14318431803
f7674487c3a27b7fc75113838b4c800f,2022-11-16 17:19:20.412,14318431803
3bbaa8793b18f8f4261e1fd4706e963b,2022-11-16 08:19:58.653,14318431803
052acf97bef7ae99635ea78b456ed597,2022-11-16 10:55:26.382,14318431803
a65e3027ee264dd37f27eedaee3ff4ff,2022-11-16 19:03:05.975,14318431803
4c2850091148531ef3de753f7a74409e,2022-11-16 12:12:51.576,18796908459
8c112e139d0df5c89ae96b4d6cdda041,2022-11-16 12:26:46.837,18725479090
a811bca199f5abbd5c2fef27e2226cef,2022-11-16 16:42:21.651,14318431803
3810aa9e7ff35504e14e464d59ddbf1d,2022-11-16 15:24:59.720,18340470460
4bab311092ae4822e9090b42cb01c65d,2022-11-16 11:54:16.636,18529088791
8006df299f9fb9fdbf940a77c78d9d23,2022-11-16 19:42:46.591,18529088791
351f0fbdf53e7d1310ff8477c3491880,2022-11-16 12:06:36.076,18725479090
1e4431a997a2040ca5b3d4533a1cd4f9,2022-11-16 22:35:55.646,14318431803
9af6616076bc31dd70a990c668361227,2022-11-16 09:28:03.027,14318431803
31782095785a78e2e973603802d79e52,2022-11-16 12:06:22.105,14318431803
5be27854bdc98be9a520b3bc7a383ef8,2022-11-16 21:22:39.242,14318431803
9854fb6eae5e4af8d39a91b721b4a3ff,2022-11-16 13:45:27.479,14318431803
0ce155bd759a3f3bd1767af8fb127f4d,2022-11-16 09:40:13.088,14318431803
c4f5b800b19cba41f2ccf6854cab4fa4,2022-11-16 16:15:36.434,14318431803
731bbfdd20a5810b88e9e17cc0de5161,2022-11-16 05:34:55.598,18725479090
217360dfdb31adb0f6244cd448d13aff,2022-11-16 11:15:14.633,18529088791
e76eedb74df9718955f02ad5200ed197,2022-11-16 14:45:20.680,18529088791
8a551dc224ca42807f613a45f317dff6,2022-11-16 04:55:47.900,18796908459
b5258986941b99443b80db17b0240e8e,2022-11-16 05:02:22.590,18796908459
40366a9ed91095aa677a2b246cfe4c48,2022-11-16 10:39:24.884,14318431803
c9fef9bf306b90d31b3e5d6e82a49d62,2022-11-16 08:03:44.082,18529088791
01584487625ffc18552a3503b683d5ff,2022-11-16 13:16:27.128,18529088791
95972412104f13c5f98ebf19a9d29dce,2022-11-16 23:49:18.936,18725479090
f318081ad23444c8a75b484d0d3bbf7c,2022-11-16 05:22:33.944,18725479090
1307965e8509957d2e6d9407d56fda8a,2022-11-16 01:35:52.005,18529088791
649d15c49f7cbfa0d9cc69291054901f,2022-11-16 03:16:08.397,18725479090
9d3f3a828d8ea66e3fdcb75787609029,2022-11-16 09:33:59.263,18725479090
fda717a5b261f3271630a3d2d8498b5d,2022-11-16 12:07:22.240,18725479090
5ea906db4d3ff268238c76231ef12d63,2022-11-16 12:56:56.266,18725479090
b4baafe5e15eb9792437acefaf1838e0,2022-11-16 06:05:31.039,18725479090
064066601633283022d374ec3cebd1d5,2022-11-16 18:53:58.039,18796908459
efc351e907236667ea6752cc816f1502,2022-11-16 12:12:27.996,14318431803
07d0f200ce4f6cc5566c2cc25116ddab,2022-11-16 18:14:26.812,18796908459
9834aad9686e265fa88a5f127f8180bb,2022-11-16 20:46:59.706,14318431803
5a03aa3aabc3b19f33d94d902313650f,2022-11-16 05:34:55.276,14318431803
dc87ea1b2f7f2bdc74038aef5d0b7e31,2022-11-16 05:25:39.319,18725479090
5fe66b11486ad29729161237d4db60bb,2022-11-16 10:22:56.548,14318431803
00ef947c8f7d3897c72fb1510e9ac668,2022-11-16 03:53:59.084,18796908459
fdadcd719cc18fe816328ea46fc02c88,2022-11-16 16:02:12.562,18725479090
de5a8c391c3ab3ac650944bcdb877548,2022-11-16 01:35:26.680,18725479090
16b3cc7c74b1987cbfdfec42e737d2ba,2022-11-16 07:35:56.815,14883589082
f72e7a4091a63702d1767b3d0c5d3397,2022-11-16 16:12:03.517,18529088791
fd7622715763e68edfd056e1cc7d1716,2022-11-16 16:09:22.041,18529088791
91b0fc5aeb1045f20d0fb4b76b7e98b8,2022-11-16 11:00:05.895,14318431803
ed17fc00c30f141fa8dd735abc838a7c,2022-11-16 06:33:17.950,18725479090
02bc4605ff6917a919f2a2fdac5a9cc4,2022-11-16 19:22:37.215,18796908459
cefe25dbc2eed4da79c7b2b8b99ca6b7,2022-11-16 07:56:25.149,18725479090
cf6ce8024c287120c43cc65615dc174a,2022-11-16 15:04:33.217,14318431803
7e94dc2c2a74c89da05c1b615c24d4f4,2022-11-16 03:31:47.766,14318431803
493ad70bb7d9a1853dfee84cd8c909c8,2022-11-16 16:41:36.929,14318431803
d2830e6ce23821e8a86e0a7743451945,2022-11-16 14:32:37.372,18529088791
12baaddf80f31e72df3b05a9ab3f729f,2022-11-16 13:54:01.777,18725479090
44ff1dfd759c8e1d4f8f8f434a19bf1f,2022-11-16 12:20:53.887,18796908459
45785164d949671fb06c74be493945fd,2022-11-16 13:41:49.159,14318431803
98e45aef2bf7282973e6f43939b4e615,2022-11-16 17:09:10.129,18340470460
98f9cc1fd982f2f205ab863b7c8c21e3,2022-11-16 20:46:44.359,18796908459
3f2cb43ddfcf4be96aedd530dba9ea3c,2022-11-16 13:37:00.652,14318431803
df41c7a2899d31f8df951ba87597d43f,2022-11-16 02:31:29.353,18529088791
cde79bc1aed1002963337c696f4a6089,2022-11-16 09:16:42.927,14318431803
5b7f2e64f4a58a06ad077cacd6f9594f,2022-11-16 15:23:05.220,18725479090
c1e261485360d0b2046924599777d66a,2022-11-16 16:33:35.138,18725479090
bfcbc953de9233fe91f8faa4c8ae6156,2022-11-16 07:17:39.999,14318431803
0b2dbad25f4c3eecdff974c69b723abf,2022-11-16 05:32:41.641,18725479090
3c6bf0c2a9b5dbe22a3cd3a13bc9092d,2022-11-16 17:10:22.335,18796908459
2c3f8e82ad8599419357bedea0702b15,2022-11-16 09:25:06.645,18725479090
1fcc3944d51d6b516a35e108b98d8dac,2022-11-16 05:42:12.459,18796908459
79c5dd33af227b55eacffe01e18186c6,2022-11-16 10:29:42.212,14318431803
fa0d56cbfb1fd3d7ea9f1a64a9d82620,2022-11-16 04:44:31.841,18529088791
718e6efdd4360a0103d405d8826f2def,2022-11-16 08:34:27.766,18529088791
7b5ba7ff4ac9333ff171df95eac9f2a1,2022-11-16 06:58:21.332,14318431803
01eda59907c4de4ea7bde78ae14efef4,2022-11-16 08:28:52.661,14318431803
e0390c580e9f1c377af09014b18aa6c7,2022-11-16 17:00:33.070,18340470460
8895ad3d8209ee41298a0ac5774fe701,2022-11-16 15:33:44.430,18529088791
c31e3a28b042e9161165bd68dcd3a403,2022-11-16 08:39:06.327,18796908459
334e0c4960d3a173199c8e0a9db21b8c,2022-11-16 14:50:29.836,18725479090
5234e61f5b21757dabb41371ae0169eb,2022-11-16 18:56:05.048,14318431803
2e8d8c1eca6c85a2d90c80fc54c9081b,2022-11-16 13:07:38.260,18725479090
6ad3de4f2664f99da1ae36c11027e1e8,2022-11-16 13:49:30.428,18529088791
bae0db056746b48e617a290a45cb7451,2022-11-16 12:28:03.361,18725479090
8edcfb2b43c0514dd2c044bf87d08518,2022-11-16 18:03:18.686,18340470460
a3c907e23c59866809c586259ab4cc4b,2022-11-16 10:37:35.803,14318431803
a028454cd30b293725909d47b2d36d88,2022-11-16 07:02:32.653,14318431803
2f2ae4016d32e098045731aed0a77a8f,2022-11-16 11:22:25.577,18725479090
6ec4fcbf83bdd746c127f6578c8e06df,2022-11-16 08:04:44.720,18725479090
00b523473c9f2a31997e0bfa56fbd4a4,2022-11-16 04:52:25.777,14318431803
fea605f6db9119058b17656151b0f893,2022-11-16 14:11:55.552,18796908459
96b5f91ddebc7f46efcb49cc5abdcea3,2022-11-16 14:53:34.042,14318431803
bc7a5054ac712f49a9184f2213ce27dd,2022-11-16 14:52:12.100,14318431803
c7d01bad68d7c1de76c916141d3ae1a1,2022-11-16 21:00:55.809,18725479090
9772ebd0b990e0c9876051802de496d9,2022-11-16 04:49:14.384,18725479090
ebabbbb53477b522fa72f94ba6a95b0b,2022-11-16 19:40:26.486,14318431803
bdc649ad6f814676980e94967122d5d9,2022-11-16 01:33:05.376,18725479090
cab56a50f989ca1174d2326eaeb5f078,2022-11-16 07:06:03.954,14318431803
28990e5eaa4b292d9ddfc97efb08d738,2022-11-16 15:26:53.622,18725479090
0e7b89f79d134a55615f8125a38e78bb,2022-11-16 04:16:09.488,18340470460
3031c15318aac870277f56ada724d585,2022-11-16 22:03:48.939,18725479090
937cb523f6144bc4c757069f8ada50b7,2022-11-16 09:18:32.765,18529088791
5dd0ee8cdefb51ed7b8d6be56aeaec69,2022-11-16 18:40:36.123,18725479090
1c31d4fc275a4e9f0b7662955be456b9,2022-11-16 13:38:33.023,18529088791
d3db17dda4a0c72c8683cb771ccf4723,2022-11-16 20:32:54.827,18725479090
a31fb421521ab7f3d6cf344068582865,2022-11-16 13:24:08.844,14318431803
d99f2dd0ec157960130baeee7fcff637,2022-11-16 21:02:20.760,18796908459
a0b8efdd2868d2dac655a09c9270c7b2,2022-11-16 16:20:43.745,18725479090
a7041361b9f2f8d7d191881136309023,2022-11-16 16:31:43.549,14318431803
706eb40eb63924132e9b02a2e127ca5e,2022-11-16 21:14:54.721,14318431803
1c592dd29b0c910fd0a09ecd6ead4ec7,2022-11-16 17:36:42.885,18529088791
a05a82b5b70c4f59bc307f275ea41244,2022-11-16 10:09:18.166,18340470460
706dbb10a9044693d0173140b20899b4,2022-11-16 14:13:44.606,18725479090
e76d60e67d1bdc65839e59d090732ef5,2022-11-16 17:23:06.080,14318431803
7b23ddcbb0f59517271cc6fa77574aec,2022-11-16 04:21:57.255,18529088791
437f61332bedad5105f144a55e1c3cfe,2022-11-16 06:56:18.361,14318431803
3f44500bc30b08bd53a33cd700ba49b4,2022-11-16 03:28:54.984,14318431803
255d0b2e2cadca481f852ded93c12a48,2022-11-16 05:31:11.242,18725479090
6a99cd9253f9cd9238c016d661ac7267,2022-11-16 16:43:47.205,18529088791
dffe416299081a1e0c9dd3eb36062032,2022-11-16 14:19:42.134,14318431803
a3dc6d57ca4b1f3de55d570947fa6068,2022-11-16 08:27:50.385,18529088791
fa6c0786d8ab13f4dffb47dccb5f4198,2022-11-16 11:22:38.798,18725479090
6ff04e99f042034fb32eea2cf21fdf7b,2022-11-16 12:13:29.307,14318431803
